ISO-10303-21;
HEADER;
/* Generated by software containing ST-Developer
 * from STEP Tools, Inc. (www.steptools.com) 
 */

FILE_DESCRIPTION(
/* description */ (''),
/* implementation_level */ '2;1');

FILE_NAME(
/* name */ 'turretarm.step',
/* time_stamp */ '2026-09-26T12:01:56-07:00',
/* author */ (''),
/* organization */ (''),
/* preprocessor_version */ 'ST-DEVELOPER v20.2',
/* originating_system */ 'Autodesk Translation Framework v15.15.0.0',
/* authorisation */ '');

FILE_SCHEMA (('AUTOMOTIVE_DESIGN { 1 0 10303 214 3 1 1 }'));
ENDSEC;

DATA;
#10=MECHANICAL_DESIGN_GEOMETRIC_PRESENTATION_REPRESENTATION('',(#43,#44,
#45,#46,#47),#17148);
#11=SHAPE_REPRESENTATION_RELATIONSHIP('SRR','None',#17155,#12);
#12=ADVANCED_BREP_SHAPE_REPRESENTATION('',(#13,#14,#15),#17147);
#13=MANIFOLD_SOLID_BREP('Body6',#16);
#14=MANIFOLD_SOLID_BREP('Body7',#17);
#15=MANIFOLD_SOLID_BREP('Body8',#18);
#16=CLOSED_SHELL('',(#10610,#10611,#10612,#10613,#10614,#10615,#10616,#10617,
#10618,#10619,#10620,#10621,#10622,#10623,#10624,#10625,#10626,#10627,#10628,
#10629,#10630,#10631,#10632,#10633,#10634,#10635,#10636,#10637,#10638,#10639,
#10640,#10641,#10642,#10643,#10644,#10645,#10646,#10647,#10648,#10649,#10650,
#10651,#10652,#10653,#10654));
#17=CLOSED_SHELL('',(#10655,#10656,#10657,#10658,#10659,#10660,#10661,#10662,
#10663,#10664,#10665,#10666,#10667,#10668,#10669,#10670,#10671,#10672,#10673));
#18=CLOSED_SHELL('',(#10674,#10675,#10676,#10677,#10678,#10679,#10680,#10681,
#10682,#10683,#10684,#10685,#10686,#10687,#10688,#10689,#10690,#10691,#10692,
#10693,#10694,#10695,#10696,#10697,#10698,#10699,#10700,#10701,#10702,#10703,
#10704,#10705,#10706,#10707,#10708,#10709,#10710,#10711,#10712,#10713,#10714,
#10715,#10716,#10717,#10718,#10719,#10720,#10721,#10722,#10723,#10724,#10725,
#10726,#10727,#10728));
#19=CYLINDRICAL_SURFACE('',#11024,3.75);
#20=CYLINDRICAL_SURFACE('',#11026,3.75);
#21=CYLINDRICAL_SURFACE('',#11353,3.75);
#22=CYLINDRICAL_SURFACE('',#11356,3.75);
#23=CYLINDRICAL_SURFACE('',#11359,3.75);
#24=CYLINDRICAL_SURFACE('',#11362,3.75);
#25=CYLINDRICAL_SURFACE('',#11365,1.);
#26=CYLINDRICAL_SURFACE('',#11376,0.999999999999996);
#27=CIRCLE('',#11021,3.75);
#28=CIRCLE('',#11023,3.75);
#29=CIRCLE('',#11025,3.75);
#30=CIRCLE('',#11027,3.75);
#31=CIRCLE('',#11348,3.75);
#32=CIRCLE('',#11349,3.75);
#33=CIRCLE('',#11350,3.75);
#34=CIRCLE('',#11351,3.75);
#35=CIRCLE('',#11352,1.);
#36=CIRCLE('',#11354,3.75);
#37=CIRCLE('',#11357,3.75);
#38=CIRCLE('',#11360,3.75);
#39=CIRCLE('',#11363,3.75);
#40=CIRCLE('',#11366,1.);
#41=CIRCLE('',#11377,0.999999999999996);
#42=CIRCLE('',#11378,0.999999999999996);
#43=STYLED_ITEM('',(#17164),#10731);
#44=STYLED_ITEM('',(#17164),#10732);
#45=STYLED_ITEM('',(#17164),#13);
#46=STYLED_ITEM('',(#17164),#14);
#47=STYLED_ITEM('',(#17164),#15);
#48=FACE_BOUND('',#732,.T.);
#49=FACE_BOUND('',#814,.T.);
#50=FACE_BOUND('',#1031,.T.);
#51=FACE_BOUND('',#1094,.T.);
#52=FACE_BOUND('',#1329,.T.);
#53=FACE_BOUND('',#1348,.T.);
#54=FACE_BOUND('',#1403,.T.);
#55=FACE_BOUND('',#1405,.T.);
#56=FACE_OUTER_BOUND('',#727,.T.);
#57=FACE_OUTER_BOUND('',#728,.T.);
#58=FACE_OUTER_BOUND('',#729,.T.);
#59=FACE_OUTER_BOUND('',#730,.T.);
#60=FACE_OUTER_BOUND('',#731,.T.);
#61=FACE_OUTER_BOUND('',#733,.T.);
#62=FACE_OUTER_BOUND('',#734,.T.);
#63=FACE_OUTER_BOUND('',#735,.T.);
#64=FACE_OUTER_BOUND('',#736,.T.);
#65=FACE_OUTER_BOUND('',#737,.T.);
#66=FACE_OUTER_BOUND('',#738,.T.);
#67=FACE_OUTER_BOUND('',#739,.T.);
#68=FACE_OUTER_BOUND('',#740,.T.);
#69=FACE_OUTER_BOUND('',#741,.T.);
#70=FACE_OUTER_BOUND('',#742,.T.);
#71=FACE_OUTER_BOUND('',#743,.T.);
#72=FACE_OUTER_BOUND('',#744,.T.);
#73=FACE_OUTER_BOUND('',#745,.T.);
#74=FACE_OUTER_BOUND('',#746,.T.);
#75=FACE_OUTER_BOUND('',#747,.T.);
#76=FACE_OUTER_BOUND('',#748,.T.);
#77=FACE_OUTER_BOUND('',#749,.T.);
#78=FACE_OUTER_BOUND('',#750,.T.);
#79=FACE_OUTER_BOUND('',#751,.T.);
#80=FACE_OUTER_BOUND('',#752,.T.);
#81=FACE_OUTER_BOUND('',#753,.T.);
#82=FACE_OUTER_BOUND('',#754,.T.);
#83=FACE_OUTER_BOUND('',#755,.T.);
#84=FACE_OUTER_BOUND('',#756,.T.);
#85=FACE_OUTER_BOUND('',#757,.T.);
#86=FACE_OUTER_BOUND('',#758,.T.);
#87=FACE_OUTER_BOUND('',#759,.T.);
#88=FACE_OUTER_BOUND('',#760,.T.);
#89=FACE_OUTER_BOUND('',#761,.T.);
#90=FACE_OUTER_BOUND('',#762,.T.);
#91=FACE_OUTER_BOUND('',#763,.T.);
#92=FACE_OUTER_BOUND('',#764,.T.);
#93=FACE_OUTER_BOUND('',#765,.T.);
#94=FACE_OUTER_BOUND('',#766,.T.);
#95=FACE_OUTER_BOUND('',#767,.T.);
#96=FACE_OUTER_BOUND('',#768,.T.);
#97=FACE_OUTER_BOUND('',#769,.T.);
#98=FACE_OUTER_BOUND('',#770,.T.);
#99=FACE_OUTER_BOUND('',#771,.T.);
#100=FACE_OUTER_BOUND('',#772,.T.);
#101=FACE_OUTER_BOUND('',#773,.T.);
#102=FACE_OUTER_BOUND('',#774,.T.);
#103=FACE_OUTER_BOUND('',#775,.T.);
#104=FACE_OUTER_BOUND('',#776,.T.);
#105=FACE_OUTER_BOUND('',#777,.T.);
#106=FACE_OUTER_BOUND('',#778,.T.);
#107=FACE_OUTER_BOUND('',#779,.T.);
#108=FACE_OUTER_BOUND('',#780,.T.);
#109=FACE_OUTER_BOUND('',#781,.T.);
#110=FACE_OUTER_BOUND('',#782,.T.);
#111=FACE_OUTER_BOUND('',#783,.T.);
#112=FACE_OUTER_BOUND('',#784,.T.);
#113=FACE_OUTER_BOUND('',#785,.T.);
#114=FACE_OUTER_BOUND('',#786,.T.);
#115=FACE_OUTER_BOUND('',#787,.T.);
#116=FACE_OUTER_BOUND('',#788,.T.);
#117=FACE_OUTER_BOUND('',#789,.T.);
#118=FACE_OUTER_BOUND('',#790,.T.);
#119=FACE_OUTER_BOUND('',#791,.T.);
#120=FACE_OUTER_BOUND('',#792,.T.);
#121=FACE_OUTER_BOUND('',#793,.T.);
#122=FACE_OUTER_BOUND('',#794,.T.);
#123=FACE_OUTER_BOUND('',#795,.T.);
#124=FACE_OUTER_BOUND('',#796,.T.);
#125=FACE_OUTER_BOUND('',#797,.T.);
#126=FACE_OUTER_BOUND('',#798,.T.);
#127=FACE_OUTER_BOUND('',#799,.T.);
#128=FACE_OUTER_BOUND('',#800,.T.);
#129=FACE_OUTER_BOUND('',#801,.T.);
#130=FACE_OUTER_BOUND('',#802,.T.);
#131=FACE_OUTER_BOUND('',#803,.T.);
#132=FACE_OUTER_BOUND('',#804,.T.);
#133=FACE_OUTER_BOUND('',#805,.T.);
#134=FACE_OUTER_BOUND('',#806,.T.);
#135=FACE_OUTER_BOUND('',#807,.T.);
#136=FACE_OUTER_BOUND('',#808,.T.);
#137=FACE_OUTER_BOUND('',#809,.T.);
#138=FACE_OUTER_BOUND('',#810,.T.);
#139=FACE_OUTER_BOUND('',#811,.T.);
#140=FACE_OUTER_BOUND('',#812,.T.);
#141=FACE_OUTER_BOUND('',#813,.T.);
#142=FACE_OUTER_BOUND('',#815,.T.);
#143=FACE_OUTER_BOUND('',#816,.T.);
#144=FACE_OUTER_BOUND('',#817,.T.);
#145=FACE_OUTER_BOUND('',#818,.T.);
#146=FACE_OUTER_BOUND('',#819,.T.);
#147=FACE_OUTER_BOUND('',#820,.T.);
#148=FACE_OUTER_BOUND('',#821,.T.);
#149=FACE_OUTER_BOUND('',#822,.T.);
#150=FACE_OUTER_BOUND('',#823,.T.);
#151=FACE_OUTER_BOUND('',#824,.T.);
#152=FACE_OUTER_BOUND('',#825,.T.);
#153=FACE_OUTER_BOUND('',#826,.T.);
#154=FACE_OUTER_BOUND('',#827,.T.);
#155=FACE_OUTER_BOUND('',#828,.T.);
#156=FACE_OUTER_BOUND('',#829,.T.);
#157=FACE_OUTER_BOUND('',#830,.T.);
#158=FACE_OUTER_BOUND('',#831,.T.);
#159=FACE_OUTER_BOUND('',#832,.T.);
#160=FACE_OUTER_BOUND('',#833,.T.);
#161=FACE_OUTER_BOUND('',#834,.T.);
#162=FACE_OUTER_BOUND('',#835,.T.);
#163=FACE_OUTER_BOUND('',#836,.T.);
#164=FACE_OUTER_BOUND('',#837,.T.);
#165=FACE_OUTER_BOUND('',#838,.T.);
#166=FACE_OUTER_BOUND('',#839,.T.);
#167=FACE_OUTER_BOUND('',#840,.T.);
#168=FACE_OUTER_BOUND('',#841,.T.);
#169=FACE_OUTER_BOUND('',#842,.T.);
#170=FACE_OUTER_BOUND('',#843,.T.);
#171=FACE_OUTER_BOUND('',#844,.T.);
#172=FACE_OUTER_BOUND('',#845,.T.);
#173=FACE_OUTER_BOUND('',#846,.T.);
#174=FACE_OUTER_BOUND('',#847,.T.);
#175=FACE_OUTER_BOUND('',#848,.T.);
#176=FACE_OUTER_BOUND('',#849,.T.);
#177=FACE_OUTER_BOUND('',#850,.T.);
#178=FACE_OUTER_BOUND('',#851,.T.);
#179=FACE_OUTER_BOUND('',#852,.T.);
#180=FACE_OUTER_BOUND('',#853,.T.);
#181=FACE_OUTER_BOUND('',#854,.T.);
#182=FACE_OUTER_BOUND('',#855,.T.);
#183=FACE_OUTER_BOUND('',#856,.T.);
#184=FACE_OUTER_BOUND('',#857,.T.);
#185=FACE_OUTER_BOUND('',#858,.T.);
#186=FACE_OUTER_BOUND('',#859,.T.);
#187=FACE_OUTER_BOUND('',#860,.T.);
#188=FACE_OUTER_BOUND('',#861,.T.);
#189=FACE_OUTER_BOUND('',#862,.T.);
#190=FACE_OUTER_BOUND('',#863,.T.);
#191=FACE_OUTER_BOUND('',#864,.T.);
#192=FACE_OUTER_BOUND('',#865,.T.);
#193=FACE_OUTER_BOUND('',#866,.T.);
#194=FACE_OUTER_BOUND('',#867,.T.);
#195=FACE_OUTER_BOUND('',#868,.T.);
#196=FACE_OUTER_BOUND('',#869,.T.);
#197=FACE_OUTER_BOUND('',#870,.T.);
#198=FACE_OUTER_BOUND('',#871,.T.);
#199=FACE_OUTER_BOUND('',#872,.T.);
#200=FACE_OUTER_BOUND('',#873,.T.);
#201=FACE_OUTER_BOUND('',#874,.T.);
#202=FACE_OUTER_BOUND('',#875,.T.);
#203=FACE_OUTER_BOUND('',#876,.T.);
#204=FACE_OUTER_BOUND('',#877,.T.);
#205=FACE_OUTER_BOUND('',#878,.T.);
#206=FACE_OUTER_BOUND('',#879,.T.);
#207=FACE_OUTER_BOUND('',#880,.T.);
#208=FACE_OUTER_BOUND('',#881,.T.);
#209=FACE_OUTER_BOUND('',#882,.T.);
#210=FACE_OUTER_BOUND('',#883,.T.);
#211=FACE_OUTER_BOUND('',#884,.T.);
#212=FACE_OUTER_BOUND('',#885,.T.);
#213=FACE_OUTER_BOUND('',#886,.T.);
#214=FACE_OUTER_BOUND('',#887,.T.);
#215=FACE_OUTER_BOUND('',#888,.T.);
#216=FACE_OUTER_BOUND('',#889,.T.);
#217=FACE_OUTER_BOUND('',#890,.T.);
#218=FACE_OUTER_BOUND('',#891,.T.);
#219=FACE_OUTER_BOUND('',#892,.T.);
#220=FACE_OUTER_BOUND('',#893,.T.);
#221=FACE_OUTER_BOUND('',#894,.T.);
#222=FACE_OUTER_BOUND('',#895,.T.);
#223=FACE_OUTER_BOUND('',#896,.T.);
#224=FACE_OUTER_BOUND('',#897,.T.);
#225=FACE_OUTER_BOUND('',#898,.T.);
#226=FACE_OUTER_BOUND('',#899,.T.);
#227=FACE_OUTER_BOUND('',#900,.T.);
#228=FACE_OUTER_BOUND('',#901,.T.);
#229=FACE_OUTER_BOUND('',#902,.T.);
#230=FACE_OUTER_BOUND('',#903,.T.);
#231=FACE_OUTER_BOUND('',#904,.T.);
#232=FACE_OUTER_BOUND('',#905,.T.);
#233=FACE_OUTER_BOUND('',#906,.T.);
#234=FACE_OUTER_BOUND('',#907,.T.);
#235=FACE_OUTER_BOUND('',#908,.T.);
#236=FACE_OUTER_BOUND('',#909,.T.);
#237=FACE_OUTER_BOUND('',#910,.T.);
#238=FACE_OUTER_BOUND('',#911,.T.);
#239=FACE_OUTER_BOUND('',#912,.T.);
#240=FACE_OUTER_BOUND('',#913,.T.);
#241=FACE_OUTER_BOUND('',#914,.T.);
#242=FACE_OUTER_BOUND('',#915,.T.);
#243=FACE_OUTER_BOUND('',#916,.T.);
#244=FACE_OUTER_BOUND('',#917,.T.);
#245=FACE_OUTER_BOUND('',#918,.T.);
#246=FACE_OUTER_BOUND('',#919,.T.);
#247=FACE_OUTER_BOUND('',#920,.T.);
#248=FACE_OUTER_BOUND('',#921,.T.);
#249=FACE_OUTER_BOUND('',#922,.T.);
#250=FACE_OUTER_BOUND('',#923,.T.);
#251=FACE_OUTER_BOUND('',#924,.T.);
#252=FACE_OUTER_BOUND('',#925,.T.);
#253=FACE_OUTER_BOUND('',#926,.T.);
#254=FACE_OUTER_BOUND('',#927,.T.);
#255=FACE_OUTER_BOUND('',#928,.T.);
#256=FACE_OUTER_BOUND('',#929,.T.);
#257=FACE_OUTER_BOUND('',#930,.T.);
#258=FACE_OUTER_BOUND('',#931,.T.);
#259=FACE_OUTER_BOUND('',#932,.T.);
#260=FACE_OUTER_BOUND('',#933,.T.);
#261=FACE_OUTER_BOUND('',#934,.T.);
#262=FACE_OUTER_BOUND('',#935,.T.);
#263=FACE_OUTER_BOUND('',#936,.T.);
#264=FACE_OUTER_BOUND('',#937,.T.);
#265=FACE_OUTER_BOUND('',#938,.T.);
#266=FACE_OUTER_BOUND('',#939,.T.);
#267=FACE_OUTER_BOUND('',#940,.T.);
#268=FACE_OUTER_BOUND('',#941,.T.);
#269=FACE_OUTER_BOUND('',#942,.T.);
#270=FACE_OUTER_BOUND('',#943,.T.);
#271=FACE_OUTER_BOUND('',#944,.T.);
#272=FACE_OUTER_BOUND('',#945,.T.);
#273=FACE_OUTER_BOUND('',#946,.T.);
#274=FACE_OUTER_BOUND('',#947,.T.);
#275=FACE_OUTER_BOUND('',#948,.T.);
#276=FACE_OUTER_BOUND('',#949,.T.);
#277=FACE_OUTER_BOUND('',#950,.T.);
#278=FACE_OUTER_BOUND('',#951,.T.);
#279=FACE_OUTER_BOUND('',#952,.T.);
#280=FACE_OUTER_BOUND('',#953,.T.);
#281=FACE_OUTER_BOUND('',#954,.T.);
#282=FACE_OUTER_BOUND('',#955,.T.);
#283=FACE_OUTER_BOUND('',#956,.T.);
#284=FACE_OUTER_BOUND('',#957,.T.);
#285=FACE_OUTER_BOUND('',#958,.T.);
#286=FACE_OUTER_BOUND('',#959,.T.);
#287=FACE_OUTER_BOUND('',#960,.T.);
#288=FACE_OUTER_BOUND('',#961,.T.);
#289=FACE_OUTER_BOUND('',#962,.T.);
#290=FACE_OUTER_BOUND('',#963,.T.);
#291=FACE_OUTER_BOUND('',#964,.T.);
#292=FACE_OUTER_BOUND('',#965,.T.);
#293=FACE_OUTER_BOUND('',#966,.T.);
#294=FACE_OUTER_BOUND('',#967,.T.);
#295=FACE_OUTER_BOUND('',#968,.T.);
#296=FACE_OUTER_BOUND('',#969,.T.);
#297=FACE_OUTER_BOUND('',#970,.T.);
#298=FACE_OUTER_BOUND('',#971,.T.);
#299=FACE_OUTER_BOUND('',#972,.T.);
#300=FACE_OUTER_BOUND('',#973,.T.);
#301=FACE_OUTER_BOUND('',#974,.T.);
#302=FACE_OUTER_BOUND('',#975,.T.);
#303=FACE_OUTER_BOUND('',#976,.T.);
#304=FACE_OUTER_BOUND('',#977,.T.);
#305=FACE_OUTER_BOUND('',#978,.T.);
#306=FACE_OUTER_BOUND('',#979,.T.);
#307=FACE_OUTER_BOUND('',#980,.T.);
#308=FACE_OUTER_BOUND('',#981,.T.);
#309=FACE_OUTER_BOUND('',#982,.T.);
#310=FACE_OUTER_BOUND('',#983,.T.);
#311=FACE_OUTER_BOUND('',#984,.T.);
#312=FACE_OUTER_BOUND('',#985,.T.);
#313=FACE_OUTER_BOUND('',#986,.T.);
#314=FACE_OUTER_BOUND('',#987,.T.);
#315=FACE_OUTER_BOUND('',#988,.T.);
#316=FACE_OUTER_BOUND('',#989,.T.);
#317=FACE_OUTER_BOUND('',#990,.T.);
#318=FACE_OUTER_BOUND('',#991,.T.);
#319=FACE_OUTER_BOUND('',#992,.T.);
#320=FACE_OUTER_BOUND('',#993,.T.);
#321=FACE_OUTER_BOUND('',#994,.T.);
#322=FACE_OUTER_BOUND('',#995,.T.);
#323=FACE_OUTER_BOUND('',#996,.T.);
#324=FACE_OUTER_BOUND('',#997,.T.);
#325=FACE_OUTER_BOUND('',#998,.T.);
#326=FACE_OUTER_BOUND('',#999,.T.);
#327=FACE_OUTER_BOUND('',#1000,.T.);
#328=FACE_OUTER_BOUND('',#1001,.T.);
#329=FACE_OUTER_BOUND('',#1002,.T.);
#330=FACE_OUTER_BOUND('',#1003,.T.);
#331=FACE_OUTER_BOUND('',#1004,.T.);
#332=FACE_OUTER_BOUND('',#1005,.T.);
#333=FACE_OUTER_BOUND('',#1006,.T.);
#334=FACE_OUTER_BOUND('',#1007,.T.);
#335=FACE_OUTER_BOUND('',#1008,.T.);
#336=FACE_OUTER_BOUND('',#1009,.T.);
#337=FACE_OUTER_BOUND('',#1010,.T.);
#338=FACE_OUTER_BOUND('',#1011,.T.);
#339=FACE_OUTER_BOUND('',#1012,.T.);
#340=FACE_OUTER_BOUND('',#1013,.T.);
#341=FACE_OUTER_BOUND('',#1014,.T.);
#342=FACE_OUTER_BOUND('',#1015,.T.);
#343=FACE_OUTER_BOUND('',#1016,.T.);
#344=FACE_OUTER_BOUND('',#1017,.T.);
#345=FACE_OUTER_BOUND('',#1018,.T.);
#346=FACE_OUTER_BOUND('',#1019,.T.);
#347=FACE_OUTER_BOUND('',#1020,.T.);
#348=FACE_OUTER_BOUND('',#1021,.T.);
#349=FACE_OUTER_BOUND('',#1022,.T.);
#350=FACE_OUTER_BOUND('',#1023,.T.);
#351=FACE_OUTER_BOUND('',#1024,.T.);
#352=FACE_OUTER_BOUND('',#1025,.T.);
#353=FACE_OUTER_BOUND('',#1026,.T.);
#354=FACE_OUTER_BOUND('',#1027,.T.);
#355=FACE_OUTER_BOUND('',#1028,.T.);
#356=FACE_OUTER_BOUND('',#1029,.T.);
#357=FACE_OUTER_BOUND('',#1030,.T.);
#358=FACE_OUTER_BOUND('',#1032,.T.);
#359=FACE_OUTER_BOUND('',#1033,.T.);
#360=FACE_OUTER_BOUND('',#1034,.T.);
#361=FACE_OUTER_BOUND('',#1035,.T.);
#362=FACE_OUTER_BOUND('',#1036,.T.);
#363=FACE_OUTER_BOUND('',#1037,.T.);
#364=FACE_OUTER_BOUND('',#1038,.T.);
#365=FACE_OUTER_BOUND('',#1039,.T.);
#366=FACE_OUTER_BOUND('',#1040,.T.);
#367=FACE_OUTER_BOUND('',#1041,.T.);
#368=FACE_OUTER_BOUND('',#1042,.T.);
#369=FACE_OUTER_BOUND('',#1043,.T.);
#370=FACE_OUTER_BOUND('',#1044,.T.);
#371=FACE_OUTER_BOUND('',#1045,.T.);
#372=FACE_OUTER_BOUND('',#1046,.T.);
#373=FACE_OUTER_BOUND('',#1047,.T.);
#374=FACE_OUTER_BOUND('',#1048,.T.);
#375=FACE_OUTER_BOUND('',#1049,.T.);
#376=FACE_OUTER_BOUND('',#1050,.T.);
#377=FACE_OUTER_BOUND('',#1051,.T.);
#378=FACE_OUTER_BOUND('',#1052,.T.);
#379=FACE_OUTER_BOUND('',#1053,.T.);
#380=FACE_OUTER_BOUND('',#1054,.T.);
#381=FACE_OUTER_BOUND('',#1055,.T.);
#382=FACE_OUTER_BOUND('',#1056,.T.);
#383=FACE_OUTER_BOUND('',#1057,.T.);
#384=FACE_OUTER_BOUND('',#1058,.T.);
#385=FACE_OUTER_BOUND('',#1059,.T.);
#386=FACE_OUTER_BOUND('',#1060,.T.);
#387=FACE_OUTER_BOUND('',#1061,.T.);
#388=FACE_OUTER_BOUND('',#1062,.T.);
#389=FACE_OUTER_BOUND('',#1063,.T.);
#390=FACE_OUTER_BOUND('',#1064,.T.);
#391=FACE_OUTER_BOUND('',#1065,.T.);
#392=FACE_OUTER_BOUND('',#1066,.T.);
#393=FACE_OUTER_BOUND('',#1067,.T.);
#394=FACE_OUTER_BOUND('',#1068,.T.);
#395=FACE_OUTER_BOUND('',#1069,.T.);
#396=FACE_OUTER_BOUND('',#1070,.T.);
#397=FACE_OUTER_BOUND('',#1071,.T.);
#398=FACE_OUTER_BOUND('',#1072,.T.);
#399=FACE_OUTER_BOUND('',#1073,.T.);
#400=FACE_OUTER_BOUND('',#1074,.T.);
#401=FACE_OUTER_BOUND('',#1075,.T.);
#402=FACE_OUTER_BOUND('',#1076,.T.);
#403=FACE_OUTER_BOUND('',#1077,.T.);
#404=FACE_OUTER_BOUND('',#1078,.T.);
#405=FACE_OUTER_BOUND('',#1079,.T.);
#406=FACE_OUTER_BOUND('',#1080,.T.);
#407=FACE_OUTER_BOUND('',#1081,.T.);
#408=FACE_OUTER_BOUND('',#1082,.T.);
#409=FACE_OUTER_BOUND('',#1083,.T.);
#410=FACE_OUTER_BOUND('',#1084,.T.);
#411=FACE_OUTER_BOUND('',#1085,.T.);
#412=FACE_OUTER_BOUND('',#1086,.T.);
#413=FACE_OUTER_BOUND('',#1087,.T.);
#414=FACE_OUTER_BOUND('',#1088,.T.);
#415=FACE_OUTER_BOUND('',#1089,.T.);
#416=FACE_OUTER_BOUND('',#1090,.T.);
#417=FACE_OUTER_BOUND('',#1091,.T.);
#418=FACE_OUTER_BOUND('',#1092,.T.);
#419=FACE_OUTER_BOUND('',#1093,.T.);
#420=FACE_OUTER_BOUND('',#1095,.T.);
#421=FACE_OUTER_BOUND('',#1096,.T.);
#422=FACE_OUTER_BOUND('',#1097,.T.);
#423=FACE_OUTER_BOUND('',#1098,.T.);
#424=FACE_OUTER_BOUND('',#1099,.T.);
#425=FACE_OUTER_BOUND('',#1100,.T.);
#426=FACE_OUTER_BOUND('',#1101,.T.);
#427=FACE_OUTER_BOUND('',#1102,.T.);
#428=FACE_OUTER_BOUND('',#1103,.T.);
#429=FACE_OUTER_BOUND('',#1104,.T.);
#430=FACE_OUTER_BOUND('',#1105,.T.);
#431=FACE_OUTER_BOUND('',#1106,.T.);
#432=FACE_OUTER_BOUND('',#1107,.T.);
#433=FACE_OUTER_BOUND('',#1108,.T.);
#434=FACE_OUTER_BOUND('',#1109,.T.);
#435=FACE_OUTER_BOUND('',#1110,.T.);
#436=FACE_OUTER_BOUND('',#1111,.T.);
#437=FACE_OUTER_BOUND('',#1112,.T.);
#438=FACE_OUTER_BOUND('',#1113,.T.);
#439=FACE_OUTER_BOUND('',#1114,.T.);
#440=FACE_OUTER_BOUND('',#1115,.T.);
#441=FACE_OUTER_BOUND('',#1116,.T.);
#442=FACE_OUTER_BOUND('',#1117,.T.);
#443=FACE_OUTER_BOUND('',#1118,.T.);
#444=FACE_OUTER_BOUND('',#1119,.T.);
#445=FACE_OUTER_BOUND('',#1120,.T.);
#446=FACE_OUTER_BOUND('',#1121,.T.);
#447=FACE_OUTER_BOUND('',#1122,.T.);
#448=FACE_OUTER_BOUND('',#1123,.T.);
#449=FACE_OUTER_BOUND('',#1124,.T.);
#450=FACE_OUTER_BOUND('',#1125,.T.);
#451=FACE_OUTER_BOUND('',#1126,.T.);
#452=FACE_OUTER_BOUND('',#1127,.T.);
#453=FACE_OUTER_BOUND('',#1128,.T.);
#454=FACE_OUTER_BOUND('',#1129,.T.);
#455=FACE_OUTER_BOUND('',#1130,.T.);
#456=FACE_OUTER_BOUND('',#1131,.T.);
#457=FACE_OUTER_BOUND('',#1132,.T.);
#458=FACE_OUTER_BOUND('',#1133,.T.);
#459=FACE_OUTER_BOUND('',#1134,.T.);
#460=FACE_OUTER_BOUND('',#1135,.T.);
#461=FACE_OUTER_BOUND('',#1136,.T.);
#462=FACE_OUTER_BOUND('',#1137,.T.);
#463=FACE_OUTER_BOUND('',#1138,.T.);
#464=FACE_OUTER_BOUND('',#1139,.T.);
#465=FACE_OUTER_BOUND('',#1140,.T.);
#466=FACE_OUTER_BOUND('',#1141,.T.);
#467=FACE_OUTER_BOUND('',#1142,.T.);
#468=FACE_OUTER_BOUND('',#1143,.T.);
#469=FACE_OUTER_BOUND('',#1144,.T.);
#470=FACE_OUTER_BOUND('',#1145,.T.);
#471=FACE_OUTER_BOUND('',#1146,.T.);
#472=FACE_OUTER_BOUND('',#1147,.T.);
#473=FACE_OUTER_BOUND('',#1148,.T.);
#474=FACE_OUTER_BOUND('',#1149,.T.);
#475=FACE_OUTER_BOUND('',#1150,.T.);
#476=FACE_OUTER_BOUND('',#1151,.T.);
#477=FACE_OUTER_BOUND('',#1152,.T.);
#478=FACE_OUTER_BOUND('',#1153,.T.);
#479=FACE_OUTER_BOUND('',#1154,.T.);
#480=FACE_OUTER_BOUND('',#1155,.T.);
#481=FACE_OUTER_BOUND('',#1156,.T.);
#482=FACE_OUTER_BOUND('',#1157,.T.);
#483=FACE_OUTER_BOUND('',#1158,.T.);
#484=FACE_OUTER_BOUND('',#1159,.T.);
#485=FACE_OUTER_BOUND('',#1160,.T.);
#486=FACE_OUTER_BOUND('',#1161,.T.);
#487=FACE_OUTER_BOUND('',#1162,.T.);
#488=FACE_OUTER_BOUND('',#1163,.T.);
#489=FACE_OUTER_BOUND('',#1164,.T.);
#490=FACE_OUTER_BOUND('',#1165,.T.);
#491=FACE_OUTER_BOUND('',#1166,.T.);
#492=FACE_OUTER_BOUND('',#1167,.T.);
#493=FACE_OUTER_BOUND('',#1168,.T.);
#494=FACE_OUTER_BOUND('',#1169,.T.);
#495=FACE_OUTER_BOUND('',#1170,.T.);
#496=FACE_OUTER_BOUND('',#1171,.T.);
#497=FACE_OUTER_BOUND('',#1172,.T.);
#498=FACE_OUTER_BOUND('',#1173,.T.);
#499=FACE_OUTER_BOUND('',#1174,.T.);
#500=FACE_OUTER_BOUND('',#1175,.T.);
#501=FACE_OUTER_BOUND('',#1176,.T.);
#502=FACE_OUTER_BOUND('',#1177,.T.);
#503=FACE_OUTER_BOUND('',#1178,.T.);
#504=FACE_OUTER_BOUND('',#1179,.T.);
#505=FACE_OUTER_BOUND('',#1180,.T.);
#506=FACE_OUTER_BOUND('',#1181,.T.);
#507=FACE_OUTER_BOUND('',#1182,.T.);
#508=FACE_OUTER_BOUND('',#1183,.T.);
#509=FACE_OUTER_BOUND('',#1184,.T.);
#510=FACE_OUTER_BOUND('',#1185,.T.);
#511=FACE_OUTER_BOUND('',#1186,.T.);
#512=FACE_OUTER_BOUND('',#1187,.T.);
#513=FACE_OUTER_BOUND('',#1188,.T.);
#514=FACE_OUTER_BOUND('',#1189,.T.);
#515=FACE_OUTER_BOUND('',#1190,.T.);
#516=FACE_OUTER_BOUND('',#1191,.T.);
#517=FACE_OUTER_BOUND('',#1192,.T.);
#518=FACE_OUTER_BOUND('',#1193,.T.);
#519=FACE_OUTER_BOUND('',#1194,.T.);
#520=FACE_OUTER_BOUND('',#1195,.T.);
#521=FACE_OUTER_BOUND('',#1196,.T.);
#522=FACE_OUTER_BOUND('',#1197,.T.);
#523=FACE_OUTER_BOUND('',#1198,.T.);
#524=FACE_OUTER_BOUND('',#1199,.T.);
#525=FACE_OUTER_BOUND('',#1200,.T.);
#526=FACE_OUTER_BOUND('',#1201,.T.);
#527=FACE_OUTER_BOUND('',#1202,.T.);
#528=FACE_OUTER_BOUND('',#1203,.T.);
#529=FACE_OUTER_BOUND('',#1204,.T.);
#530=FACE_OUTER_BOUND('',#1205,.T.);
#531=FACE_OUTER_BOUND('',#1206,.T.);
#532=FACE_OUTER_BOUND('',#1207,.T.);
#533=FACE_OUTER_BOUND('',#1208,.T.);
#534=FACE_OUTER_BOUND('',#1209,.T.);
#535=FACE_OUTER_BOUND('',#1210,.T.);
#536=FACE_OUTER_BOUND('',#1211,.T.);
#537=FACE_OUTER_BOUND('',#1212,.T.);
#538=FACE_OUTER_BOUND('',#1213,.T.);
#539=FACE_OUTER_BOUND('',#1214,.T.);
#540=FACE_OUTER_BOUND('',#1215,.T.);
#541=FACE_OUTER_BOUND('',#1216,.T.);
#542=FACE_OUTER_BOUND('',#1217,.T.);
#543=FACE_OUTER_BOUND('',#1218,.T.);
#544=FACE_OUTER_BOUND('',#1219,.T.);
#545=FACE_OUTER_BOUND('',#1220,.T.);
#546=FACE_OUTER_BOUND('',#1221,.T.);
#547=FACE_OUTER_BOUND('',#1222,.T.);
#548=FACE_OUTER_BOUND('',#1223,.T.);
#549=FACE_OUTER_BOUND('',#1224,.T.);
#550=FACE_OUTER_BOUND('',#1225,.T.);
#551=FACE_OUTER_BOUND('',#1226,.T.);
#552=FACE_OUTER_BOUND('',#1227,.T.);
#553=FACE_OUTER_BOUND('',#1228,.T.);
#554=FACE_OUTER_BOUND('',#1229,.T.);
#555=FACE_OUTER_BOUND('',#1230,.T.);
#556=FACE_OUTER_BOUND('',#1231,.T.);
#557=FACE_OUTER_BOUND('',#1232,.T.);
#558=FACE_OUTER_BOUND('',#1233,.T.);
#559=FACE_OUTER_BOUND('',#1234,.T.);
#560=FACE_OUTER_BOUND('',#1235,.T.);
#561=FACE_OUTER_BOUND('',#1236,.T.);
#562=FACE_OUTER_BOUND('',#1237,.T.);
#563=FACE_OUTER_BOUND('',#1238,.T.);
#564=FACE_OUTER_BOUND('',#1239,.T.);
#565=FACE_OUTER_BOUND('',#1240,.T.);
#566=FACE_OUTER_BOUND('',#1241,.T.);
#567=FACE_OUTER_BOUND('',#1242,.T.);
#568=FACE_OUTER_BOUND('',#1243,.T.);
#569=FACE_OUTER_BOUND('',#1244,.T.);
#570=FACE_OUTER_BOUND('',#1245,.T.);
#571=FACE_OUTER_BOUND('',#1246,.T.);
#572=FACE_OUTER_BOUND('',#1247,.T.);
#573=FACE_OUTER_BOUND('',#1248,.T.);
#574=FACE_OUTER_BOUND('',#1249,.T.);
#575=FACE_OUTER_BOUND('',#1250,.T.);
#576=FACE_OUTER_BOUND('',#1251,.T.);
#577=FACE_OUTER_BOUND('',#1252,.T.);
#578=FACE_OUTER_BOUND('',#1253,.T.);
#579=FACE_OUTER_BOUND('',#1254,.T.);
#580=FACE_OUTER_BOUND('',#1255,.T.);
#581=FACE_OUTER_BOUND('',#1256,.T.);
#582=FACE_OUTER_BOUND('',#1257,.T.);
#583=FACE_OUTER_BOUND('',#1258,.T.);
#584=FACE_OUTER_BOUND('',#1259,.T.);
#585=FACE_OUTER_BOUND('',#1260,.T.);
#586=FACE_OUTER_BOUND('',#1261,.T.);
#587=FACE_OUTER_BOUND('',#1262,.T.);
#588=FACE_OUTER_BOUND('',#1263,.T.);
#589=FACE_OUTER_BOUND('',#1264,.T.);
#590=FACE_OUTER_BOUND('',#1265,.T.);
#591=FACE_OUTER_BOUND('',#1266,.T.);
#592=FACE_OUTER_BOUND('',#1267,.T.);
#593=FACE_OUTER_BOUND('',#1268,.T.);
#594=FACE_OUTER_BOUND('',#1269,.T.);
#595=FACE_OUTER_BOUND('',#1270,.T.);
#596=FACE_OUTER_BOUND('',#1271,.T.);
#597=FACE_OUTER_BOUND('',#1272,.T.);
#598=FACE_OUTER_BOUND('',#1273,.T.);
#599=FACE_OUTER_BOUND('',#1274,.T.);
#600=FACE_OUTER_BOUND('',#1275,.T.);
#601=FACE_OUTER_BOUND('',#1276,.T.);
#602=FACE_OUTER_BOUND('',#1277,.T.);
#603=FACE_OUTER_BOUND('',#1278,.T.);
#604=FACE_OUTER_BOUND('',#1279,.T.);
#605=FACE_OUTER_BOUND('',#1280,.T.);
#606=FACE_OUTER_BOUND('',#1281,.T.);
#607=FACE_OUTER_BOUND('',#1282,.T.);
#608=FACE_OUTER_BOUND('',#1283,.T.);
#609=FACE_OUTER_BOUND('',#1284,.T.);
#610=FACE_OUTER_BOUND('',#1285,.T.);
#611=FACE_OUTER_BOUND('',#1286,.T.);
#612=FACE_OUTER_BOUND('',#1287,.T.);
#613=FACE_OUTER_BOUND('',#1288,.T.);
#614=FACE_OUTER_BOUND('',#1289,.T.);
#615=FACE_OUTER_BOUND('',#1290,.T.);
#616=FACE_OUTER_BOUND('',#1291,.T.);
#617=FACE_OUTER_BOUND('',#1292,.T.);
#618=FACE_OUTER_BOUND('',#1293,.T.);
#619=FACE_OUTER_BOUND('',#1294,.T.);
#620=FACE_OUTER_BOUND('',#1295,.T.);
#621=FACE_OUTER_BOUND('',#1296,.T.);
#622=FACE_OUTER_BOUND('',#1297,.T.);
#623=FACE_OUTER_BOUND('',#1298,.T.);
#624=FACE_OUTER_BOUND('',#1299,.T.);
#625=FACE_OUTER_BOUND('',#1300,.T.);
#626=FACE_OUTER_BOUND('',#1301,.T.);
#627=FACE_OUTER_BOUND('',#1302,.T.);
#628=FACE_OUTER_BOUND('',#1303,.T.);
#629=FACE_OUTER_BOUND('',#1304,.T.);
#630=FACE_OUTER_BOUND('',#1305,.T.);
#631=FACE_OUTER_BOUND('',#1306,.T.);
#632=FACE_OUTER_BOUND('',#1307,.T.);
#633=FACE_OUTER_BOUND('',#1308,.T.);
#634=FACE_OUTER_BOUND('',#1309,.T.);
#635=FACE_OUTER_BOUND('',#1310,.T.);
#636=FACE_OUTER_BOUND('',#1311,.T.);
#637=FACE_OUTER_BOUND('',#1312,.T.);
#638=FACE_OUTER_BOUND('',#1313,.T.);
#639=FACE_OUTER_BOUND('',#1314,.T.);
#640=FACE_OUTER_BOUND('',#1315,.T.);
#641=FACE_OUTER_BOUND('',#1316,.T.);
#642=FACE_OUTER_BOUND('',#1317,.T.);
#643=FACE_OUTER_BOUND('',#1318,.T.);
#644=FACE_OUTER_BOUND('',#1319,.T.);
#645=FACE_OUTER_BOUND('',#1320,.T.);
#646=FACE_OUTER_BOUND('',#1321,.T.);
#647=FACE_OUTER_BOUND('',#1322,.T.);
#648=FACE_OUTER_BOUND('',#1323,.T.);
#649=FACE_OUTER_BOUND('',#1324,.T.);
#650=FACE_OUTER_BOUND('',#1325,.T.);
#651=FACE_OUTER_BOUND('',#1326,.T.);
#652=FACE_OUTER_BOUND('',#1327,.T.);
#653=FACE_OUTER_BOUND('',#1328,.T.);
#654=FACE_OUTER_BOUND('',#1330,.T.);
#655=FACE_OUTER_BOUND('',#1331,.T.);
#656=FACE_OUTER_BOUND('',#1332,.T.);
#657=FACE_OUTER_BOUND('',#1333,.T.);
#658=FACE_OUTER_BOUND('',#1334,.T.);
#659=FACE_OUTER_BOUND('',#1335,.T.);
#660=FACE_OUTER_BOUND('',#1336,.T.);
#661=FACE_OUTER_BOUND('',#1337,.T.);
#662=FACE_OUTER_BOUND('',#1338,.T.);
#663=FACE_OUTER_BOUND('',#1339,.T.);
#664=FACE_OUTER_BOUND('',#1340,.T.);
#665=FACE_OUTER_BOUND('',#1341,.T.);
#666=FACE_OUTER_BOUND('',#1342,.T.);
#667=FACE_OUTER_BOUND('',#1343,.T.);
#668=FACE_OUTER_BOUND('',#1344,.T.);
#669=FACE_OUTER_BOUND('',#1345,.T.);
#670=FACE_OUTER_BOUND('',#1346,.T.);
#671=FACE_OUTER_BOUND('',#1347,.T.);
#672=FACE_OUTER_BOUND('',#1349,.T.);
#673=FACE_OUTER_BOUND('',#1350,.T.);
#674=FACE_OUTER_BOUND('',#1351,.T.);
#675=FACE_OUTER_BOUND('',#1352,.T.);
#676=FACE_OUTER_BOUND('',#1353,.T.);
#677=FACE_OUTER_BOUND('',#1354,.T.);
#678=FACE_OUTER_BOUND('',#1355,.T.);
#679=FACE_OUTER_BOUND('',#1356,.T.);
#680=FACE_OUTER_BOUND('',#1357,.T.);
#681=FACE_OUTER_BOUND('',#1358,.T.);
#682=FACE_OUTER_BOUND('',#1359,.T.);
#683=FACE_OUTER_BOUND('',#1360,.T.);
#684=FACE_OUTER_BOUND('',#1361,.T.);
#685=FACE_OUTER_BOUND('',#1362,.T.);
#686=FACE_OUTER_BOUND('',#1363,.T.);
#687=FACE_OUTER_BOUND('',#1364,.T.);
#688=FACE_OUTER_BOUND('',#1365,.T.);
#689=FACE_OUTER_BOUND('',#1366,.T.);
#690=FACE_OUTER_BOUND('',#1367,.T.);
#691=FACE_OUTER_BOUND('',#1368,.T.);
#692=FACE_OUTER_BOUND('',#1369,.T.);
#693=FACE_OUTER_BOUND('',#1370,.T.);
#694=FACE_OUTER_BOUND('',#1371,.T.);
#695=FACE_OUTER_BOUND('',#1372,.T.);
#696=FACE_OUTER_BOUND('',#1373,.T.);
#697=FACE_OUTER_BOUND('',#1374,.T.);
#698=FACE_OUTER_BOUND('',#1375,.T.);
#699=FACE_OUTER_BOUND('',#1376,.T.);
#700=FACE_OUTER_BOUND('',#1377,.T.);
#701=FACE_OUTER_BOUND('',#1378,.T.);
#702=FACE_OUTER_BOUND('',#1379,.T.);
#703=FACE_OUTER_BOUND('',#1380,.T.);
#704=FACE_OUTER_BOUND('',#1381,.T.);
#705=FACE_OUTER_BOUND('',#1382,.T.);
#706=FACE_OUTER_BOUND('',#1383,.T.);
#707=FACE_OUTER_BOUND('',#1384,.T.);
#708=FACE_OUTER_BOUND('',#1385,.T.);
#709=FACE_OUTER_BOUND('',#1386,.T.);
#710=FACE_OUTER_BOUND('',#1387,.T.);
#711=FACE_OUTER_BOUND('',#1388,.T.);
#712=FACE_OUTER_BOUND('',#1389,.T.);
#713=FACE_OUTER_BOUND('',#1390,.T.);
#714=FACE_OUTER_BOUND('',#1391,.T.);
#715=FACE_OUTER_BOUND('',#1392,.T.);
#716=FACE_OUTER_BOUND('',#1393,.T.);
#717=FACE_OUTER_BOUND('',#1394,.T.);
#718=FACE_OUTER_BOUND('',#1395,.T.);
#719=FACE_OUTER_BOUND('',#1396,.T.);
#720=FACE_OUTER_BOUND('',#1397,.T.);
#721=FACE_OUTER_BOUND('',#1398,.T.);
#722=FACE_OUTER_BOUND('',#1399,.T.);
#723=FACE_OUTER_BOUND('',#1400,.T.);
#724=FACE_OUTER_BOUND('',#1401,.T.);
#725=FACE_OUTER_BOUND('',#1402,.T.);
#726=FACE_OUTER_BOUND('',#1404,.T.);
#727=EDGE_LOOP('',(#6501,#6502,#6503));
#728=EDGE_LOOP('',(#6504,#6505,#6506,#6507));
#729=EDGE_LOOP('',(#6508,#6509,#6510,#6511));
#730=EDGE_LOOP('',(#6512,#6513,#6514,#6515));
#731=EDGE_LOOP('',(#6516,#6517,#6518,#6519,#6520,#6521,#6522,#6523,#6524,
#6525,#6526,#6527,#6528,#6529,#6530,#6531,#6532));
#732=EDGE_LOOP('',(#6533,#6534,#6535,#6536,#6537,#6538,#6539,#6540,#6541,
#6542,#6543,#6544,#6545,#6546,#6547,#6548,#6549,#6550,#6551,#6552,#6553,
#6554,#6555,#6556,#6557,#6558,#6559,#6560,#6561,#6562,#6563,#6564,#6565,
#6566,#6567,#6568));
#733=EDGE_LOOP('',(#6569,#6570,#6571,#6572));
#734=EDGE_LOOP('',(#6573,#6574,#6575,#6576));
#735=EDGE_LOOP('',(#6577,#6578,#6579,#6580));
#736=EDGE_LOOP('',(#6581,#6582,#6583,#6584));
#737=EDGE_LOOP('',(#6585,#6586,#6587,#6588));
#738=EDGE_LOOP('',(#6589,#6590,#6591,#6592));
#739=EDGE_LOOP('',(#6593,#6594,#6595,#6596,#6597,#6598,#6599,#6600,#6601,
#6602,#6603,#6604,#6605,#6606,#6607,#6608,#6609,#6610,#6611,#6612,#6613,
#6614,#6615,#6616,#6617,#6618,#6619,#6620,#6621,#6622,#6623,#6624,#6625,
#6626,#6627,#6628,#6629,#6630,#6631,#6632,#6633,#6634,#6635,#6636));
#740=EDGE_LOOP('',(#6637,#6638,#6639,#6640));
#741=EDGE_LOOP('',(#6641,#6642,#6643,#6644));
#742=EDGE_LOOP('',(#6645,#6646,#6647,#6648));
#743=EDGE_LOOP('',(#6649,#6650,#6651,#6652));
#744=EDGE_LOOP('',(#6653,#6654,#6655,#6656));
#745=EDGE_LOOP('',(#6657,#6658,#6659,#6660));
#746=EDGE_LOOP('',(#6661,#6662,#6663,#6664));
#747=EDGE_LOOP('',(#6665,#6666,#6667,#6668));
#748=EDGE_LOOP('',(#6669,#6670,#6671,#6672));
#749=EDGE_LOOP('',(#6673,#6674,#6675,#6676));
#750=EDGE_LOOP('',(#6677,#6678,#6679,#6680));
#751=EDGE_LOOP('',(#6681,#6682,#6683,#6684));
#752=EDGE_LOOP('',(#6685,#6686,#6687,#6688));
#753=EDGE_LOOP('',(#6689,#6690,#6691,#6692));
#754=EDGE_LOOP('',(#6693,#6694,#6695,#6696));
#755=EDGE_LOOP('',(#6697,#6698,#6699,#6700));
#756=EDGE_LOOP('',(#6701,#6702,#6703,#6704,#6705));
#757=EDGE_LOOP('',(#6706,#6707,#6708,#6709));
#758=EDGE_LOOP('',(#6710,#6711,#6712,#6713));
#759=EDGE_LOOP('',(#6714,#6715,#6716,#6717));
#760=EDGE_LOOP('',(#6718,#6719,#6720,#6721));
#761=EDGE_LOOP('',(#6722,#6723,#6724,#6725));
#762=EDGE_LOOP('',(#6726,#6727,#6728,#6729));
#763=EDGE_LOOP('',(#6730,#6731,#6732,#6733));
#764=EDGE_LOOP('',(#6734,#6735,#6736,#6737));
#765=EDGE_LOOP('',(#6738,#6739,#6740,#6741));
#766=EDGE_LOOP('',(#6742,#6743,#6744,#6745));
#767=EDGE_LOOP('',(#6746,#6747,#6748,#6749));
#768=EDGE_LOOP('',(#6750,#6751,#6752,#6753));
#769=EDGE_LOOP('',(#6754,#6755,#6756,#6757));
#770=EDGE_LOOP('',(#6758,#6759,#6760,#6761));
#771=EDGE_LOOP('',(#6762,#6763,#6764,#6765));
#772=EDGE_LOOP('',(#6766,#6767,#6768,#6769));
#773=EDGE_LOOP('',(#6770,#6771,#6772,#6773));
#774=EDGE_LOOP('',(#6774,#6775,#6776,#6777));
#775=EDGE_LOOP('',(#6778,#6779,#6780,#6781));
#776=EDGE_LOOP('',(#6782,#6783,#6784,#6785));
#777=EDGE_LOOP('',(#6786,#6787,#6788,#6789));
#778=EDGE_LOOP('',(#6790,#6791,#6792,#6793));
#779=EDGE_LOOP('',(#6794,#6795,#6796,#6797));
#780=EDGE_LOOP('',(#6798,#6799,#6800,#6801));
#781=EDGE_LOOP('',(#6802,#6803,#6804,#6805));
#782=EDGE_LOOP('',(#6806,#6807,#6808,#6809));
#783=EDGE_LOOP('',(#6810,#6811,#6812,#6813));
#784=EDGE_LOOP('',(#6814,#6815,#6816,#6817));
#785=EDGE_LOOP('',(#6818,#6819,#6820,#6821));
#786=EDGE_LOOP('',(#6822,#6823,#6824,#6825));
#787=EDGE_LOOP('',(#6826,#6827,#6828,#6829));
#788=EDGE_LOOP('',(#6830,#6831,#6832,#6833));
#789=EDGE_LOOP('',(#6834,#6835,#6836,#6837));
#790=EDGE_LOOP('',(#6838,#6839,#6840,#6841));
#791=EDGE_LOOP('',(#6842,#6843,#6844,#6845));
#792=EDGE_LOOP('',(#6846,#6847,#6848,#6849));
#793=EDGE_LOOP('',(#6850,#6851,#6852,#6853));
#794=EDGE_LOOP('',(#6854,#6855,#6856,#6857));
#795=EDGE_LOOP('',(#6858,#6859,#6860,#6861,#6862));
#796=EDGE_LOOP('',(#6863,#6864,#6865,#6866));
#797=EDGE_LOOP('',(#6867,#6868,#6869,#6870));
#798=EDGE_LOOP('',(#6871,#6872,#6873,#6874));
#799=EDGE_LOOP('',(#6875,#6876,#6877,#6878));
#800=EDGE_LOOP('',(#6879,#6880,#6881,#6882));
#801=EDGE_LOOP('',(#6883,#6884,#6885,#6886));
#802=EDGE_LOOP('',(#6887,#6888,#6889,#6890));
#803=EDGE_LOOP('',(#6891,#6892,#6893,#6894));
#804=EDGE_LOOP('',(#6895,#6896,#6897,#6898));
#805=EDGE_LOOP('',(#6899,#6900,#6901,#6902));
#806=EDGE_LOOP('',(#6903,#6904,#6905,#6906));
#807=EDGE_LOOP('',(#6907,#6908,#6909,#6910));
#808=EDGE_LOOP('',(#6911,#6912,#6913,#6914));
#809=EDGE_LOOP('',(#6915,#6916,#6917,#6918));
#810=EDGE_LOOP('',(#6919,#6920,#6921,#6922));
#811=EDGE_LOOP('',(#6923,#6924,#6925,#6926));
#812=EDGE_LOOP('',(#6927,#6928,#6929,#6930));
#813=EDGE_LOOP('',(#6931,#6932,#6933,#6934,#6935,#6936,#6937,#6938,#6939,
#6940,#6941,#6942,#6943,#6944,#6945,#6946,#6947,#6948,#6949,#6950));
#814=EDGE_LOOP('',(#6951,#6952,#6953,#6954,#6955,#6956,#6957,#6958,#6959,
#6960,#6961,#6962,#6963,#6964,#6965,#6966,#6967,#6968,#6969,#6970,#6971,
#6972,#6973,#6974,#6975,#6976,#6977,#6978,#6979,#6980,#6981,#6982,#6983,
#6984,#6985,#6986,#6987,#6988,#6989,#6990,#6991,#6992,#6993,#6994,#6995,
#6996,#6997,#6998,#6999,#7000,#7001,#7002));
#815=EDGE_LOOP('',(#7003,#7004,#7005));
#816=EDGE_LOOP('',(#7006,#7007,#7008));
#817=EDGE_LOOP('',(#7009,#7010,#7011));
#818=EDGE_LOOP('',(#7012,#7013,#7014));
#819=EDGE_LOOP('',(#7015,#7016,#7017));
#820=EDGE_LOOP('',(#7018,#7019,#7020));
#821=EDGE_LOOP('',(#7021,#7022,#7023));
#822=EDGE_LOOP('',(#7024,#7025,#7026));
#823=EDGE_LOOP('',(#7027,#7028,#7029));
#824=EDGE_LOOP('',(#7030,#7031,#7032));
#825=EDGE_LOOP('',(#7033,#7034,#7035));
#826=EDGE_LOOP('',(#7036,#7037,#7038));
#827=EDGE_LOOP('',(#7039,#7040,#7041));
#828=EDGE_LOOP('',(#7042,#7043,#7044));
#829=EDGE_LOOP('',(#7045,#7046,#7047));
#830=EDGE_LOOP('',(#7048,#7049,#7050));
#831=EDGE_LOOP('',(#7051,#7052,#7053));
#832=EDGE_LOOP('',(#7054,#7055,#7056));
#833=EDGE_LOOP('',(#7057,#7058,#7059));
#834=EDGE_LOOP('',(#7060,#7061,#7062));
#835=EDGE_LOOP('',(#7063,#7064,#7065));
#836=EDGE_LOOP('',(#7066,#7067,#7068));
#837=EDGE_LOOP('',(#7069,#7070,#7071));
#838=EDGE_LOOP('',(#7072,#7073,#7074));
#839=EDGE_LOOP('',(#7075,#7076,#7077));
#840=EDGE_LOOP('',(#7078,#7079,#7080));
#841=EDGE_LOOP('',(#7081,#7082,#7083));
#842=EDGE_LOOP('',(#7084,#7085,#7086));
#843=EDGE_LOOP('',(#7087,#7088,#7089));
#844=EDGE_LOOP('',(#7090,#7091,#7092));
#845=EDGE_LOOP('',(#7093,#7094,#7095));
#846=EDGE_LOOP('',(#7096,#7097,#7098));
#847=EDGE_LOOP('',(#7099,#7100,#7101));
#848=EDGE_LOOP('',(#7102,#7103,#7104));
#849=EDGE_LOOP('',(#7105,#7106,#7107));
#850=EDGE_LOOP('',(#7108,#7109,#7110));
#851=EDGE_LOOP('',(#7111,#7112,#7113));
#852=EDGE_LOOP('',(#7114,#7115,#7116));
#853=EDGE_LOOP('',(#7117,#7118,#7119));
#854=EDGE_LOOP('',(#7120,#7121,#7122));
#855=EDGE_LOOP('',(#7123,#7124,#7125));
#856=EDGE_LOOP('',(#7126,#7127,#7128));
#857=EDGE_LOOP('',(#7129,#7130,#7131));
#858=EDGE_LOOP('',(#7132,#7133,#7134));
#859=EDGE_LOOP('',(#7135,#7136,#7137));
#860=EDGE_LOOP('',(#7138,#7139,#7140));
#861=EDGE_LOOP('',(#7141,#7142,#7143));
#862=EDGE_LOOP('',(#7144,#7145,#7146));
#863=EDGE_LOOP('',(#7147,#7148,#7149));
#864=EDGE_LOOP('',(#7150,#7151,#7152));
#865=EDGE_LOOP('',(#7153,#7154,#7155));
#866=EDGE_LOOP('',(#7156,#7157,#7158));
#867=EDGE_LOOP('',(#7159,#7160,#7161));
#868=EDGE_LOOP('',(#7162,#7163,#7164));
#869=EDGE_LOOP('',(#7165,#7166,#7167));
#870=EDGE_LOOP('',(#7168,#7169,#7170));
#871=EDGE_LOOP('',(#7171,#7172,#7173));
#872=EDGE_LOOP('',(#7174,#7175,#7176));
#873=EDGE_LOOP('',(#7177,#7178,#7179));
#874=EDGE_LOOP('',(#7180,#7181,#7182));
#875=EDGE_LOOP('',(#7183,#7184,#7185));
#876=EDGE_LOOP('',(#7186,#7187,#7188));
#877=EDGE_LOOP('',(#7189,#7190,#7191));
#878=EDGE_LOOP('',(#7192,#7193,#7194));
#879=EDGE_LOOP('',(#7195,#7196,#7197));
#880=EDGE_LOOP('',(#7198,#7199,#7200));
#881=EDGE_LOOP('',(#7201,#7202,#7203));
#882=EDGE_LOOP('',(#7204,#7205,#7206));
#883=EDGE_LOOP('',(#7207,#7208,#7209));
#884=EDGE_LOOP('',(#7210,#7211,#7212));
#885=EDGE_LOOP('',(#7213,#7214,#7215,#7216));
#886=EDGE_LOOP('',(#7217,#7218,#7219,#7220));
#887=EDGE_LOOP('',(#7221,#7222,#7223,#7224));
#888=EDGE_LOOP('',(#7225,#7226,#7227,#7228));
#889=EDGE_LOOP('',(#7229,#7230,#7231,#7232));
#890=EDGE_LOOP('',(#7233,#7234,#7235,#7236));
#891=EDGE_LOOP('',(#7237,#7238,#7239,#7240));
#892=EDGE_LOOP('',(#7241,#7242,#7243,#7244));
#893=EDGE_LOOP('',(#7245,#7246,#7247));
#894=EDGE_LOOP('',(#7248,#7249,#7250));
#895=EDGE_LOOP('',(#7251,#7252,#7253));
#896=EDGE_LOOP('',(#7254,#7255,#7256));
#897=EDGE_LOOP('',(#7257,#7258,#7259));
#898=EDGE_LOOP('',(#7260,#7261,#7262));
#899=EDGE_LOOP('',(#7263,#7264,#7265));
#900=EDGE_LOOP('',(#7266,#7267,#7268));
#901=EDGE_LOOP('',(#7269,#7270,#7271));
#902=EDGE_LOOP('',(#7272,#7273,#7274));
#903=EDGE_LOOP('',(#7275,#7276,#7277,#7278));
#904=EDGE_LOOP('',(#7279,#7280,#7281,#7282));
#905=EDGE_LOOP('',(#7283,#7284,#7285,#7286));
#906=EDGE_LOOP('',(#7287,#7288,#7289,#7290));
#907=EDGE_LOOP('',(#7291,#7292,#7293,#7294));
#908=EDGE_LOOP('',(#7295,#7296,#7297,#7298));
#909=EDGE_LOOP('',(#7299,#7300,#7301,#7302));
#910=EDGE_LOOP('',(#7303,#7304,#7305,#7306));
#911=EDGE_LOOP('',(#7307,#7308,#7309,#7310));
#912=EDGE_LOOP('',(#7311,#7312,#7313,#7314));
#913=EDGE_LOOP('',(#7315,#7316,#7317,#7318));
#914=EDGE_LOOP('',(#7319,#7320,#7321));
#915=EDGE_LOOP('',(#7322,#7323,#7324));
#916=EDGE_LOOP('',(#7325,#7326,#7327));
#917=EDGE_LOOP('',(#7328,#7329,#7330));
#918=EDGE_LOOP('',(#7331,#7332,#7333));
#919=EDGE_LOOP('',(#7334,#7335,#7336));
#920=EDGE_LOOP('',(#7337,#7338,#7339));
#921=EDGE_LOOP('',(#7340,#7341,#7342));
#922=EDGE_LOOP('',(#7343,#7344,#7345));
#923=EDGE_LOOP('',(#7346,#7347,#7348));
#924=EDGE_LOOP('',(#7349,#7350,#7351));
#925=EDGE_LOOP('',(#7352,#7353,#7354));
#926=EDGE_LOOP('',(#7355,#7356,#7357));
#927=EDGE_LOOP('',(#7358,#7359,#7360));
#928=EDGE_LOOP('',(#7361,#7362,#7363));
#929=EDGE_LOOP('',(#7364,#7365,#7366));
#930=EDGE_LOOP('',(#7367,#7368,#7369));
#931=EDGE_LOOP('',(#7370,#7371,#7372));
#932=EDGE_LOOP('',(#7373,#7374,#7375));
#933=EDGE_LOOP('',(#7376,#7377,#7378));
#934=EDGE_LOOP('',(#7379,#7380,#7381));
#935=EDGE_LOOP('',(#7382,#7383,#7384));
#936=EDGE_LOOP('',(#7385,#7386,#7387));
#937=EDGE_LOOP('',(#7388,#7389,#7390));
#938=EDGE_LOOP('',(#7391,#7392,#7393));
#939=EDGE_LOOP('',(#7394,#7395,#7396));
#940=EDGE_LOOP('',(#7397,#7398,#7399));
#941=EDGE_LOOP('',(#7400,#7401,#7402));
#942=EDGE_LOOP('',(#7403,#7404,#7405));
#943=EDGE_LOOP('',(#7406,#7407,#7408));
#944=EDGE_LOOP('',(#7409,#7410,#7411));
#945=EDGE_LOOP('',(#7412,#7413,#7414));
#946=EDGE_LOOP('',(#7415,#7416,#7417));
#947=EDGE_LOOP('',(#7418,#7419,#7420));
#948=EDGE_LOOP('',(#7421,#7422,#7423));
#949=EDGE_LOOP('',(#7424,#7425,#7426));
#950=EDGE_LOOP('',(#7427,#7428,#7429));
#951=EDGE_LOOP('',(#7430,#7431,#7432));
#952=EDGE_LOOP('',(#7433,#7434,#7435));
#953=EDGE_LOOP('',(#7436,#7437,#7438));
#954=EDGE_LOOP('',(#7439,#7440,#7441));
#955=EDGE_LOOP('',(#7442,#7443,#7444));
#956=EDGE_LOOP('',(#7445,#7446,#7447));
#957=EDGE_LOOP('',(#7448,#7449,#7450));
#958=EDGE_LOOP('',(#7451,#7452,#7453));
#959=EDGE_LOOP('',(#7454,#7455,#7456));
#960=EDGE_LOOP('',(#7457,#7458,#7459));
#961=EDGE_LOOP('',(#7460,#7461,#7462));
#962=EDGE_LOOP('',(#7463,#7464,#7465));
#963=EDGE_LOOP('',(#7466,#7467,#7468));
#964=EDGE_LOOP('',(#7469,#7470,#7471));
#965=EDGE_LOOP('',(#7472,#7473,#7474));
#966=EDGE_LOOP('',(#7475,#7476,#7477));
#967=EDGE_LOOP('',(#7478,#7479,#7480));
#968=EDGE_LOOP('',(#7481,#7482,#7483));
#969=EDGE_LOOP('',(#7484,#7485,#7486));
#970=EDGE_LOOP('',(#7487,#7488,#7489));
#971=EDGE_LOOP('',(#7490,#7491,#7492));
#972=EDGE_LOOP('',(#7493,#7494,#7495));
#973=EDGE_LOOP('',(#7496,#7497,#7498));
#974=EDGE_LOOP('',(#7499,#7500,#7501));
#975=EDGE_LOOP('',(#7502,#7503,#7504));
#976=EDGE_LOOP('',(#7505,#7506,#7507));
#977=EDGE_LOOP('',(#7508,#7509,#7510));
#978=EDGE_LOOP('',(#7511,#7512,#7513));
#979=EDGE_LOOP('',(#7514,#7515,#7516));
#980=EDGE_LOOP('',(#7517,#7518,#7519));
#981=EDGE_LOOP('',(#7520,#7521,#7522));
#982=EDGE_LOOP('',(#7523,#7524,#7525));
#983=EDGE_LOOP('',(#7526,#7527,#7528));
#984=EDGE_LOOP('',(#7529,#7530,#7531));
#985=EDGE_LOOP('',(#7532,#7533,#7534));
#986=EDGE_LOOP('',(#7535,#7536,#7537));
#987=EDGE_LOOP('',(#7538,#7539,#7540));
#988=EDGE_LOOP('',(#7541,#7542,#7543));
#989=EDGE_LOOP('',(#7544,#7545,#7546));
#990=EDGE_LOOP('',(#7547,#7548,#7549));
#991=EDGE_LOOP('',(#7550,#7551,#7552));
#992=EDGE_LOOP('',(#7553,#7554,#7555));
#993=EDGE_LOOP('',(#7556,#7557,#7558));
#994=EDGE_LOOP('',(#7559,#7560,#7561));
#995=EDGE_LOOP('',(#7562,#7563,#7564));
#996=EDGE_LOOP('',(#7565,#7566,#7567));
#997=EDGE_LOOP('',(#7568,#7569,#7570));
#998=EDGE_LOOP('',(#7571,#7572,#7573));
#999=EDGE_LOOP('',(#7574,#7575,#7576,#7577));
#1000=EDGE_LOOP('',(#7578,#7579,#7580,#7581,#7582,#7583,#7584,#7585,#7586,
#7587,#7588,#7589,#7590,#7591,#7592));
#1001=EDGE_LOOP('',(#7593,#7594,#7595,#7596));
#1002=EDGE_LOOP('',(#7597,#7598,#7599,#7600));
#1003=EDGE_LOOP('',(#7601,#7602,#7603,#7604,#7605,#7606,#7607,#7608,#7609,
#7610,#7611,#7612,#7613,#7614,#7615,#7616,#7617,#7618,#7619,#7620,#7621,
#7622,#7623,#7624,#7625,#7626,#7627));
#1004=EDGE_LOOP('',(#7628,#7629));
#1005=EDGE_LOOP('',(#7630,#7631,#7632,#7633));
#1006=EDGE_LOOP('',(#7634,#7635,#7636,#7637));
#1007=EDGE_LOOP('',(#7638,#7639,#7640,#7641,#7642,#7643,#7644,#7645));
#1008=EDGE_LOOP('',(#7646,#7647,#7648,#7649));
#1009=EDGE_LOOP('',(#7650,#7651,#7652,#7653));
#1010=EDGE_LOOP('',(#7654,#7655,#7656,#7657));
#1011=EDGE_LOOP('',(#7658,#7659,#7660,#7661));
#1012=EDGE_LOOP('',(#7662,#7663,#7664,#7665));
#1013=EDGE_LOOP('',(#7666,#7667,#7668,#7669));
#1014=EDGE_LOOP('',(#7670,#7671,#7672,#7673));
#1015=EDGE_LOOP('',(#7674,#7675,#7676,#7677,#7678,#7679));
#1016=EDGE_LOOP('',(#7680,#7681,#7682,#7683));
#1017=EDGE_LOOP('',(#7684,#7685,#7686,#7687));
#1018=EDGE_LOOP('',(#7688,#7689,#7690,#7691));
#1019=EDGE_LOOP('',(#7692,#7693,#7694,#7695,#7696));
#1020=EDGE_LOOP('',(#7697,#7698,#7699,#7700));
#1021=EDGE_LOOP('',(#7701,#7702,#7703,#7704));
#1022=EDGE_LOOP('',(#7705,#7706,#7707,#7708));
#1023=EDGE_LOOP('',(#7709,#7710,#7711,#7712));
#1024=EDGE_LOOP('',(#7713,#7714,#7715,#7716));
#1025=EDGE_LOOP('',(#7717,#7718,#7719,#7720));
#1026=EDGE_LOOP('',(#7721,#7722,#7723));
#1027=EDGE_LOOP('',(#7724,#7725,#7726,#7727));
#1028=EDGE_LOOP('',(#7728,#7729,#7730,#7731));
#1029=EDGE_LOOP('',(#7732,#7733,#7734,#7735));
#1030=EDGE_LOOP('',(#7736,#7737,#7738,#7739,#7740,#7741,#7742,#7743,#7744,
#7745,#7746,#7747,#7748,#7749,#7750,#7751,#7752));
#1031=EDGE_LOOP('',(#7753,#7754,#7755,#7756,#7757,#7758,#7759,#7760,#7761,
#7762,#7763,#7764,#7765,#7766,#7767,#7768,#7769,#7770,#7771,#7772,#7773,
#7774,#7775,#7776,#7777,#7778,#7779,#7780,#7781,#7782,#7783,#7784,#7785,
#7786,#7787,#7788));
#1032=EDGE_LOOP('',(#7789,#7790,#7791,#7792));
#1033=EDGE_LOOP('',(#7793,#7794,#7795,#7796));
#1034=EDGE_LOOP('',(#7797,#7798,#7799,#7800));
#1035=EDGE_LOOP('',(#7801,#7802,#7803,#7804));
#1036=EDGE_LOOP('',(#7805,#7806,#7807,#7808));
#1037=EDGE_LOOP('',(#7809,#7810,#7811,#7812,#7813,#7814,#7815,#7816,#7817,
#7818,#7819,#7820,#7821,#7822,#7823,#7824,#7825,#7826,#7827,#7828,#7829,
#7830,#7831));
#1038=EDGE_LOOP('',(#7832,#7833,#7834,#7835));
#1039=EDGE_LOOP('',(#7836,#7837,#7838,#7839));
#1040=EDGE_LOOP('',(#7840,#7841,#7842,#7843));
#1041=EDGE_LOOP('',(#7844,#7845,#7846,#7847));
#1042=EDGE_LOOP('',(#7848,#7849,#7850,#7851));
#1043=EDGE_LOOP('',(#7852,#7853,#7854,#7855));
#1044=EDGE_LOOP('',(#7856,#7857,#7858,#7859));
#1045=EDGE_LOOP('',(#7860,#7861,#7862,#7863));
#1046=EDGE_LOOP('',(#7864,#7865,#7866,#7867));
#1047=EDGE_LOOP('',(#7868,#7869,#7870,#7871));
#1048=EDGE_LOOP('',(#7872,#7873,#7874,#7875));
#1049=EDGE_LOOP('',(#7876,#7877,#7878,#7879));
#1050=EDGE_LOOP('',(#7880,#7881,#7882,#7883));
#1051=EDGE_LOOP('',(#7884,#7885,#7886,#7887));
#1052=EDGE_LOOP('',(#7888,#7889,#7890,#7891));
#1053=EDGE_LOOP('',(#7892,#7893,#7894,#7895));
#1054=EDGE_LOOP('',(#7896,#7897,#7898,#7899));
#1055=EDGE_LOOP('',(#7900,#7901,#7902,#7903));
#1056=EDGE_LOOP('',(#7904,#7905,#7906,#7907));
#1057=EDGE_LOOP('',(#7908,#7909,#7910,#7911));
#1058=EDGE_LOOP('',(#7912,#7913,#7914,#7915));
#1059=EDGE_LOOP('',(#7916,#7917,#7918,#7919));
#1060=EDGE_LOOP('',(#7920,#7921,#7922,#7923));
#1061=EDGE_LOOP('',(#7924,#7925,#7926,#7927));
#1062=EDGE_LOOP('',(#7928,#7929,#7930,#7931));
#1063=EDGE_LOOP('',(#7932,#7933,#7934,#7935));
#1064=EDGE_LOOP('',(#7936,#7937,#7938,#7939));
#1065=EDGE_LOOP('',(#7940,#7941,#7942,#7943));
#1066=EDGE_LOOP('',(#7944,#7945,#7946,#7947));
#1067=EDGE_LOOP('',(#7948,#7949,#7950,#7951));
#1068=EDGE_LOOP('',(#7952,#7953,#7954,#7955));
#1069=EDGE_LOOP('',(#7956,#7957,#7958,#7959));
#1070=EDGE_LOOP('',(#7960,#7961,#7962,#7963));
#1071=EDGE_LOOP('',(#7964,#7965,#7966,#7967,#7968,#7969));
#1072=EDGE_LOOP('',(#7970,#7971,#7972,#7973));
#1073=EDGE_LOOP('',(#7974,#7975,#7976,#7977));
#1074=EDGE_LOOP('',(#7978,#7979,#7980,#7981));
#1075=EDGE_LOOP('',(#7982,#7983,#7984,#7985));
#1076=EDGE_LOOP('',(#7986,#7987,#7988,#7989));
#1077=EDGE_LOOP('',(#7990,#7991,#7992,#7993));
#1078=EDGE_LOOP('',(#7994,#7995,#7996,#7997));
#1079=EDGE_LOOP('',(#7998,#7999,#8000,#8001,#8002));
#1080=EDGE_LOOP('',(#8003,#8004,#8005,#8006));
#1081=EDGE_LOOP('',(#8007,#8008,#8009,#8010));
#1082=EDGE_LOOP('',(#8011,#8012,#8013,#8014));
#1083=EDGE_LOOP('',(#8015,#8016,#8017,#8018));
#1084=EDGE_LOOP('',(#8019,#8020,#8021,#8022));
#1085=EDGE_LOOP('',(#8023,#8024,#8025,#8026));
#1086=EDGE_LOOP('',(#8027,#8028,#8029,#8030));
#1087=EDGE_LOOP('',(#8031,#8032,#8033,#8034));
#1088=EDGE_LOOP('',(#8035,#8036,#8037,#8038));
#1089=EDGE_LOOP('',(#8039,#8040,#8041,#8042));
#1090=EDGE_LOOP('',(#8043,#8044,#8045,#8046));
#1091=EDGE_LOOP('',(#8047,#8048,#8049,#8050));
#1092=EDGE_LOOP('',(#8051,#8052,#8053,#8054));
#1093=EDGE_LOOP('',(#8055,#8056,#8057,#8058,#8059,#8060,#8061,#8062,#8063,
#8064,#8065,#8066,#8067,#8068,#8069,#8070,#8071,#8072,#8073,#8074));
#1094=EDGE_LOOP('',(#8075,#8076,#8077,#8078,#8079,#8080,#8081,#8082,#8083,
#8084,#8085,#8086,#8087,#8088,#8089,#8090,#8091,#8092,#8093,#8094,#8095,
#8096,#8097,#8098,#8099,#8100,#8101,#8102,#8103,#8104,#8105,#8106,#8107,
#8108,#8109,#8110,#8111,#8112,#8113,#8114,#8115,#8116,#8117,#8118,#8119,
#8120,#8121,#8122,#8123,#8124,#8125,#8126));
#1095=EDGE_LOOP('',(#8127,#8128,#8129));
#1096=EDGE_LOOP('',(#8130,#8131,#8132));
#1097=EDGE_LOOP('',(#8133,#8134,#8135));
#1098=EDGE_LOOP('',(#8136,#8137,#8138));
#1099=EDGE_LOOP('',(#8139,#8140,#8141));
#1100=EDGE_LOOP('',(#8142,#8143,#8144));
#1101=EDGE_LOOP('',(#8145,#8146,#8147));
#1102=EDGE_LOOP('',(#8148,#8149,#8150));
#1103=EDGE_LOOP('',(#8151,#8152,#8153));
#1104=EDGE_LOOP('',(#8154,#8155,#8156));
#1105=EDGE_LOOP('',(#8157,#8158,#8159));
#1106=EDGE_LOOP('',(#8160,#8161,#8162));
#1107=EDGE_LOOP('',(#8163,#8164,#8165));
#1108=EDGE_LOOP('',(#8166,#8167,#8168));
#1109=EDGE_LOOP('',(#8169,#8170,#8171));
#1110=EDGE_LOOP('',(#8172,#8173,#8174));
#1111=EDGE_LOOP('',(#8175,#8176,#8177));
#1112=EDGE_LOOP('',(#8178,#8179,#8180));
#1113=EDGE_LOOP('',(#8181,#8182,#8183));
#1114=EDGE_LOOP('',(#8184,#8185,#8186));
#1115=EDGE_LOOP('',(#8187,#8188,#8189));
#1116=EDGE_LOOP('',(#8190,#8191,#8192));
#1117=EDGE_LOOP('',(#8193,#8194,#8195));
#1118=EDGE_LOOP('',(#8196,#8197,#8198));
#1119=EDGE_LOOP('',(#8199,#8200,#8201));
#1120=EDGE_LOOP('',(#8202,#8203,#8204));
#1121=EDGE_LOOP('',(#8205,#8206,#8207));
#1122=EDGE_LOOP('',(#8208,#8209,#8210));
#1123=EDGE_LOOP('',(#8211,#8212,#8213));
#1124=EDGE_LOOP('',(#8214,#8215,#8216));
#1125=EDGE_LOOP('',(#8217,#8218,#8219));
#1126=EDGE_LOOP('',(#8220,#8221,#8222));
#1127=EDGE_LOOP('',(#8223,#8224,#8225));
#1128=EDGE_LOOP('',(#8226,#8227,#8228));
#1129=EDGE_LOOP('',(#8229,#8230,#8231));
#1130=EDGE_LOOP('',(#8232,#8233,#8234));
#1131=EDGE_LOOP('',(#8235,#8236,#8237));
#1132=EDGE_LOOP('',(#8238,#8239,#8240));
#1133=EDGE_LOOP('',(#8241,#8242,#8243));
#1134=EDGE_LOOP('',(#8244,#8245,#8246));
#1135=EDGE_LOOP('',(#8247,#8248,#8249));
#1136=EDGE_LOOP('',(#8250,#8251,#8252));
#1137=EDGE_LOOP('',(#8253,#8254,#8255));
#1138=EDGE_LOOP('',(#8256,#8257,#8258));
#1139=EDGE_LOOP('',(#8259,#8260,#8261));
#1140=EDGE_LOOP('',(#8262,#8263,#8264));
#1141=EDGE_LOOP('',(#8265,#8266,#8267));
#1142=EDGE_LOOP('',(#8268,#8269,#8270));
#1143=EDGE_LOOP('',(#8271,#8272,#8273));
#1144=EDGE_LOOP('',(#8274,#8275,#8276));
#1145=EDGE_LOOP('',(#8277,#8278,#8279));
#1146=EDGE_LOOP('',(#8280,#8281,#8282));
#1147=EDGE_LOOP('',(#8283,#8284,#8285));
#1148=EDGE_LOOP('',(#8286,#8287,#8288));
#1149=EDGE_LOOP('',(#8289,#8290,#8291));
#1150=EDGE_LOOP('',(#8292,#8293,#8294));
#1151=EDGE_LOOP('',(#8295,#8296,#8297));
#1152=EDGE_LOOP('',(#8298,#8299,#8300));
#1153=EDGE_LOOP('',(#8301,#8302,#8303));
#1154=EDGE_LOOP('',(#8304,#8305,#8306));
#1155=EDGE_LOOP('',(#8307,#8308,#8309));
#1156=EDGE_LOOP('',(#8310,#8311,#8312));
#1157=EDGE_LOOP('',(#8313,#8314,#8315));
#1158=EDGE_LOOP('',(#8316,#8317,#8318));
#1159=EDGE_LOOP('',(#8319,#8320,#8321));
#1160=EDGE_LOOP('',(#8322,#8323,#8324));
#1161=EDGE_LOOP('',(#8325,#8326,#8327));
#1162=EDGE_LOOP('',(#8328,#8329,#8330));
#1163=EDGE_LOOP('',(#8331,#8332,#8333));
#1164=EDGE_LOOP('',(#8334,#8335,#8336));
#1165=EDGE_LOOP('',(#8337,#8338,#8339,#8340));
#1166=EDGE_LOOP('',(#8341,#8342,#8343,#8344));
#1167=EDGE_LOOP('',(#8345,#8346,#8347,#8348));
#1168=EDGE_LOOP('',(#8349,#8350,#8351,#8352));
#1169=EDGE_LOOP('',(#8353,#8354,#8355,#8356));
#1170=EDGE_LOOP('',(#8357,#8358,#8359,#8360));
#1171=EDGE_LOOP('',(#8361,#8362,#8363,#8364));
#1172=EDGE_LOOP('',(#8365,#8366,#8367,#8368));
#1173=EDGE_LOOP('',(#8369,#8370,#8371));
#1174=EDGE_LOOP('',(#8372,#8373,#8374));
#1175=EDGE_LOOP('',(#8375,#8376,#8377));
#1176=EDGE_LOOP('',(#8378,#8379,#8380));
#1177=EDGE_LOOP('',(#8381,#8382,#8383));
#1178=EDGE_LOOP('',(#8384,#8385,#8386));
#1179=EDGE_LOOP('',(#8387,#8388,#8389));
#1180=EDGE_LOOP('',(#8390,#8391,#8392));
#1181=EDGE_LOOP('',(#8393,#8394,#8395));
#1182=EDGE_LOOP('',(#8396,#8397,#8398));
#1183=EDGE_LOOP('',(#8399,#8400,#8401,#8402));
#1184=EDGE_LOOP('',(#8403,#8404,#8405,#8406));
#1185=EDGE_LOOP('',(#8407,#8408,#8409,#8410));
#1186=EDGE_LOOP('',(#8411,#8412,#8413,#8414));
#1187=EDGE_LOOP('',(#8415,#8416,#8417,#8418));
#1188=EDGE_LOOP('',(#8419,#8420,#8421,#8422));
#1189=EDGE_LOOP('',(#8423,#8424,#8425,#8426));
#1190=EDGE_LOOP('',(#8427,#8428,#8429,#8430));
#1191=EDGE_LOOP('',(#8431,#8432,#8433,#8434));
#1192=EDGE_LOOP('',(#8435,#8436,#8437,#8438));
#1193=EDGE_LOOP('',(#8439,#8440,#8441,#8442));
#1194=EDGE_LOOP('',(#8443,#8444,#8445));
#1195=EDGE_LOOP('',(#8446,#8447,#8448));
#1196=EDGE_LOOP('',(#8449,#8450,#8451));
#1197=EDGE_LOOP('',(#8452,#8453,#8454));
#1198=EDGE_LOOP('',(#8455,#8456,#8457));
#1199=EDGE_LOOP('',(#8458,#8459,#8460));
#1200=EDGE_LOOP('',(#8461,#8462,#8463));
#1201=EDGE_LOOP('',(#8464,#8465,#8466));
#1202=EDGE_LOOP('',(#8467,#8468,#8469));
#1203=EDGE_LOOP('',(#8470,#8471,#8472));
#1204=EDGE_LOOP('',(#8473,#8474,#8475));
#1205=EDGE_LOOP('',(#8476,#8477,#8478));
#1206=EDGE_LOOP('',(#8479,#8480,#8481));
#1207=EDGE_LOOP('',(#8482,#8483,#8484));
#1208=EDGE_LOOP('',(#8485,#8486,#8487));
#1209=EDGE_LOOP('',(#8488,#8489,#8490));
#1210=EDGE_LOOP('',(#8491,#8492,#8493));
#1211=EDGE_LOOP('',(#8494,#8495,#8496));
#1212=EDGE_LOOP('',(#8497,#8498,#8499));
#1213=EDGE_LOOP('',(#8500,#8501,#8502));
#1214=EDGE_LOOP('',(#8503,#8504,#8505));
#1215=EDGE_LOOP('',(#8506,#8507,#8508));
#1216=EDGE_LOOP('',(#8509,#8510,#8511));
#1217=EDGE_LOOP('',(#8512,#8513,#8514));
#1218=EDGE_LOOP('',(#8515,#8516,#8517));
#1219=EDGE_LOOP('',(#8518,#8519,#8520));
#1220=EDGE_LOOP('',(#8521,#8522,#8523));
#1221=EDGE_LOOP('',(#8524,#8525,#8526));
#1222=EDGE_LOOP('',(#8527,#8528,#8529));
#1223=EDGE_LOOP('',(#8530,#8531,#8532));
#1224=EDGE_LOOP('',(#8533,#8534,#8535));
#1225=EDGE_LOOP('',(#8536,#8537,#8538));
#1226=EDGE_LOOP('',(#8539,#8540,#8541));
#1227=EDGE_LOOP('',(#8542,#8543,#8544));
#1228=EDGE_LOOP('',(#8545,#8546,#8547));
#1229=EDGE_LOOP('',(#8548,#8549,#8550));
#1230=EDGE_LOOP('',(#8551,#8552,#8553));
#1231=EDGE_LOOP('',(#8554,#8555,#8556));
#1232=EDGE_LOOP('',(#8557,#8558,#8559));
#1233=EDGE_LOOP('',(#8560,#8561,#8562));
#1234=EDGE_LOOP('',(#8563,#8564,#8565));
#1235=EDGE_LOOP('',(#8566,#8567,#8568));
#1236=EDGE_LOOP('',(#8569,#8570,#8571));
#1237=EDGE_LOOP('',(#8572,#8573,#8574));
#1238=EDGE_LOOP('',(#8575,#8576,#8577));
#1239=EDGE_LOOP('',(#8578,#8579,#8580));
#1240=EDGE_LOOP('',(#8581,#8582,#8583));
#1241=EDGE_LOOP('',(#8584,#8585,#8586));
#1242=EDGE_LOOP('',(#8587,#8588,#8589));
#1243=EDGE_LOOP('',(#8590,#8591,#8592));
#1244=EDGE_LOOP('',(#8593,#8594,#8595));
#1245=EDGE_LOOP('',(#8596,#8597,#8598));
#1246=EDGE_LOOP('',(#8599,#8600,#8601));
#1247=EDGE_LOOP('',(#8602,#8603,#8604));
#1248=EDGE_LOOP('',(#8605,#8606,#8607));
#1249=EDGE_LOOP('',(#8608,#8609,#8610));
#1250=EDGE_LOOP('',(#8611,#8612,#8613));
#1251=EDGE_LOOP('',(#8614,#8615,#8616));
#1252=EDGE_LOOP('',(#8617,#8618,#8619));
#1253=EDGE_LOOP('',(#8620,#8621,#8622));
#1254=EDGE_LOOP('',(#8623,#8624,#8625));
#1255=EDGE_LOOP('',(#8626,#8627,#8628));
#1256=EDGE_LOOP('',(#8629,#8630,#8631));
#1257=EDGE_LOOP('',(#8632,#8633,#8634));
#1258=EDGE_LOOP('',(#8635,#8636,#8637));
#1259=EDGE_LOOP('',(#8638,#8639,#8640));
#1260=EDGE_LOOP('',(#8641,#8642,#8643));
#1261=EDGE_LOOP('',(#8644,#8645,#8646));
#1262=EDGE_LOOP('',(#8647,#8648,#8649));
#1263=EDGE_LOOP('',(#8650,#8651,#8652));
#1264=EDGE_LOOP('',(#8653,#8654,#8655));
#1265=EDGE_LOOP('',(#8656,#8657,#8658));
#1266=EDGE_LOOP('',(#8659,#8660,#8661));
#1267=EDGE_LOOP('',(#8662,#8663,#8664));
#1268=EDGE_LOOP('',(#8665,#8666,#8667));
#1269=EDGE_LOOP('',(#8668,#8669,#8670));
#1270=EDGE_LOOP('',(#8671,#8672,#8673));
#1271=EDGE_LOOP('',(#8674,#8675,#8676));
#1272=EDGE_LOOP('',(#8677,#8678,#8679));
#1273=EDGE_LOOP('',(#8680,#8681,#8682));
#1274=EDGE_LOOP('',(#8683,#8684,#8685));
#1275=EDGE_LOOP('',(#8686,#8687,#8688));
#1276=EDGE_LOOP('',(#8689,#8690,#8691));
#1277=EDGE_LOOP('',(#8692,#8693,#8694));
#1278=EDGE_LOOP('',(#8695,#8696,#8697));
#1279=EDGE_LOOP('',(#8698,#8699,#8700,#8701));
#1280=EDGE_LOOP('',(#8702,#8703,#8704,#8705,#8706,#8707,#8708,#8709,#8710,
#8711,#8712,#8713,#8714,#8715,#8716));
#1281=EDGE_LOOP('',(#8717,#8718,#8719,#8720));
#1282=EDGE_LOOP('',(#8721,#8722,#8723,#8724));
#1283=EDGE_LOOP('',(#8725,#8726,#8727,#8728,#8729,#8730));
#1284=EDGE_LOOP('',(#8731,#8732,#8733,#8734));
#1285=EDGE_LOOP('',(#8735,#8736,#8737,#8738));
#1286=EDGE_LOOP('',(#8739,#8740,#8741,#8742));
#1287=EDGE_LOOP('',(#8743,#8744,#8745,#8746));
#1288=EDGE_LOOP('',(#8747,#8748,#8749,#8750));
#1289=EDGE_LOOP('',(#8751,#8752,#8753,#8754,#8755));
#1290=EDGE_LOOP('',(#8756,#8757,#8758,#8759));
#1291=EDGE_LOOP('',(#8760,#8761,#8762,#8763));
#1292=EDGE_LOOP('',(#8764,#8765,#8766,#8767,#8768));
#1293=EDGE_LOOP('',(#8769,#8770,#8771,#8772));
#1294=EDGE_LOOP('',(#8773,#8774,#8775,#8776));
#1295=EDGE_LOOP('',(#8777,#8778,#8779,#8780));
#1296=EDGE_LOOP('',(#8781,#8782,#8783,#8784));
#1297=EDGE_LOOP('',(#8785,#8786,#8787,#8788));
#1298=EDGE_LOOP('',(#8789,#8790,#8791,#8792));
#1299=EDGE_LOOP('',(#8793,#8794,#8795,#8796,#8797,#8798,#8799,#8800,#8801,
#8802,#8803,#8804,#8805,#8806,#8807));
#1300=EDGE_LOOP('',(#8808,#8809,#8810,#8811,#8812,#8813,#8814,#8815,#8816,
#8817,#8818,#8819,#8820,#8821,#8822,#8823,#8824,#8825,#8826,#8827,#8828,
#8829,#8830,#8831,#8832,#8833,#8834,#8835));
#1301=EDGE_LOOP('',(#8836,#8837,#8838,#8839,#8840,#8841,#8842,#8843,#8844));
#1302=EDGE_LOOP('',(#8845,#8846,#8847,#8848));
#1303=EDGE_LOOP('',(#8849,#8850,#8851,#8852,#8853,#8854,#8855,#8856));
#1304=EDGE_LOOP('',(#8857,#8858,#8859,#8860));
#1305=EDGE_LOOP('',(#8861,#8862,#8863,#8864));
#1306=EDGE_LOOP('',(#8865,#8866,#8867,#8868));
#1307=EDGE_LOOP('',(#8869,#8870,#8871,#8872));
#1308=EDGE_LOOP('',(#8873,#8874,#8875));
#1309=EDGE_LOOP('',(#8876,#8877,#8878,#8879,#8880,#8881,#8882,#8883,#8884,
#8885));
#1310=EDGE_LOOP('',(#8886,#8887,#8888,#8889));
#1311=EDGE_LOOP('',(#8890,#8891,#8892,#8893,#8894));
#1312=EDGE_LOOP('',(#8895,#8896,#8897));
#1313=EDGE_LOOP('',(#8898,#8899,#8900,#8901,#8902,#8903));
#1314=EDGE_LOOP('',(#8904,#8905,#8906,#8907));
#1315=EDGE_LOOP('',(#8908,#8909,#8910,#8911));
#1316=EDGE_LOOP('',(#8912,#8913,#8914,#8915));
#1317=EDGE_LOOP('',(#8916,#8917,#8918,#8919));
#1318=EDGE_LOOP('',(#8920,#8921,#8922,#8923));
#1319=EDGE_LOOP('',(#8924,#8925,#8926,#8927));
#1320=EDGE_LOOP('',(#8928,#8929,#8930,#8931));
#1321=EDGE_LOOP('',(#8932,#8933,#8934,#8935));
#1322=EDGE_LOOP('',(#8936,#8937,#8938,#8939));
#1323=EDGE_LOOP('',(#8940,#8941,#8942,#8943));
#1324=EDGE_LOOP('',(#8944,#8945,#8946,#8947));
#1325=EDGE_LOOP('',(#8948,#8949,#8950,#8951));
#1326=EDGE_LOOP('',(#8952,#8953,#8954,#8955,#8956));
#1327=EDGE_LOOP('',(#8957,#8958,#8959,#8960,#8961,#8962,#8963,#8964,#8965,
#8966,#8967,#8968,#8969,#8970,#8971,#8972,#8973,#8974));
#1328=EDGE_LOOP('',(#8975,#8976,#8977,#8978,#8979,#8980,#8981,#8982,#8983,
#8984,#8985,#8986,#8987,#8988,#8989,#8990));
#1329=EDGE_LOOP('',(#8991));
#1330=EDGE_LOOP('',(#8992,#8993,#8994,#8995));
#1331=EDGE_LOOP('',(#8996,#8997,#8998,#8999));
#1332=EDGE_LOOP('',(#9000,#9001,#9002,#9003));
#1333=EDGE_LOOP('',(#9004,#9005,#9006,#9007));
#1334=EDGE_LOOP('',(#9008,#9009,#9010,#9011));
#1335=EDGE_LOOP('',(#9012,#9013,#9014,#9015));
#1336=EDGE_LOOP('',(#9016,#9017,#9018,#9019));
#1337=EDGE_LOOP('',(#9020,#9021,#9022,#9023));
#1338=EDGE_LOOP('',(#9024,#9025,#9026,#9027));
#1339=EDGE_LOOP('',(#9028,#9029,#9030,#9031));
#1340=EDGE_LOOP('',(#9032,#9033,#9034,#9035));
#1341=EDGE_LOOP('',(#9036,#9037,#9038,#9039));
#1342=EDGE_LOOP('',(#9040,#9041,#9042,#9043));
#1343=EDGE_LOOP('',(#9044,#9045,#9046,#9047));
#1344=EDGE_LOOP('',(#9048,#9049,#9050,#9051));
#1345=EDGE_LOOP('',(#9052,#9053,#9054,#9055));
#1346=EDGE_LOOP('',(#9056,#9057,#9058,#9059));
#1347=EDGE_LOOP('',(#9060,#9061,#9062,#9063,#9064,#9065,#9066,#9067,#9068,
#9069,#9070,#9071,#9072,#9073,#9074,#9075));
#1348=EDGE_LOOP('',(#9076));
#1349=EDGE_LOOP('',(#9077,#9078,#9079,#9080));
#1350=EDGE_LOOP('',(#9081,#9082,#9083,#9084));
#1351=EDGE_LOOP('',(#9085,#9086,#9087,#9088));
#1352=EDGE_LOOP('',(#9089,#9090,#9091,#9092));
#1353=EDGE_LOOP('',(#9093,#9094,#9095,#9096));
#1354=EDGE_LOOP('',(#9097,#9098,#9099,#9100));
#1355=EDGE_LOOP('',(#9101,#9102,#9103,#9104));
#1356=EDGE_LOOP('',(#9105,#9106,#9107,#9108));
#1357=EDGE_LOOP('',(#9109,#9110,#9111,#9112));
#1358=EDGE_LOOP('',(#9113,#9114,#9115,#9116));
#1359=EDGE_LOOP('',(#9117,#9118,#9119,#9120));
#1360=EDGE_LOOP('',(#9121,#9122,#9123,#9124));
#1361=EDGE_LOOP('',(#9125,#9126,#9127,#9128));
#1362=EDGE_LOOP('',(#9129,#9130,#9131,#9132));
#1363=EDGE_LOOP('',(#9133,#9134,#9135,#9136));
#1364=EDGE_LOOP('',(#9137,#9138,#9139,#9140));
#1365=EDGE_LOOP('',(#9141,#9142,#9143,#9144));
#1366=EDGE_LOOP('',(#9145,#9146,#9147,#9148));
#1367=EDGE_LOOP('',(#9149,#9150,#9151,#9152));
#1368=EDGE_LOOP('',(#9153,#9154,#9155,#9156));
#1369=EDGE_LOOP('',(#9157,#9158,#9159,#9160));
#1370=EDGE_LOOP('',(#9161,#9162,#9163,#9164));
#1371=EDGE_LOOP('',(#9165,#9166,#9167,#9168));
#1372=EDGE_LOOP('',(#9169,#9170,#9171,#9172));
#1373=EDGE_LOOP('',(#9173,#9174,#9175,#9176));
#1374=EDGE_LOOP('',(#9177,#9178,#9179,#9180));
#1375=EDGE_LOOP('',(#9181,#9182,#9183,#9184));
#1376=EDGE_LOOP('',(#9185,#9186,#9187,#9188));
#1377=EDGE_LOOP('',(#9189,#9190,#9191,#9192));
#1378=EDGE_LOOP('',(#9193,#9194,#9195,#9196));
#1379=EDGE_LOOP('',(#9197,#9198,#9199,#9200));
#1380=EDGE_LOOP('',(#9201,#9202,#9203,#9204));
#1381=EDGE_LOOP('',(#9205,#9206,#9207,#9208));
#1382=EDGE_LOOP('',(#9209,#9210,#9211,#9212));
#1383=EDGE_LOOP('',(#9213,#9214,#9215,#9216));
#1384=EDGE_LOOP('',(#9217,#9218,#9219,#9220));
#1385=EDGE_LOOP('',(#9221,#9222,#9223,#9224));
#1386=EDGE_LOOP('',(#9225,#9226,#9227,#9228));
#1387=EDGE_LOOP('',(#9229,#9230,#9231,#9232));
#1388=EDGE_LOOP('',(#9233,#9234,#9235,#9236));
#1389=EDGE_LOOP('',(#9237,#9238,#9239,#9240));
#1390=EDGE_LOOP('',(#9241,#9242,#9243,#9244));
#1391=EDGE_LOOP('',(#9245,#9246,#9247,#9248));
#1392=EDGE_LOOP('',(#9249,#9250,#9251,#9252));
#1393=EDGE_LOOP('',(#9253,#9254,#9255,#9256));
#1394=EDGE_LOOP('',(#9257,#9258,#9259,#9260));
#1395=EDGE_LOOP('',(#9261,#9262,#9263,#9264));
#1396=EDGE_LOOP('',(#9265,#9266,#9267,#9268));
#1397=EDGE_LOOP('',(#9269,#9270,#9271,#9272));
#1398=EDGE_LOOP('',(#9273,#9274,#9275,#9276));
#1399=EDGE_LOOP('',(#9277,#9278,#9279,#9280));
#1400=EDGE_LOOP('',(#9281,#9282,#9283,#9284));
#1401=EDGE_LOOP('',(#9285,#9286,#9287,#9288));
#1402=EDGE_LOOP('',(#9289,#9290,#9291,#9292,#9293,#9294,#9295,#9296,#9297,
#9298,#9299,#9300,#9301,#9302,#9303,#9304,#9305,#9306,#9307,#9308,#9309,
#9310,#9311,#9312,#9313,#9314,#9315,#9316,#9317,#9318,#9319,#9320,#9321,
#9322,#9323,#9324,#9325,#9326,#9327,#9328,#9329,#9330,#9331,#9332,#9333,
#9334,#9335,#9336,#9337,#9338,#9339,#9340));
#1403=EDGE_LOOP('',(#9341));
#1404=EDGE_LOOP('',(#9342,#9343,#9344,#9345,#9346,#9347,#9348,#9349,#9350,
#9351,#9352,#9353,#9354,#9355,#9356,#9357,#9358,#9359,#9360,#9361,#9362,
#9363,#9364,#9365,#9366,#9367,#9368,#9369,#9370,#9371,#9372,#9373,#9374,
#9375,#9376,#9377,#9378,#9379,#9380,#9381,#9382,#9383,#9384,#9385,#9386,
#9387,#9388,#9389,#9390,#9391,#9392,#9393));
#1405=EDGE_LOOP('',(#9394));
#1406=LINE('',#14244,#2837);
#1407=LINE('',#14246,#2838);
#1408=LINE('',#14247,#2839);
#1409=LINE('',#14250,#2840);
#1410=LINE('',#14252,#2841);
#1411=LINE('',#14253,#2842);
#1412=LINE('',#14256,#2843);
#1413=LINE('',#14258,#2844);
#1414=LINE('',#14259,#2845);
#1415=LINE('',#14262,#2846);
#1416=LINE('',#14264,#2847);
#1417=LINE('',#14265,#2848);
#1418=LINE('',#14269,#2849);
#1419=LINE('',#14271,#2850);
#1420=LINE('',#14273,#2851);
#1421=LINE('',#14275,#2852);
#1422=LINE('',#14277,#2853);
#1423=LINE('',#14279,#2854);
#1424=LINE('',#14281,#2855);
#1425=LINE('',#14283,#2856);
#1426=LINE('',#14285,#2857);
#1427=LINE('',#14287,#2858);
#1428=LINE('',#14289,#2859);
#1429=LINE('',#14291,#2860);
#1430=LINE('',#14293,#2861);
#1431=LINE('',#14295,#2862);
#1432=LINE('',#14297,#2863);
#1433=LINE('',#14299,#2864);
#1434=LINE('',#14300,#2865);
#1435=LINE('',#14303,#2866);
#1436=LINE('',#14305,#2867);
#1437=LINE('',#14307,#2868);
#1438=LINE('',#14309,#2869);
#1439=LINE('',#14311,#2870);
#1440=LINE('',#14313,#2871);
#1441=LINE('',#14315,#2872);
#1442=LINE('',#14317,#2873);
#1443=LINE('',#14319,#2874);
#1444=LINE('',#14321,#2875);
#1445=LINE('',#14323,#2876);
#1446=LINE('',#14325,#2877);
#1447=LINE('',#14327,#2878);
#1448=LINE('',#14329,#2879);
#1449=LINE('',#14331,#2880);
#1450=LINE('',#14333,#2881);
#1451=LINE('',#14335,#2882);
#1452=LINE('',#14337,#2883);
#1453=LINE('',#14339,#2884);
#1454=LINE('',#14341,#2885);
#1455=LINE('',#14343,#2886);
#1456=LINE('',#14345,#2887);
#1457=LINE('',#14347,#2888);
#1458=LINE('',#14349,#2889);
#1459=LINE('',#14351,#2890);
#1460=LINE('',#14353,#2891);
#1461=LINE('',#14355,#2892);
#1462=LINE('',#14357,#2893);
#1463=LINE('',#14359,#2894);
#1464=LINE('',#14361,#2895);
#1465=LINE('',#14363,#2896);
#1466=LINE('',#14365,#2897);
#1467=LINE('',#14367,#2898);
#1468=LINE('',#14369,#2899);
#1469=LINE('',#14371,#2900);
#1470=LINE('',#14372,#2901);
#1471=LINE('',#14376,#2902);
#1472=LINE('',#14378,#2903);
#1473=LINE('',#14380,#2904);
#1474=LINE('',#14381,#2905);
#1475=LINE('',#14385,#2906);
#1476=LINE('',#14387,#2907);
#1477=LINE('',#14389,#2908);
#1478=LINE('',#14390,#2909);
#1479=LINE('',#14394,#2910);
#1480=LINE('',#14396,#2911);
#1481=LINE('',#14398,#2912);
#1482=LINE('',#14399,#2913);
#1483=LINE('',#14402,#2914);
#1484=LINE('',#14404,#2915);
#1485=LINE('',#14405,#2916);
#1486=LINE('',#14408,#2917);
#1487=LINE('',#14410,#2918);
#1488=LINE('',#14411,#2919);
#1489=LINE('',#14414,#2920);
#1490=LINE('',#14416,#2921);
#1491=LINE('',#14417,#2922);
#1492=LINE('',#14421,#2923);
#1493=LINE('',#14423,#2924);
#1494=LINE('',#14425,#2925);
#1495=LINE('',#14427,#2926);
#1496=LINE('',#14429,#2927);
#1497=LINE('',#14431,#2928);
#1498=LINE('',#14433,#2929);
#1499=LINE('',#14435,#2930);
#1500=LINE('',#14437,#2931);
#1501=LINE('',#14439,#2932);
#1502=LINE('',#14440,#2933);
#1503=LINE('',#14442,#2934);
#1504=LINE('',#14444,#2935);
#1505=LINE('',#14446,#2936);
#1506=LINE('',#14448,#2937);
#1507=LINE('',#14450,#2938);
#1508=LINE('',#14452,#2939);
#1509=LINE('',#14454,#2940);
#1510=LINE('',#14456,#2941);
#1511=LINE('',#14458,#2942);
#1512=LINE('',#14460,#2943);
#1513=LINE('',#14462,#2944);
#1514=LINE('',#14464,#2945);
#1515=LINE('',#14466,#2946);
#1516=LINE('',#14467,#2947);
#1517=LINE('',#14469,#2948);
#1518=LINE('',#14471,#2949);
#1519=LINE('',#14473,#2950);
#1520=LINE('',#14475,#2951);
#1521=LINE('',#14477,#2952);
#1522=LINE('',#14479,#2953);
#1523=LINE('',#14481,#2954);
#1524=LINE('',#14483,#2955);
#1525=LINE('',#14485,#2956);
#1526=LINE('',#14487,#2957);
#1527=LINE('',#14489,#2958);
#1528=LINE('',#14491,#2959);
#1529=LINE('',#14493,#2960);
#1530=LINE('',#14495,#2961);
#1531=LINE('',#14497,#2962);
#1532=LINE('',#14499,#2963);
#1533=LINE('',#14500,#2964);
#1534=LINE('',#14504,#2965);
#1535=LINE('',#14505,#2966);
#1536=LINE('',#14506,#2967);
#1537=LINE('',#14509,#2968);
#1538=LINE('',#14511,#2969);
#1539=LINE('',#14512,#2970);
#1540=LINE('',#14516,#2971);
#1541=LINE('',#14518,#2972);
#1542=LINE('',#14520,#2973);
#1543=LINE('',#14521,#2974);
#1544=LINE('',#14523,#2975);
#1545=LINE('',#14524,#2976);
#1546=LINE('',#14528,#2977);
#1547=LINE('',#14529,#2978);
#1548=LINE('',#14530,#2979);
#1549=LINE('',#14534,#2980);
#1550=LINE('',#14535,#2981);
#1551=LINE('',#14536,#2982);
#1552=LINE('',#14539,#2983);
#1553=LINE('',#14541,#2984);
#1554=LINE('',#14542,#2985);
#1555=LINE('',#14546,#2986);
#1556=LINE('',#14547,#2987);
#1557=LINE('',#14548,#2988);
#1558=LINE('',#14551,#2989);
#1559=LINE('',#14553,#2990);
#1560=LINE('',#14554,#2991);
#1561=LINE('',#14557,#2992);
#1562=LINE('',#14559,#2993);
#1563=LINE('',#14560,#2994);
#1564=LINE('',#14563,#2995);
#1565=LINE('',#14564,#2996);
#1566=LINE('',#14568,#2997);
#1567=LINE('',#14569,#2998);
#1568=LINE('',#14570,#2999);
#1569=LINE('',#14574,#3000);
#1570=LINE('',#14576,#3001);
#1571=LINE('',#14578,#3002);
#1572=LINE('',#14579,#3003);
#1573=LINE('',#14583,#3004);
#1574=LINE('',#14585,#3005);
#1575=LINE('',#14587,#3006);
#1576=LINE('',#14588,#3007);
#1577=LINE('',#14590,#3008);
#1578=LINE('',#14591,#3009);
#1579=LINE('',#14593,#3010);
#1580=LINE('',#14596,#3011);
#1581=LINE('',#14598,#3012);
#1582=LINE('',#14599,#3013);
#1583=LINE('',#14600,#3014);
#1584=LINE('',#14603,#3015);
#1585=LINE('',#14604,#3016);
#1586=LINE('',#14607,#3017);
#1587=LINE('',#14609,#3018);
#1588=LINE('',#14610,#3019);
#1589=LINE('',#14613,#3020);
#1590=LINE('',#14615,#3021);
#1591=LINE('',#14616,#3022);
#1592=LINE('',#14619,#3023);
#1593=LINE('',#14620,#3024);
#1594=LINE('',#14623,#3025);
#1595=LINE('',#14624,#3026);
#1596=LINE('',#14627,#3027);
#1597=LINE('',#14628,#3028);
#1598=LINE('',#14630,#3029);
#1599=LINE('',#14632,#3030);
#1600=LINE('',#14635,#3031);
#1601=LINE('',#14636,#3032);
#1602=LINE('',#14639,#3033);
#1603=LINE('',#14641,#3034);
#1604=LINE('',#14642,#3035);
#1605=LINE('',#14645,#3036);
#1606=LINE('',#14646,#3037);
#1607=LINE('',#14648,#3038);
#1608=LINE('',#14649,#3039);
#1609=LINE('',#14653,#3040);
#1610=LINE('',#14655,#3041);
#1611=LINE('',#14657,#3042);
#1612=LINE('',#14658,#3043);
#1613=LINE('',#14661,#3044);
#1614=LINE('',#14662,#3045);
#1615=LINE('',#14666,#3046);
#1616=LINE('',#14667,#3047);
#1617=LINE('',#14670,#3048);
#1618=LINE('',#14671,#3049);
#1619=LINE('',#14673,#3050);
#1620=LINE('',#14674,#3051);
#1621=LINE('',#14678,#3052);
#1622=LINE('',#14679,#3053);
#1623=LINE('',#14680,#3054);
#1624=LINE('',#14682,#3055);
#1625=LINE('',#14683,#3056);
#1626=LINE('',#14686,#3057);
#1627=LINE('',#14687,#3058);
#1628=LINE('',#14689,#3059);
#1629=LINE('',#14691,#3060);
#1630=LINE('',#14694,#3061);
#1631=LINE('',#14695,#3062);
#1632=LINE('',#14697,#3063);
#1633=LINE('',#14699,#3064);
#1634=LINE('',#14701,#3065);
#1635=LINE('',#14704,#3066);
#1636=LINE('',#14705,#3067);
#1637=LINE('',#14708,#3068);
#1638=LINE('',#14709,#3069);
#1639=LINE('',#14711,#3070);
#1640=LINE('',#14712,#3071);
#1641=LINE('',#14715,#3072);
#1642=LINE('',#14716,#3073);
#1643=LINE('',#14719,#3074);
#1644=LINE('',#14720,#3075);
#1645=LINE('',#14722,#3076);
#1646=LINE('',#14724,#3077);
#1647=LINE('',#14726,#3078);
#1648=LINE('',#14729,#3079);
#1649=LINE('',#14730,#3080);
#1650=LINE('',#14732,#3081);
#1651=LINE('',#14735,#3082);
#1652=LINE('',#14736,#3083);
#1653=LINE('',#14738,#3084);
#1654=LINE('',#14740,#3085);
#1655=LINE('',#14744,#3086);
#1656=LINE('',#14745,#3087);
#1657=LINE('',#14746,#3088);
#1658=LINE('',#14748,#3089);
#1659=LINE('',#14750,#3090);
#1660=LINE('',#14753,#3091);
#1661=LINE('',#14754,#3092);
#1662=LINE('',#14758,#3093);
#1663=LINE('',#14760,#3094);
#1664=LINE('',#14762,#3095);
#1665=LINE('',#14763,#3096);
#1666=LINE('',#14766,#3097);
#1667=LINE('',#14767,#3098);
#1668=LINE('',#14770,#3099);
#1669=LINE('',#14771,#3100);
#1670=LINE('',#14773,#3101);
#1671=LINE('',#14775,#3102);
#1672=LINE('',#14777,#3103);
#1673=LINE('',#14779,#3104);
#1674=LINE('',#14782,#3105);
#1675=LINE('',#14784,#3106);
#1676=LINE('',#14786,#3107);
#1677=LINE('',#14788,#3108);
#1678=LINE('',#14790,#3109);
#1679=LINE('',#14792,#3110);
#1680=LINE('',#14793,#3111);
#1681=LINE('',#14797,#3112);
#1682=LINE('',#14799,#3113);
#1683=LINE('',#14800,#3114);
#1684=LINE('',#14803,#3115);
#1685=LINE('',#14804,#3116);
#1686=LINE('',#14807,#3117);
#1687=LINE('',#14809,#3118);
#1688=LINE('',#14810,#3119);
#1689=LINE('',#14812,#3120);
#1690=LINE('',#14814,#3121);
#1691=LINE('',#14815,#3122);
#1692=LINE('',#14817,#3123);
#1693=LINE('',#14820,#3124);
#1694=LINE('',#14822,#3125);
#1695=LINE('',#14823,#3126);
#1696=LINE('',#14825,#3127);
#1697=LINE('',#14827,#3128);
#1698=LINE('',#14828,#3129);
#1699=LINE('',#14830,#3130);
#1700=LINE('',#14833,#3131);
#1701=LINE('',#14834,#3132);
#1702=LINE('',#14836,#3133);
#1703=LINE('',#14839,#3134);
#1704=LINE('',#14840,#3135);
#1705=LINE('',#14842,#3136);
#1706=LINE('',#14845,#3137);
#1707=LINE('',#14846,#3138);
#1708=LINE('',#14848,#3139);
#1709=LINE('',#14850,#3140);
#1710=LINE('',#14852,#3141);
#1711=LINE('',#14853,#3142);
#1712=LINE('',#14856,#3143);
#1713=LINE('',#14857,#3144);
#1714=LINE('',#14861,#3145);
#1715=LINE('',#14862,#3146);
#1716=LINE('',#14864,#3147);
#1717=LINE('',#14867,#3148);
#1718=LINE('',#14868,#3149);
#1719=LINE('',#14870,#3150);
#1720=LINE('',#14873,#3151);
#1721=LINE('',#14874,#3152);
#1722=LINE('',#14876,#3153);
#1723=LINE('',#14879,#3154);
#1724=LINE('',#14880,#3155);
#1725=LINE('',#14882,#3156);
#1726=LINE('',#14884,#3157);
#1727=LINE('',#14885,#3158);
#1728=LINE('',#14889,#3159);
#1729=LINE('',#14890,#3160);
#1730=LINE('',#14893,#3161);
#1731=LINE('',#14894,#3162);
#1732=LINE('',#14897,#3163);
#1733=LINE('',#14898,#3164);
#1734=LINE('',#14901,#3165);
#1735=LINE('',#14902,#3166);
#1736=LINE('',#14905,#3167);
#1737=LINE('',#14906,#3168);
#1738=LINE('',#14909,#3169);
#1739=LINE('',#14910,#3170);
#1740=LINE('',#14913,#3171);
#1741=LINE('',#14914,#3172);
#1742=LINE('',#14917,#3173);
#1743=LINE('',#14918,#3174);
#1744=LINE('',#14920,#3175);
#1745=LINE('',#14921,#3176);
#1746=LINE('',#14923,#3177);
#1747=LINE('',#14925,#3178);
#1748=LINE('',#14927,#3179);
#1749=LINE('',#14929,#3180);
#1750=LINE('',#14931,#3181);
#1751=LINE('',#14933,#3182);
#1752=LINE('',#14935,#3183);
#1753=LINE('',#14937,#3184);
#1754=LINE('',#14939,#3185);
#1755=LINE('',#14941,#3186);
#1756=LINE('',#14945,#3187);
#1757=LINE('',#14946,#3188);
#1758=LINE('',#14948,#3189);
#1759=LINE('',#14951,#3190);
#1760=LINE('',#14952,#3191);
#1761=LINE('',#14954,#3192);
#1762=LINE('',#14957,#3193);
#1763=LINE('',#14958,#3194);
#1764=LINE('',#14960,#3195);
#1765=LINE('',#14963,#3196);
#1766=LINE('',#14964,#3197);
#1767=LINE('',#14966,#3198);
#1768=LINE('',#14968,#3199);
#1769=LINE('',#14969,#3200);
#1770=LINE('',#14972,#3201);
#1771=LINE('',#14974,#3202);
#1772=LINE('',#14975,#3203);
#1773=LINE('',#14978,#3204);
#1774=LINE('',#14980,#3205);
#1775=LINE('',#14981,#3206);
#1776=LINE('',#14984,#3207);
#1777=LINE('',#14986,#3208);
#1778=LINE('',#14987,#3209);
#1779=LINE('',#14991,#3210);
#1780=LINE('',#14992,#3211);
#1781=LINE('',#14994,#3212);
#1782=LINE('',#14996,#3213);
#1783=LINE('',#14997,#3214);
#1784=LINE('',#15001,#3215);
#1785=LINE('',#15003,#3216);
#1786=LINE('',#15004,#3217);
#1787=LINE('',#15007,#3218);
#1788=LINE('',#15008,#3219);
#1789=LINE('',#15010,#3220);
#1790=LINE('',#15014,#3221);
#1791=LINE('',#15015,#3222);
#1792=LINE('',#15016,#3223);
#1793=LINE('',#15020,#3224);
#1794=LINE('',#15021,#3225);
#1795=LINE('',#15022,#3226);
#1796=LINE('',#15026,#3227);
#1797=LINE('',#15027,#3228);
#1798=LINE('',#15028,#3229);
#1799=LINE('',#15031,#3230);
#1800=LINE('',#15033,#3231);
#1801=LINE('',#15034,#3232);
#1802=LINE('',#15036,#3233);
#1803=LINE('',#15037,#3234);
#1804=LINE('',#15039,#3235);
#1805=LINE('',#15041,#3236);
#1806=LINE('',#15043,#3237);
#1807=LINE('',#15045,#3238);
#1808=LINE('',#15047,#3239);
#1809=LINE('',#15049,#3240);
#1810=LINE('',#15051,#3241);
#1811=LINE('',#15052,#3242);
#1812=LINE('',#15055,#3243);
#1813=LINE('',#15058,#3244);
#1814=LINE('',#15059,#3245);
#1815=LINE('',#15062,#3246);
#1816=LINE('',#15064,#3247);
#1817=LINE('',#15065,#3248);
#1818=LINE('',#15068,#3249);
#1819=LINE('',#15069,#3250);
#1820=LINE('',#15072,#3251);
#1821=LINE('',#15073,#3252);
#1822=LINE('',#15076,#3253);
#1823=LINE('',#15077,#3254);
#1824=LINE('',#15079,#3255);
#1825=LINE('',#15083,#3256);
#1826=LINE('',#15084,#3257);
#1827=LINE('',#15086,#3258);
#1828=LINE('',#15087,#3259);
#1829=LINE('',#15090,#3260);
#1830=LINE('',#15092,#3261);
#1831=LINE('',#15093,#3262);
#1832=LINE('',#15096,#3263);
#1833=LINE('',#15098,#3264);
#1834=LINE('',#15099,#3265);
#1835=LINE('',#15102,#3266);
#1836=LINE('',#15104,#3267);
#1837=LINE('',#15105,#3268);
#1838=LINE('',#15107,#3269);
#1839=LINE('',#15108,#3270);
#1840=LINE('',#15111,#3271);
#1841=LINE('',#15112,#3272);
#1842=LINE('',#15114,#3273);
#1843=LINE('',#15117,#3274);
#1844=LINE('',#15118,#3275);
#1845=LINE('',#15120,#3276);
#1846=LINE('',#15122,#3277);
#1847=LINE('',#15125,#3278);
#1848=LINE('',#15126,#3279);
#1849=LINE('',#15128,#3280);
#1850=LINE('',#15131,#3281);
#1851=LINE('',#15132,#3282);
#1852=LINE('',#15134,#3283);
#1853=LINE('',#15136,#3284);
#1854=LINE('',#15139,#3285);
#1855=LINE('',#15140,#3286);
#1856=LINE('',#15142,#3287);
#1857=LINE('',#15145,#3288);
#1858=LINE('',#15146,#3289);
#1859=LINE('',#15148,#3290);
#1860=LINE('',#15150,#3291);
#1861=LINE('',#15153,#3292);
#1862=LINE('',#15154,#3293);
#1863=LINE('',#15156,#3294);
#1864=LINE('',#15159,#3295);
#1865=LINE('',#15160,#3296);
#1866=LINE('',#15162,#3297);
#1867=LINE('',#15164,#3298);
#1868=LINE('',#15167,#3299);
#1869=LINE('',#15168,#3300);
#1870=LINE('',#15170,#3301);
#1871=LINE('',#15173,#3302);
#1872=LINE('',#15174,#3303);
#1873=LINE('',#15176,#3304);
#1874=LINE('',#15178,#3305);
#1875=LINE('',#15181,#3306);
#1876=LINE('',#15182,#3307);
#1877=LINE('',#15184,#3308);
#1878=LINE('',#15187,#3309);
#1879=LINE('',#15188,#3310);
#1880=LINE('',#15190,#3311);
#1881=LINE('',#15192,#3312);
#1882=LINE('',#15194,#3313);
#1883=LINE('',#15195,#3314);
#1884=LINE('',#15198,#3315);
#1885=LINE('',#15199,#3316);
#1886=LINE('',#15202,#3317);
#1887=LINE('',#15204,#3318);
#1888=LINE('',#15206,#3319);
#1889=LINE('',#15208,#3320);
#1890=LINE('',#15210,#3321);
#1891=LINE('',#15214,#3322);
#1892=LINE('',#15215,#3323);
#1893=LINE('',#15217,#3324);
#1894=LINE('',#15220,#3325);
#1895=LINE('',#15222,#3326);
#1896=LINE('',#15223,#3327);
#1897=LINE('',#15226,#3328);
#1898=LINE('',#15227,#3329);
#1899=LINE('',#15229,#3330);
#1900=LINE('',#15231,#3331);
#1901=LINE('',#15234,#3332);
#1902=LINE('',#15235,#3333);
#1903=LINE('',#15238,#3334);
#1904=LINE('',#15239,#3335);
#1905=LINE('',#15241,#3336);
#1906=LINE('',#15243,#3337);
#1907=LINE('',#15246,#3338);
#1908=LINE('',#15247,#3339);
#1909=LINE('',#15250,#3340);
#1910=LINE('',#15251,#3341);
#1911=LINE('',#15253,#3342);
#1912=LINE('',#15256,#3343);
#1913=LINE('',#15257,#3344);
#1914=LINE('',#15259,#3345);
#1915=LINE('',#15260,#3346);
#1916=LINE('',#15262,#3347);
#1917=LINE('',#15264,#3348);
#1918=LINE('',#15266,#3349);
#1919=LINE('',#15270,#3350);
#1920=LINE('',#15272,#3351);
#1921=LINE('',#15273,#3352);
#1922=LINE('',#15276,#3353);
#1923=LINE('',#15277,#3354);
#1924=LINE('',#15280,#3355);
#1925=LINE('',#15281,#3356);
#1926=LINE('',#15284,#3357);
#1927=LINE('',#15285,#3358);
#1928=LINE('',#15287,#3359);
#1929=LINE('',#15288,#3360);
#1930=LINE('',#15290,#3361);
#1931=LINE('',#15292,#3362);
#1932=LINE('',#15293,#3363);
#1933=LINE('',#15296,#3364);
#1934=LINE('',#15297,#3365);
#1935=LINE('',#15299,#3366);
#1936=LINE('',#15301,#3367);
#1937=LINE('',#15303,#3368);
#1938=LINE('',#15305,#3369);
#1939=LINE('',#15307,#3370);
#1940=LINE('',#15308,#3371);
#1941=LINE('',#15311,#3372);
#1942=LINE('',#15312,#3373);
#1943=LINE('',#15314,#3374);
#1944=LINE('',#15316,#3375);
#1945=LINE('',#15317,#3376);
#1946=LINE('',#15320,#3377);
#1947=LINE('',#15322,#3378);
#1948=LINE('',#15324,#3379);
#1949=LINE('',#15326,#3380);
#1950=LINE('',#15329,#3381);
#1951=LINE('',#15331,#3382);
#1952=LINE('',#15333,#3383);
#1953=LINE('',#15337,#3384);
#1954=LINE('',#15339,#3385);
#1955=LINE('',#15341,#3386);
#1956=LINE('',#15346,#3387);
#1957=LINE('',#15348,#3388);
#1958=LINE('',#15350,#3389);
#1959=LINE('',#15352,#3390);
#1960=LINE('',#15354,#3391);
#1961=LINE('',#15356,#3392);
#1962=LINE('',#15358,#3393);
#1963=LINE('',#15360,#3394);
#1964=LINE('',#15362,#3395);
#1965=LINE('',#15364,#3396);
#1966=LINE('',#15366,#3397);
#1967=LINE('',#15368,#3398);
#1968=LINE('',#15370,#3399);
#1969=LINE('',#15372,#3400);
#1970=LINE('',#15374,#3401);
#1971=LINE('',#15376,#3402);
#1972=LINE('',#15378,#3403);
#1973=LINE('',#15380,#3404);
#1974=LINE('',#15382,#3405);
#1975=LINE('',#15384,#3406);
#1976=LINE('',#15386,#3407);
#1977=LINE('',#15388,#3408);
#1978=LINE('',#15390,#3409);
#1979=LINE('',#15392,#3410);
#1980=LINE('',#15394,#3411);
#1981=LINE('',#15396,#3412);
#1982=LINE('',#15401,#3413);
#1983=LINE('',#15405,#3414);
#1984=LINE('',#15407,#3415);
#1985=LINE('',#15411,#3416);
#1986=LINE('',#15414,#3417);
#1987=LINE('',#15417,#3418);
#1988=LINE('',#15419,#3419);
#1989=LINE('',#15421,#3420);
#1990=LINE('',#15423,#3421);
#1991=LINE('',#15424,#3422);
#1992=LINE('',#15428,#3423);
#1993=LINE('',#15430,#3424);
#1994=LINE('',#15432,#3425);
#1995=LINE('',#15433,#3426);
#1996=LINE('',#15436,#3427);
#1997=LINE('',#15438,#3428);
#1998=LINE('',#15439,#3429);
#1999=LINE('',#15443,#3430);
#2000=LINE('',#15444,#3431);
#2001=LINE('',#15445,#3432);
#2002=LINE('',#15448,#3433);
#2003=LINE('',#15449,#3434);
#2004=LINE('',#15453,#3435);
#2005=LINE('',#15454,#3436);
#2006=LINE('',#15455,#3437);
#2007=LINE('',#15458,#3438);
#2008=LINE('',#15459,#3439);
#2009=LINE('',#15463,#3440);
#2010=LINE('',#15464,#3441);
#2011=LINE('',#15465,#3442);
#2012=LINE('',#15467,#3443);
#2013=LINE('',#15468,#3444);
#2014=LINE('',#15472,#3445);
#2015=LINE('',#15473,#3446);
#2016=LINE('',#15474,#3447);
#2017=LINE('',#15478,#3448);
#2018=LINE('',#15479,#3449);
#2019=LINE('',#15480,#3450);
#2020=LINE('',#15484,#3451);
#2021=LINE('',#15485,#3452);
#2022=LINE('',#15486,#3453);
#2023=LINE('',#15489,#3454);
#2024=LINE('',#15490,#3455);
#2025=LINE('',#15492,#3456);
#2026=LINE('',#15493,#3457);
#2027=LINE('',#15496,#3458);
#2028=LINE('',#15497,#3459);
#2029=LINE('',#15500,#3460);
#2030=LINE('',#15501,#3461);
#2031=LINE('',#15504,#3462);
#2032=LINE('',#15505,#3463);
#2033=LINE('',#15508,#3464);
#2034=LINE('',#15509,#3465);
#2035=LINE('',#15512,#3466);
#2036=LINE('',#15513,#3467);
#2037=LINE('',#15516,#3468);
#2038=LINE('',#15517,#3469);
#2039=LINE('',#15521,#3470);
#2040=LINE('',#15523,#3471);
#2041=LINE('',#15524,#3472);
#2042=LINE('',#15527,#3473);
#2043=LINE('',#15529,#3474);
#2044=LINE('',#15530,#3475);
#2045=LINE('',#15533,#3476);
#2046=LINE('',#15535,#3477);
#2047=LINE('',#15536,#3478);
#2048=LINE('',#15539,#3479);
#2049=LINE('',#15541,#3480);
#2050=LINE('',#15542,#3481);
#2051=LINE('',#15546,#3482);
#2052=LINE('',#15548,#3483);
#2053=LINE('',#15550,#3484);
#2054=LINE('',#15552,#3485);
#2055=LINE('',#15554,#3486);
#2056=LINE('',#15556,#3487);
#2057=LINE('',#15558,#3488);
#2058=LINE('',#15560,#3489);
#2059=LINE('',#15562,#3490);
#2060=LINE('',#15564,#3491);
#2061=LINE('',#15566,#3492);
#2062=LINE('',#15568,#3493);
#2063=LINE('',#15570,#3494);
#2064=LINE('',#15572,#3495);
#2065=LINE('',#15574,#3496);
#2066=LINE('',#15576,#3497);
#2067=LINE('',#15577,#3498);
#2068=LINE('',#15580,#3499);
#2069=LINE('',#15582,#3500);
#2070=LINE('',#15584,#3501);
#2071=LINE('',#15586,#3502);
#2072=LINE('',#15588,#3503);
#2073=LINE('',#15590,#3504);
#2074=LINE('',#15592,#3505);
#2075=LINE('',#15594,#3506);
#2076=LINE('',#15596,#3507);
#2077=LINE('',#15598,#3508);
#2078=LINE('',#15600,#3509);
#2079=LINE('',#15602,#3510);
#2080=LINE('',#15603,#3511);
#2081=LINE('',#15605,#3512);
#2082=LINE('',#15607,#3513);
#2083=LINE('',#15609,#3514);
#2084=LINE('',#15611,#3515);
#2085=LINE('',#15613,#3516);
#2086=LINE('',#15615,#3517);
#2087=LINE('',#15617,#3518);
#2088=LINE('',#15619,#3519);
#2089=LINE('',#15621,#3520);
#2090=LINE('',#15623,#3521);
#2091=LINE('',#15625,#3522);
#2092=LINE('',#15627,#3523);
#2093=LINE('',#15629,#3524);
#2094=LINE('',#15631,#3525);
#2095=LINE('',#15632,#3526);
#2096=LINE('',#15636,#3527);
#2097=LINE('',#15638,#3528);
#2098=LINE('',#15640,#3529);
#2099=LINE('',#15641,#3530);
#2100=LINE('',#15645,#3531);
#2101=LINE('',#15647,#3532);
#2102=LINE('',#15649,#3533);
#2103=LINE('',#15650,#3534);
#2104=LINE('',#15653,#3535);
#2105=LINE('',#15655,#3536);
#2106=LINE('',#15656,#3537);
#2107=LINE('',#15659,#3538);
#2108=LINE('',#15661,#3539);
#2109=LINE('',#15662,#3540);
#2110=LINE('',#15665,#3541);
#2111=LINE('',#15667,#3542);
#2112=LINE('',#15668,#3543);
#2113=LINE('',#15671,#3544);
#2114=LINE('',#15673,#3545);
#2115=LINE('',#15675,#3546);
#2116=LINE('',#15677,#3547);
#2117=LINE('',#15679,#3548);
#2118=LINE('',#15681,#3549);
#2119=LINE('',#15683,#3550);
#2120=LINE('',#15685,#3551);
#2121=LINE('',#15687,#3552);
#2122=LINE('',#15688,#3553);
#2123=LINE('',#15690,#3554);
#2124=LINE('',#15692,#3555);
#2125=LINE('',#15694,#3556);
#2126=LINE('',#15696,#3557);
#2127=LINE('',#15698,#3558);
#2128=LINE('',#15700,#3559);
#2129=LINE('',#15701,#3560);
#2130=LINE('',#15704,#3561);
#2131=LINE('',#15706,#3562);
#2132=LINE('',#15707,#3563);
#2133=LINE('',#15711,#3564);
#2134=LINE('',#15713,#3565);
#2135=LINE('',#15715,#3566);
#2136=LINE('',#15716,#3567);
#2137=LINE('',#15718,#3568);
#2138=LINE('',#15719,#3569);
#2139=LINE('',#15723,#3570);
#2140=LINE('',#15724,#3571);
#2141=LINE('',#15725,#3572);
#2142=LINE('',#15728,#3573);
#2143=LINE('',#15730,#3574);
#2144=LINE('',#15731,#3575);
#2145=LINE('',#15734,#3576);
#2146=LINE('',#15736,#3577);
#2147=LINE('',#15737,#3578);
#2148=LINE('',#15740,#3579);
#2149=LINE('',#15742,#3580);
#2150=LINE('',#15743,#3581);
#2151=LINE('',#15746,#3582);
#2152=LINE('',#15747,#3583);
#2153=LINE('',#15750,#3584);
#2154=LINE('',#15752,#3585);
#2155=LINE('',#15753,#3586);
#2156=LINE('',#15757,#3587);
#2157=LINE('',#15759,#3588);
#2158=LINE('',#15761,#3589);
#2159=LINE('',#15762,#3590);
#2160=LINE('',#15766,#3591);
#2161=LINE('',#15768,#3592);
#2162=LINE('',#15770,#3593);
#2163=LINE('',#15771,#3594);
#2164=LINE('',#15773,#3595);
#2165=LINE('',#15774,#3596);
#2166=LINE('',#15776,#3597);
#2167=LINE('',#15779,#3598);
#2168=LINE('',#15780,#3599);
#2169=LINE('',#15783,#3600);
#2170=LINE('',#15785,#3601);
#2171=LINE('',#15786,#3602);
#2172=LINE('',#15789,#3603);
#2173=LINE('',#15791,#3604);
#2174=LINE('',#15792,#3605);
#2175=LINE('',#15794,#3606);
#2176=LINE('',#15797,#3607);
#2177=LINE('',#15798,#3608);
#2178=LINE('',#15801,#3609);
#2179=LINE('',#15802,#3610);
#2180=LINE('',#15804,#3611);
#2181=LINE('',#15806,#3612);
#2182=LINE('',#15809,#3613);
#2183=LINE('',#15810,#3614);
#2184=LINE('',#15812,#3615);
#2185=LINE('',#15813,#3616);
#2186=LINE('',#15817,#3617);
#2187=LINE('',#15819,#3618);
#2188=LINE('',#15821,#3619);
#2189=LINE('',#15822,#3620);
#2190=LINE('',#15824,#3621);
#2191=LINE('',#15828,#3622);
#2192=LINE('',#15829,#3623);
#2193=LINE('',#15831,#3624);
#2194=LINE('',#15832,#3625);
#2195=LINE('',#15835,#3626);
#2196=LINE('',#15836,#3627);
#2197=LINE('',#15838,#3628);
#2198=LINE('',#15839,#3629);
#2199=LINE('',#15842,#3630);
#2200=LINE('',#15843,#3631);
#2201=LINE('',#15845,#3632);
#2202=LINE('',#15847,#3633);
#2203=LINE('',#15850,#3634);
#2204=LINE('',#15851,#3635);
#2205=LINE('',#15853,#3636);
#2206=LINE('',#15855,#3637);
#2207=LINE('',#15858,#3638);
#2208=LINE('',#15859,#3639);
#2209=LINE('',#15861,#3640);
#2210=LINE('',#15862,#3641);
#2211=LINE('',#15864,#3642);
#2212=LINE('',#15867,#3643);
#2213=LINE('',#15868,#3644);
#2214=LINE('',#15871,#3645);
#2215=LINE('',#15872,#3646);
#2216=LINE('',#15876,#3647);
#2217=LINE('',#15877,#3648);
#2218=LINE('',#15878,#3649);
#2219=LINE('',#15880,#3650);
#2220=LINE('',#15882,#3651);
#2221=LINE('',#15885,#3652);
#2222=LINE('',#15886,#3653);
#2223=LINE('',#15890,#3654);
#2224=LINE('',#15892,#3655);
#2225=LINE('',#15894,#3656);
#2226=LINE('',#15895,#3657);
#2227=LINE('',#15898,#3658);
#2228=LINE('',#15899,#3659);
#2229=LINE('',#15901,#3660);
#2230=LINE('',#15903,#3661);
#2231=LINE('',#15905,#3662);
#2232=LINE('',#15908,#3663);
#2233=LINE('',#15910,#3664);
#2234=LINE('',#15912,#3665);
#2235=LINE('',#15914,#3666);
#2236=LINE('',#15916,#3667);
#2237=LINE('',#15918,#3668);
#2238=LINE('',#15919,#3669);
#2239=LINE('',#15923,#3670);
#2240=LINE('',#15925,#3671);
#2241=LINE('',#15926,#3672);
#2242=LINE('',#15929,#3673);
#2243=LINE('',#15930,#3674);
#2244=LINE('',#15933,#3675);
#2245=LINE('',#15935,#3676);
#2246=LINE('',#15936,#3677);
#2247=LINE('',#15938,#3678);
#2248=LINE('',#15940,#3679);
#2249=LINE('',#15941,#3680);
#2250=LINE('',#15943,#3681);
#2251=LINE('',#15946,#3682);
#2252=LINE('',#15948,#3683);
#2253=LINE('',#15949,#3684);
#2254=LINE('',#15951,#3685);
#2255=LINE('',#15953,#3686);
#2256=LINE('',#15954,#3687);
#2257=LINE('',#15956,#3688);
#2258=LINE('',#15959,#3689);
#2259=LINE('',#15960,#3690);
#2260=LINE('',#15962,#3691);
#2261=LINE('',#15965,#3692);
#2262=LINE('',#15966,#3693);
#2263=LINE('',#15968,#3694);
#2264=LINE('',#15971,#3695);
#2265=LINE('',#15972,#3696);
#2266=LINE('',#15974,#3697);
#2267=LINE('',#15976,#3698);
#2268=LINE('',#15978,#3699);
#2269=LINE('',#15979,#3700);
#2270=LINE('',#15982,#3701);
#2271=LINE('',#15983,#3702);
#2272=LINE('',#15987,#3703);
#2273=LINE('',#15988,#3704);
#2274=LINE('',#15990,#3705);
#2275=LINE('',#15993,#3706);
#2276=LINE('',#15994,#3707);
#2277=LINE('',#15996,#3708);
#2278=LINE('',#15999,#3709);
#2279=LINE('',#16000,#3710);
#2280=LINE('',#16002,#3711);
#2281=LINE('',#16005,#3712);
#2282=LINE('',#16006,#3713);
#2283=LINE('',#16008,#3714);
#2284=LINE('',#16010,#3715);
#2285=LINE('',#16011,#3716);
#2286=LINE('',#16015,#3717);
#2287=LINE('',#16016,#3718);
#2288=LINE('',#16019,#3719);
#2289=LINE('',#16020,#3720);
#2290=LINE('',#16023,#3721);
#2291=LINE('',#16024,#3722);
#2292=LINE('',#16027,#3723);
#2293=LINE('',#16028,#3724);
#2294=LINE('',#16031,#3725);
#2295=LINE('',#16032,#3726);
#2296=LINE('',#16035,#3727);
#2297=LINE('',#16036,#3728);
#2298=LINE('',#16039,#3729);
#2299=LINE('',#16040,#3730);
#2300=LINE('',#16043,#3731);
#2301=LINE('',#16044,#3732);
#2302=LINE('',#16046,#3733);
#2303=LINE('',#16047,#3734);
#2304=LINE('',#16049,#3735);
#2305=LINE('',#16051,#3736);
#2306=LINE('',#16053,#3737);
#2307=LINE('',#16055,#3738);
#2308=LINE('',#16057,#3739);
#2309=LINE('',#16059,#3740);
#2310=LINE('',#16061,#3741);
#2311=LINE('',#16063,#3742);
#2312=LINE('',#16065,#3743);
#2313=LINE('',#16067,#3744);
#2314=LINE('',#16071,#3745);
#2315=LINE('',#16072,#3746);
#2316=LINE('',#16074,#3747);
#2317=LINE('',#16077,#3748);
#2318=LINE('',#16078,#3749);
#2319=LINE('',#16080,#3750);
#2320=LINE('',#16083,#3751);
#2321=LINE('',#16084,#3752);
#2322=LINE('',#16086,#3753);
#2323=LINE('',#16089,#3754);
#2324=LINE('',#16090,#3755);
#2325=LINE('',#16092,#3756);
#2326=LINE('',#16094,#3757);
#2327=LINE('',#16095,#3758);
#2328=LINE('',#16098,#3759);
#2329=LINE('',#16100,#3760);
#2330=LINE('',#16101,#3761);
#2331=LINE('',#16104,#3762);
#2332=LINE('',#16106,#3763);
#2333=LINE('',#16107,#3764);
#2334=LINE('',#16110,#3765);
#2335=LINE('',#16112,#3766);
#2336=LINE('',#16113,#3767);
#2337=LINE('',#16117,#3768);
#2338=LINE('',#16118,#3769);
#2339=LINE('',#16120,#3770);
#2340=LINE('',#16122,#3771);
#2341=LINE('',#16123,#3772);
#2342=LINE('',#16127,#3773);
#2343=LINE('',#16129,#3774);
#2344=LINE('',#16130,#3775);
#2345=LINE('',#16133,#3776);
#2346=LINE('',#16134,#3777);
#2347=LINE('',#16136,#3778);
#2348=LINE('',#16140,#3779);
#2349=LINE('',#16141,#3780);
#2350=LINE('',#16142,#3781);
#2351=LINE('',#16146,#3782);
#2352=LINE('',#16147,#3783);
#2353=LINE('',#16148,#3784);
#2354=LINE('',#16152,#3785);
#2355=LINE('',#16153,#3786);
#2356=LINE('',#16154,#3787);
#2357=LINE('',#16157,#3788);
#2358=LINE('',#16159,#3789);
#2359=LINE('',#16160,#3790);
#2360=LINE('',#16162,#3791);
#2361=LINE('',#16163,#3792);
#2362=LINE('',#16165,#3793);
#2363=LINE('',#16167,#3794);
#2364=LINE('',#16169,#3795);
#2365=LINE('',#16171,#3796);
#2366=LINE('',#16173,#3797);
#2367=LINE('',#16175,#3798);
#2368=LINE('',#16177,#3799);
#2369=LINE('',#16178,#3800);
#2370=LINE('',#16181,#3801);
#2371=LINE('',#16184,#3802);
#2372=LINE('',#16185,#3803);
#2373=LINE('',#16188,#3804);
#2374=LINE('',#16190,#3805);
#2375=LINE('',#16191,#3806);
#2376=LINE('',#16194,#3807);
#2377=LINE('',#16195,#3808);
#2378=LINE('',#16198,#3809);
#2379=LINE('',#16199,#3810);
#2380=LINE('',#16202,#3811);
#2381=LINE('',#16203,#3812);
#2382=LINE('',#16205,#3813);
#2383=LINE('',#16209,#3814);
#2384=LINE('',#16210,#3815);
#2385=LINE('',#16212,#3816);
#2386=LINE('',#16213,#3817);
#2387=LINE('',#16216,#3818);
#2388=LINE('',#16218,#3819);
#2389=LINE('',#16219,#3820);
#2390=LINE('',#16222,#3821);
#2391=LINE('',#16224,#3822);
#2392=LINE('',#16225,#3823);
#2393=LINE('',#16228,#3824);
#2394=LINE('',#16230,#3825);
#2395=LINE('',#16231,#3826);
#2396=LINE('',#16233,#3827);
#2397=LINE('',#16234,#3828);
#2398=LINE('',#16237,#3829);
#2399=LINE('',#16238,#3830);
#2400=LINE('',#16240,#3831);
#2401=LINE('',#16243,#3832);
#2402=LINE('',#16244,#3833);
#2403=LINE('',#16246,#3834);
#2404=LINE('',#16248,#3835);
#2405=LINE('',#16251,#3836);
#2406=LINE('',#16252,#3837);
#2407=LINE('',#16254,#3838);
#2408=LINE('',#16257,#3839);
#2409=LINE('',#16258,#3840);
#2410=LINE('',#16260,#3841);
#2411=LINE('',#16262,#3842);
#2412=LINE('',#16265,#3843);
#2413=LINE('',#16266,#3844);
#2414=LINE('',#16268,#3845);
#2415=LINE('',#16271,#3846);
#2416=LINE('',#16272,#3847);
#2417=LINE('',#16274,#3848);
#2418=LINE('',#16276,#3849);
#2419=LINE('',#16279,#3850);
#2420=LINE('',#16280,#3851);
#2421=LINE('',#16282,#3852);
#2422=LINE('',#16285,#3853);
#2423=LINE('',#16286,#3854);
#2424=LINE('',#16288,#3855);
#2425=LINE('',#16290,#3856);
#2426=LINE('',#16293,#3857);
#2427=LINE('',#16294,#3858);
#2428=LINE('',#16296,#3859);
#2429=LINE('',#16299,#3860);
#2430=LINE('',#16300,#3861);
#2431=LINE('',#16302,#3862);
#2432=LINE('',#16304,#3863);
#2433=LINE('',#16307,#3864);
#2434=LINE('',#16308,#3865);
#2435=LINE('',#16310,#3866);
#2436=LINE('',#16313,#3867);
#2437=LINE('',#16314,#3868);
#2438=LINE('',#16316,#3869);
#2439=LINE('',#16318,#3870);
#2440=LINE('',#16320,#3871);
#2441=LINE('',#16321,#3872);
#2442=LINE('',#16324,#3873);
#2443=LINE('',#16325,#3874);
#2444=LINE('',#16328,#3875);
#2445=LINE('',#16330,#3876);
#2446=LINE('',#16332,#3877);
#2447=LINE('',#16334,#3878);
#2448=LINE('',#16336,#3879);
#2449=LINE('',#16340,#3880);
#2450=LINE('',#16341,#3881);
#2451=LINE('',#16343,#3882);
#2452=LINE('',#16346,#3883);
#2453=LINE('',#16348,#3884);
#2454=LINE('',#16349,#3885);
#2455=LINE('',#16352,#3886);
#2456=LINE('',#16353,#3887);
#2457=LINE('',#16355,#3888);
#2458=LINE('',#16357,#3889);
#2459=LINE('',#16360,#3890);
#2460=LINE('',#16361,#3891);
#2461=LINE('',#16364,#3892);
#2462=LINE('',#16365,#3893);
#2463=LINE('',#16367,#3894);
#2464=LINE('',#16369,#3895);
#2465=LINE('',#16372,#3896);
#2466=LINE('',#16373,#3897);
#2467=LINE('',#16376,#3898);
#2468=LINE('',#16377,#3899);
#2469=LINE('',#16379,#3900);
#2470=LINE('',#16382,#3901);
#2471=LINE('',#16383,#3902);
#2472=LINE('',#16385,#3903);
#2473=LINE('',#16386,#3904);
#2474=LINE('',#16388,#3905);
#2475=LINE('',#16390,#3906);
#2476=LINE('',#16392,#3907);
#2477=LINE('',#16396,#3908);
#2478=LINE('',#16398,#3909);
#2479=LINE('',#16399,#3910);
#2480=LINE('',#16402,#3911);
#2481=LINE('',#16403,#3912);
#2482=LINE('',#16406,#3913);
#2483=LINE('',#16407,#3914);
#2484=LINE('',#16410,#3915);
#2485=LINE('',#16411,#3916);
#2486=LINE('',#16413,#3917);
#2487=LINE('',#16414,#3918);
#2488=LINE('',#16416,#3919);
#2489=LINE('',#16418,#3920);
#2490=LINE('',#16419,#3921);
#2491=LINE('',#16422,#3922);
#2492=LINE('',#16423,#3923);
#2493=LINE('',#16425,#3924);
#2494=LINE('',#16427,#3925);
#2495=LINE('',#16429,#3926);
#2496=LINE('',#16431,#3927);
#2497=LINE('',#16433,#3928);
#2498=LINE('',#16434,#3929);
#2499=LINE('',#16437,#3930);
#2500=LINE('',#16438,#3931);
#2501=LINE('',#16440,#3932);
#2502=LINE('',#16442,#3933);
#2503=LINE('',#16443,#3934);
#2504=LINE('',#16446,#3935);
#2505=LINE('',#16448,#3936);
#2506=LINE('',#16450,#3937);
#2507=LINE('',#16452,#3938);
#2508=LINE('',#16455,#3939);
#2509=LINE('',#16457,#3940);
#2510=LINE('',#16459,#3941);
#2511=LINE('',#16463,#3942);
#2512=LINE('',#16465,#3943);
#2513=LINE('',#16467,#3944);
#2514=LINE('',#16472,#3945);
#2515=LINE('',#16474,#3946);
#2516=LINE('',#16476,#3947);
#2517=LINE('',#16478,#3948);
#2518=LINE('',#16480,#3949);
#2519=LINE('',#16481,#3950);
#2520=LINE('',#16485,#3951);
#2521=LINE('',#16487,#3952);
#2522=LINE('',#16489,#3953);
#2523=LINE('',#16490,#3954);
#2524=LINE('',#16493,#3955);
#2525=LINE('',#16495,#3956);
#2526=LINE('',#16496,#3957);
#2527=LINE('',#16499,#3958);
#2528=LINE('',#16501,#3959);
#2529=LINE('',#16502,#3960);
#2530=LINE('',#16505,#3961);
#2531=LINE('',#16507,#3962);
#2532=LINE('',#16508,#3963);
#2533=LINE('',#16511,#3964);
#2534=LINE('',#16513,#3965);
#2535=LINE('',#16514,#3966);
#2536=LINE('',#16517,#3967);
#2537=LINE('',#16518,#3968);
#2538=LINE('',#16519,#3969);
#2539=LINE('',#16522,#3970);
#2540=LINE('',#16523,#3971);
#2541=LINE('',#16526,#3972);
#2542=LINE('',#16527,#3973);
#2543=LINE('',#16530,#3974);
#2544=LINE('',#16532,#3975);
#2545=LINE('',#16533,#3976);
#2546=LINE('',#16536,#3977);
#2547=LINE('',#16538,#3978);
#2548=LINE('',#16539,#3979);
#2549=LINE('',#16542,#3980);
#2550=LINE('',#16544,#3981);
#2551=LINE('',#16545,#3982);
#2552=LINE('',#16548,#3983);
#2553=LINE('',#16550,#3984);
#2554=LINE('',#16551,#3985);
#2555=LINE('',#16554,#3986);
#2556=LINE('',#16556,#3987);
#2557=LINE('',#16557,#3988);
#2558=LINE('',#16560,#3989);
#2559=LINE('',#16562,#3990);
#2560=LINE('',#16563,#3991);
#2561=LINE('',#16565,#3992);
#2562=LINE('',#16566,#3993);
#2563=LINE('',#16570,#3994);
#2564=LINE('',#16572,#3995);
#2565=LINE('',#16574,#3996);
#2566=LINE('',#16576,#3997);
#2567=LINE('',#16578,#3998);
#2568=LINE('',#16580,#3999);
#2569=LINE('',#16582,#4000);
#2570=LINE('',#16584,#4001);
#2571=LINE('',#16586,#4002);
#2572=LINE('',#16588,#4003);
#2573=LINE('',#16590,#4004);
#2574=LINE('',#16592,#4005);
#2575=LINE('',#16594,#4006);
#2576=LINE('',#16596,#4007);
#2577=LINE('',#16597,#4008);
#2578=LINE('',#16601,#4009);
#2579=LINE('',#16603,#4010);
#2580=LINE('',#16605,#4011);
#2581=LINE('',#16607,#4012);
#2582=LINE('',#16609,#4013);
#2583=LINE('',#16611,#4014);
#2584=LINE('',#16613,#4015);
#2585=LINE('',#16615,#4016);
#2586=LINE('',#16616,#4017);
#2587=LINE('',#16619,#4018);
#2588=LINE('',#16621,#4019);
#2589=LINE('',#16622,#4020);
#2590=LINE('',#16625,#4021);
#2591=LINE('',#16627,#4022);
#2592=LINE('',#16629,#4023);
#2593=LINE('',#16630,#4024);
#2594=LINE('',#16631,#4025);
#2595=LINE('',#16634,#4026);
#2596=LINE('',#16635,#4027);
#2597=LINE('',#16638,#4028);
#2598=LINE('',#16639,#4029);
#2599=LINE('',#16642,#4030);
#2600=LINE('',#16643,#4031);
#2601=LINE('',#16646,#4032);
#2602=LINE('',#16647,#4033);
#2603=LINE('',#16649,#4034);
#2604=LINE('',#16653,#4035);
#2605=LINE('',#16655,#4036);
#2606=LINE('',#16656,#4037);
#2607=LINE('',#16658,#4038);
#2608=LINE('',#16660,#4039);
#2609=LINE('',#16662,#4040);
#2610=LINE('',#16664,#4041);
#2611=LINE('',#16665,#4042);
#2612=LINE('',#16668,#4043);
#2613=LINE('',#16670,#4044);
#2614=LINE('',#16671,#4045);
#2615=LINE('',#16673,#4046);
#2616=LINE('',#16676,#4047);
#2617=LINE('',#16677,#4048);
#2618=LINE('',#16680,#4049);
#2619=LINE('',#16681,#4050);
#2620=LINE('',#16682,#4051);
#2621=LINE('',#16684,#4052);
#2622=LINE('',#16686,#4053);
#2623=LINE('',#16688,#4054);
#2624=LINE('',#16690,#4055);
#2625=LINE('',#16692,#4056);
#2626=LINE('',#16696,#4057);
#2627=LINE('',#16697,#4058);
#2628=LINE('',#16700,#4059);
#2629=LINE('',#16701,#4060);
#2630=LINE('',#16704,#4061);
#2631=LINE('',#16705,#4062);
#2632=LINE('',#16708,#4063);
#2633=LINE('',#16709,#4064);
#2634=LINE('',#16712,#4065);
#2635=LINE('',#16713,#4066);
#2636=LINE('',#16716,#4067);
#2637=LINE('',#16717,#4068);
#2638=LINE('',#16719,#4069);
#2639=LINE('',#16724,#4070);
#2640=LINE('',#16728,#4071);
#2641=LINE('',#16732,#4072);
#2642=LINE('',#16736,#4073);
#2643=LINE('',#16740,#4074);
#2644=LINE('',#16742,#4075);
#2645=LINE('',#16744,#4076);
#2646=LINE('',#16746,#4077);
#2647=LINE('',#16748,#4078);
#2648=LINE('',#16750,#4079);
#2649=LINE('',#16752,#4080);
#2650=LINE('',#16753,#4081);
#2651=LINE('',#16758,#4082);
#2652=LINE('',#16761,#4083);
#2653=LINE('',#16764,#4084);
#2654=LINE('',#16765,#4085);
#2655=LINE('',#16768,#4086);
#2656=LINE('',#16772,#4087);
#2657=LINE('',#16773,#4088);
#2658=LINE('',#16776,#4089);
#2659=LINE('',#16780,#4090);
#2660=LINE('',#16781,#4091);
#2661=LINE('',#16784,#4092);
#2662=LINE('',#16788,#4093);
#2663=LINE('',#16789,#4094);
#2664=LINE('',#16793,#4095);
#2665=LINE('',#16796,#4096);
#2666=LINE('',#16797,#4097);
#2667=LINE('',#16800,#4098);
#2668=LINE('',#16801,#4099);
#2669=LINE('',#16804,#4100);
#2670=LINE('',#16805,#4101);
#2671=LINE('',#16808,#4102);
#2672=LINE('',#16809,#4103);
#2673=LINE('',#16812,#4104);
#2674=LINE('',#16813,#4105);
#2675=LINE('',#16816,#4106);
#2676=LINE('',#16817,#4107);
#2677=LINE('',#16820,#4108);
#2678=LINE('',#16821,#4109);
#2679=LINE('',#16823,#4110);
#2680=LINE('',#16829,#4111);
#2681=LINE('',#16834,#4112);
#2682=LINE('',#16836,#4113);
#2683=LINE('',#16838,#4114);
#2684=LINE('',#16839,#4115);
#2685=LINE('',#16842,#4116);
#2686=LINE('',#16844,#4117);
#2687=LINE('',#16845,#4118);
#2688=LINE('',#16848,#4119);
#2689=LINE('',#16850,#4120);
#2690=LINE('',#16851,#4121);
#2691=LINE('',#16854,#4122);
#2692=LINE('',#16856,#4123);
#2693=LINE('',#16857,#4124);
#2694=LINE('',#16860,#4125);
#2695=LINE('',#16862,#4126);
#2696=LINE('',#16863,#4127);
#2697=LINE('',#16866,#4128);
#2698=LINE('',#16868,#4129);
#2699=LINE('',#16869,#4130);
#2700=LINE('',#16872,#4131);
#2701=LINE('',#16874,#4132);
#2702=LINE('',#16875,#4133);
#2703=LINE('',#16878,#4134);
#2704=LINE('',#16880,#4135);
#2705=LINE('',#16881,#4136);
#2706=LINE('',#16884,#4137);
#2707=LINE('',#16886,#4138);
#2708=LINE('',#16887,#4139);
#2709=LINE('',#16890,#4140);
#2710=LINE('',#16892,#4141);
#2711=LINE('',#16893,#4142);
#2712=LINE('',#16896,#4143);
#2713=LINE('',#16898,#4144);
#2714=LINE('',#16899,#4145);
#2715=LINE('',#16902,#4146);
#2716=LINE('',#16904,#4147);
#2717=LINE('',#16905,#4148);
#2718=LINE('',#16908,#4149);
#2719=LINE('',#16910,#4150);
#2720=LINE('',#16911,#4151);
#2721=LINE('',#16914,#4152);
#2722=LINE('',#16916,#4153);
#2723=LINE('',#16917,#4154);
#2724=LINE('',#16920,#4155);
#2725=LINE('',#16922,#4156);
#2726=LINE('',#16923,#4157);
#2727=LINE('',#16926,#4158);
#2728=LINE('',#16928,#4159);
#2729=LINE('',#16929,#4160);
#2730=LINE('',#16932,#4161);
#2731=LINE('',#16934,#4162);
#2732=LINE('',#16935,#4163);
#2733=LINE('',#16938,#4164);
#2734=LINE('',#16940,#4165);
#2735=LINE('',#16941,#4166);
#2736=LINE('',#16944,#4167);
#2737=LINE('',#16946,#4168);
#2738=LINE('',#16947,#4169);
#2739=LINE('',#16950,#4170);
#2740=LINE('',#16952,#4171);
#2741=LINE('',#16953,#4172);
#2742=LINE('',#16956,#4173);
#2743=LINE('',#16958,#4174);
#2744=LINE('',#16959,#4175);
#2745=LINE('',#16962,#4176);
#2746=LINE('',#16964,#4177);
#2747=LINE('',#16965,#4178);
#2748=LINE('',#16968,#4179);
#2749=LINE('',#16970,#4180);
#2750=LINE('',#16971,#4181);
#2751=LINE('',#16974,#4182);
#2752=LINE('',#16976,#4183);
#2753=LINE('',#16977,#4184);
#2754=LINE('',#16980,#4185);
#2755=LINE('',#16982,#4186);
#2756=LINE('',#16983,#4187);
#2757=LINE('',#16986,#4188);
#2758=LINE('',#16988,#4189);
#2759=LINE('',#16989,#4190);
#2760=LINE('',#16992,#4191);
#2761=LINE('',#16994,#4192);
#2762=LINE('',#16995,#4193);
#2763=LINE('',#16998,#4194);
#2764=LINE('',#17000,#4195);
#2765=LINE('',#17001,#4196);
#2766=LINE('',#17004,#4197);
#2767=LINE('',#17006,#4198);
#2768=LINE('',#17007,#4199);
#2769=LINE('',#17010,#4200);
#2770=LINE('',#17012,#4201);
#2771=LINE('',#17013,#4202);
#2772=LINE('',#17016,#4203);
#2773=LINE('',#17018,#4204);
#2774=LINE('',#17019,#4205);
#2775=LINE('',#17022,#4206);
#2776=LINE('',#17024,#4207);
#2777=LINE('',#17025,#4208);
#2778=LINE('',#17028,#4209);
#2779=LINE('',#17030,#4210);
#2780=LINE('',#17031,#4211);
#2781=LINE('',#17034,#4212);
#2782=LINE('',#17036,#4213);
#2783=LINE('',#17037,#4214);
#2784=LINE('',#17040,#4215);
#2785=LINE('',#17042,#4216);
#2786=LINE('',#17043,#4217);
#2787=LINE('',#17046,#4218);
#2788=LINE('',#17048,#4219);
#2789=LINE('',#17049,#4220);
#2790=LINE('',#17052,#4221);
#2791=LINE('',#17054,#4222);
#2792=LINE('',#17055,#4223);
#2793=LINE('',#17058,#4224);
#2794=LINE('',#17060,#4225);
#2795=LINE('',#17061,#4226);
#2796=LINE('',#17064,#4227);
#2797=LINE('',#17066,#4228);
#2798=LINE('',#17067,#4229);
#2799=LINE('',#17070,#4230);
#2800=LINE('',#17072,#4231);
#2801=LINE('',#17073,#4232);
#2802=LINE('',#17076,#4233);
#2803=LINE('',#17078,#4234);
#2804=LINE('',#17079,#4235);
#2805=LINE('',#17082,#4236);
#2806=LINE('',#17084,#4237);
#2807=LINE('',#17085,#4238);
#2808=LINE('',#17088,#4239);
#2809=LINE('',#17090,#4240);
#2810=LINE('',#17091,#4241);
#2811=LINE('',#17094,#4242);
#2812=LINE('',#17096,#4243);
#2813=LINE('',#17097,#4244);
#2814=LINE('',#17100,#4245);
#2815=LINE('',#17102,#4246);
#2816=LINE('',#17103,#4247);
#2817=LINE('',#17106,#4248);
#2818=LINE('',#17108,#4249);
#2819=LINE('',#17109,#4250);
#2820=LINE('',#17112,#4251);
#2821=LINE('',#17114,#4252);
#2822=LINE('',#17115,#4253);
#2823=LINE('',#17118,#4254);
#2824=LINE('',#17120,#4255);
#2825=LINE('',#17121,#4256);
#2826=LINE('',#17124,#4257);
#2827=LINE('',#17126,#4258);
#2828=LINE('',#17127,#4259);
#2829=LINE('',#17130,#4260);
#2830=LINE('',#17132,#4261);
#2831=LINE('',#17133,#4262);
#2832=LINE('',#17136,#4263);
#2833=LINE('',#17138,#4264);
#2834=LINE('',#17139,#4265);
#2835=LINE('',#17141,#4266);
#2836=LINE('',#17142,#4267);
#2837=VECTOR('',#11437,10.);
#2838=VECTOR('',#11438,10.);
#2839=VECTOR('',#11439,10.);
#2840=VECTOR('',#11442,10.);
#2841=VECTOR('',#11443,10.);
#2842=VECTOR('',#11444,10.);
#2843=VECTOR('',#11447,10.);
#2844=VECTOR('',#11448,10.);
#2845=VECTOR('',#11449,10.);
#2846=VECTOR('',#11452,10.);
#2847=VECTOR('',#11453,10.);
#2848=VECTOR('',#11454,10.);
#2849=VECTOR('',#11457,10.);
#2850=VECTOR('',#11458,10.);
#2851=VECTOR('',#11459,10.);
#2852=VECTOR('',#11460,10.);
#2853=VECTOR('',#11461,10.);
#2854=VECTOR('',#11462,10.);
#2855=VECTOR('',#11463,10.);
#2856=VECTOR('',#11464,10.);
#2857=VECTOR('',#11465,10.);
#2858=VECTOR('',#11466,10.);
#2859=VECTOR('',#11467,10.);
#2860=VECTOR('',#11468,10.);
#2861=VECTOR('',#11469,10.);
#2862=VECTOR('',#11470,10.);
#2863=VECTOR('',#11471,10.);
#2864=VECTOR('',#11472,10.);
#2865=VECTOR('',#11473,10.);
#2866=VECTOR('',#11474,10.);
#2867=VECTOR('',#11475,10.);
#2868=VECTOR('',#11476,10.);
#2869=VECTOR('',#11477,10.);
#2870=VECTOR('',#11478,10.);
#2871=VECTOR('',#11479,10.);
#2872=VECTOR('',#11480,10.);
#2873=VECTOR('',#11481,10.);
#2874=VECTOR('',#11482,10.);
#2875=VECTOR('',#11483,10.);
#2876=VECTOR('',#11484,10.);
#2877=VECTOR('',#11485,10.);
#2878=VECTOR('',#11486,10.);
#2879=VECTOR('',#11487,10.);
#2880=VECTOR('',#11488,10.);
#2881=VECTOR('',#11489,10.);
#2882=VECTOR('',#11490,10.);
#2883=VECTOR('',#11491,10.);
#2884=VECTOR('',#11492,10.);
#2885=VECTOR('',#11493,10.);
#2886=VECTOR('',#11494,10.);
#2887=VECTOR('',#11495,10.);
#2888=VECTOR('',#11496,10.);
#2889=VECTOR('',#11497,10.);
#2890=VECTOR('',#11498,10.);
#2891=VECTOR('',#11499,10.);
#2892=VECTOR('',#11500,10.);
#2893=VECTOR('',#11501,10.);
#2894=VECTOR('',#11502,10.);
#2895=VECTOR('',#11503,10.);
#2896=VECTOR('',#11504,10.);
#2897=VECTOR('',#11505,10.);
#2898=VECTOR('',#11506,10.);
#2899=VECTOR('',#11507,10.);
#2900=VECTOR('',#11508,10.);
#2901=VECTOR('',#11509,10.);
#2902=VECTOR('',#11512,10.);
#2903=VECTOR('',#11513,10.);
#2904=VECTOR('',#11514,10.);
#2905=VECTOR('',#11515,10.);
#2906=VECTOR('',#11518,10.);
#2907=VECTOR('',#11519,10.);
#2908=VECTOR('',#11520,10.);
#2909=VECTOR('',#11521,10.);
#2910=VECTOR('',#11524,10.);
#2911=VECTOR('',#11525,10.);
#2912=VECTOR('',#11526,10.);
#2913=VECTOR('',#11527,10.);
#2914=VECTOR('',#11530,10.);
#2915=VECTOR('',#11531,10.);
#2916=VECTOR('',#11532,10.);
#2917=VECTOR('',#11535,10.);
#2918=VECTOR('',#11536,10.);
#2919=VECTOR('',#11537,10.);
#2920=VECTOR('',#11540,10.);
#2921=VECTOR('',#11541,10.);
#2922=VECTOR('',#11542,10.);
#2923=VECTOR('',#11545,10.);
#2924=VECTOR('',#11546,10.);
#2925=VECTOR('',#11547,10.);
#2926=VECTOR('',#11548,10.);
#2927=VECTOR('',#11549,10.);
#2928=VECTOR('',#11550,10.);
#2929=VECTOR('',#11551,10.);
#2930=VECTOR('',#11552,10.);
#2931=VECTOR('',#11553,10.);
#2932=VECTOR('',#11554,10.);
#2933=VECTOR('',#11555,10.);
#2934=VECTOR('',#11556,10.);
#2935=VECTOR('',#11557,10.);
#2936=VECTOR('',#11558,10.);
#2937=VECTOR('',#11559,10.);
#2938=VECTOR('',#11560,10.);
#2939=VECTOR('',#11561,10.);
#2940=VECTOR('',#11562,10.);
#2941=VECTOR('',#11563,10.);
#2942=VECTOR('',#11564,10.);
#2943=VECTOR('',#11565,10.);
#2944=VECTOR('',#11566,10.);
#2945=VECTOR('',#11567,10.);
#2946=VECTOR('',#11568,10.);
#2947=VECTOR('',#11569,10.);
#2948=VECTOR('',#11570,10.);
#2949=VECTOR('',#11571,10.);
#2950=VECTOR('',#11572,10.);
#2951=VECTOR('',#11573,10.);
#2952=VECTOR('',#11574,10.);
#2953=VECTOR('',#11575,10.);
#2954=VECTOR('',#11576,10.);
#2955=VECTOR('',#11577,10.);
#2956=VECTOR('',#11578,10.);
#2957=VECTOR('',#11579,10.);
#2958=VECTOR('',#11580,10.);
#2959=VECTOR('',#11581,10.);
#2960=VECTOR('',#11582,10.);
#2961=VECTOR('',#11583,10.);
#2962=VECTOR('',#11584,10.);
#2963=VECTOR('',#11585,10.);
#2964=VECTOR('',#11586,10.);
#2965=VECTOR('',#11589,10.);
#2966=VECTOR('',#11590,10.);
#2967=VECTOR('',#11591,10.);
#2968=VECTOR('',#11594,10.);
#2969=VECTOR('',#11595,10.);
#2970=VECTOR('',#11596,10.);
#2971=VECTOR('',#11599,10.);
#2972=VECTOR('',#11600,10.);
#2973=VECTOR('',#11601,10.);
#2974=VECTOR('',#11602,10.);
#2975=VECTOR('',#11605,10.);
#2976=VECTOR('',#11606,10.);
#2977=VECTOR('',#11609,10.);
#2978=VECTOR('',#11610,10.);
#2979=VECTOR('',#11611,10.);
#2980=VECTOR('',#11614,10.);
#2981=VECTOR('',#11615,10.);
#2982=VECTOR('',#11616,10.);
#2983=VECTOR('',#11619,10.);
#2984=VECTOR('',#11620,10.);
#2985=VECTOR('',#11621,10.);
#2986=VECTOR('',#11624,10.);
#2987=VECTOR('',#11625,10.);
#2988=VECTOR('',#11626,10.);
#2989=VECTOR('',#11629,10.);
#2990=VECTOR('',#11630,10.);
#2991=VECTOR('',#11631,10.);
#2992=VECTOR('',#11634,10.);
#2993=VECTOR('',#11635,10.);
#2994=VECTOR('',#11636,10.);
#2995=VECTOR('',#11639,10.);
#2996=VECTOR('',#11640,10.);
#2997=VECTOR('',#11643,10.);
#2998=VECTOR('',#11644,10.);
#2999=VECTOR('',#11645,10.);
#3000=VECTOR('',#11648,10.);
#3001=VECTOR('',#11649,10.);
#3002=VECTOR('',#11650,10.);
#3003=VECTOR('',#11651,10.);
#3004=VECTOR('',#11654,10.);
#3005=VECTOR('',#11655,10.);
#3006=VECTOR('',#11656,10.);
#3007=VECTOR('',#11657,10.);
#3008=VECTOR('',#11660,10.);
#3009=VECTOR('',#11661,10.);
#3010=VECTOR('',#11664,10.);
#3011=VECTOR('',#11667,10.);
#3012=VECTOR('',#11668,10.);
#3013=VECTOR('',#11669,10.);
#3014=VECTOR('',#11670,10.);
#3015=VECTOR('',#11673,10.);
#3016=VECTOR('',#11674,10.);
#3017=VECTOR('',#11677,10.);
#3018=VECTOR('',#11678,10.);
#3019=VECTOR('',#11679,10.);
#3020=VECTOR('',#11682,10.);
#3021=VECTOR('',#11683,10.);
#3022=VECTOR('',#11684,10.);
#3023=VECTOR('',#11687,10.);
#3024=VECTOR('',#11688,10.);
#3025=VECTOR('',#11691,10.);
#3026=VECTOR('',#11692,10.);
#3027=VECTOR('',#11695,10.);
#3028=VECTOR('',#11696,10.);
#3029=VECTOR('',#11699,10.);
#3030=VECTOR('',#11702,10.);
#3031=VECTOR('',#11705,10.);
#3032=VECTOR('',#11706,10.);
#3033=VECTOR('',#11709,10.);
#3034=VECTOR('',#11710,10.);
#3035=VECTOR('',#11711,10.);
#3036=VECTOR('',#11714,10.);
#3037=VECTOR('',#11715,10.);
#3038=VECTOR('',#11718,10.);
#3039=VECTOR('',#11719,10.);
#3040=VECTOR('',#11722,10.);
#3041=VECTOR('',#11723,10.);
#3042=VECTOR('',#11724,10.);
#3043=VECTOR('',#11725,10.);
#3044=VECTOR('',#11728,10.);
#3045=VECTOR('',#11729,10.);
#3046=VECTOR('',#11734,10.);
#3047=VECTOR('',#11735,10.);
#3048=VECTOR('',#11738,10.);
#3049=VECTOR('',#11739,10.);
#3050=VECTOR('',#11742,10.);
#3051=VECTOR('',#11743,10.);
#3052=VECTOR('',#11746,10.);
#3053=VECTOR('',#11747,10.);
#3054=VECTOR('',#11748,10.);
#3055=VECTOR('',#11751,10.);
#3056=VECTOR('',#11752,10.);
#3057=VECTOR('',#11755,10.);
#3058=VECTOR('',#11756,10.);
#3059=VECTOR('',#11759,10.);
#3060=VECTOR('',#11762,10.);
#3061=VECTOR('',#11767,10.);
#3062=VECTOR('',#11768,10.);
#3063=VECTOR('',#11771,10.);
#3064=VECTOR('',#11774,10.);
#3065=VECTOR('',#11777,10.);
#3066=VECTOR('',#11780,10.);
#3067=VECTOR('',#11781,10.);
#3068=VECTOR('',#11784,10.);
#3069=VECTOR('',#11785,10.);
#3070=VECTOR('',#11788,10.);
#3071=VECTOR('',#11789,10.);
#3072=VECTOR('',#11792,10.);
#3073=VECTOR('',#11793,10.);
#3074=VECTOR('',#11796,10.);
#3075=VECTOR('',#11797,10.);
#3076=VECTOR('',#11800,10.);
#3077=VECTOR('',#11803,10.);
#3078=VECTOR('',#11806,10.);
#3079=VECTOR('',#11809,10.);
#3080=VECTOR('',#11810,10.);
#3081=VECTOR('',#11813,10.);
#3082=VECTOR('',#11816,10.);
#3083=VECTOR('',#11817,10.);
#3084=VECTOR('',#11820,10.);
#3085=VECTOR('',#11823,10.);
#3086=VECTOR('',#11826,10.);
#3087=VECTOR('',#11827,10.);
#3088=VECTOR('',#11828,10.);
#3089=VECTOR('',#11831,10.);
#3090=VECTOR('',#11834,10.);
#3091=VECTOR('',#11837,10.);
#3092=VECTOR('',#11838,10.);
#3093=VECTOR('',#11845,10.);
#3094=VECTOR('',#11848,10.);
#3095=VECTOR('',#11851,10.);
#3096=VECTOR('',#11852,10.);
#3097=VECTOR('',#11855,10.);
#3098=VECTOR('',#11856,10.);
#3099=VECTOR('',#11859,10.);
#3100=VECTOR('',#11860,10.);
#3101=VECTOR('',#11863,10.);
#3102=VECTOR('',#11866,10.);
#3103=VECTOR('',#11869,10.);
#3104=VECTOR('',#11872,10.);
#3105=VECTOR('',#11875,10.);
#3106=VECTOR('',#11876,10.);
#3107=VECTOR('',#11877,10.);
#3108=VECTOR('',#11878,10.);
#3109=VECTOR('',#11879,10.);
#3110=VECTOR('',#11880,10.);
#3111=VECTOR('',#11881,10.);
#3112=VECTOR('',#11884,10.);
#3113=VECTOR('',#11885,10.);
#3114=VECTOR('',#11886,10.);
#3115=VECTOR('',#11889,10.);
#3116=VECTOR('',#11890,10.);
#3117=VECTOR('',#11893,10.);
#3118=VECTOR('',#11894,10.);
#3119=VECTOR('',#11895,10.);
#3120=VECTOR('',#11898,10.);
#3121=VECTOR('',#11901,10.);
#3122=VECTOR('',#11902,10.);
#3123=VECTOR('',#11905,10.);
#3124=VECTOR('',#11908,10.);
#3125=VECTOR('',#11909,10.);
#3126=VECTOR('',#11910,10.);
#3127=VECTOR('',#11913,10.);
#3128=VECTOR('',#11916,10.);
#3129=VECTOR('',#11917,10.);
#3130=VECTOR('',#11920,10.);
#3131=VECTOR('',#11923,10.);
#3132=VECTOR('',#11924,10.);
#3133=VECTOR('',#11927,10.);
#3134=VECTOR('',#11930,10.);
#3135=VECTOR('',#11931,10.);
#3136=VECTOR('',#11934,10.);
#3137=VECTOR('',#11937,10.);
#3138=VECTOR('',#11938,10.);
#3139=VECTOR('',#11941,10.);
#3140=VECTOR('',#11944,10.);
#3141=VECTOR('',#11945,10.);
#3142=VECTOR('',#11946,10.);
#3143=VECTOR('',#11951,10.);
#3144=VECTOR('',#11952,10.);
#3145=VECTOR('',#11957,10.);
#3146=VECTOR('',#11958,10.);
#3147=VECTOR('',#11961,10.);
#3148=VECTOR('',#11964,10.);
#3149=VECTOR('',#11965,10.);
#3150=VECTOR('',#11968,10.);
#3151=VECTOR('',#11971,10.);
#3152=VECTOR('',#11972,10.);
#3153=VECTOR('',#11975,10.);
#3154=VECTOR('',#11978,10.);
#3155=VECTOR('',#11979,10.);
#3156=VECTOR('',#11982,10.);
#3157=VECTOR('',#11985,10.);
#3158=VECTOR('',#11986,10.);
#3159=VECTOR('',#11991,10.);
#3160=VECTOR('',#11992,10.);
#3161=VECTOR('',#11995,10.);
#3162=VECTOR('',#11996,10.);
#3163=VECTOR('',#11999,10.);
#3164=VECTOR('',#12000,10.);
#3165=VECTOR('',#12003,10.);
#3166=VECTOR('',#12004,10.);
#3167=VECTOR('',#12007,10.);
#3168=VECTOR('',#12008,10.);
#3169=VECTOR('',#12011,10.);
#3170=VECTOR('',#12012,10.);
#3171=VECTOR('',#12015,10.);
#3172=VECTOR('',#12016,10.);
#3173=VECTOR('',#12019,10.);
#3174=VECTOR('',#12020,10.);
#3175=VECTOR('',#12023,10.);
#3176=VECTOR('',#12024,10.);
#3177=VECTOR('',#12027,10.);
#3178=VECTOR('',#12030,10.);
#3179=VECTOR('',#12033,10.);
#3180=VECTOR('',#12036,10.);
#3181=VECTOR('',#12039,10.);
#3182=VECTOR('',#12042,10.);
#3183=VECTOR('',#12045,10.);
#3184=VECTOR('',#12048,10.);
#3185=VECTOR('',#12051,10.);
#3186=VECTOR('',#12054,10.);
#3187=VECTOR('',#12059,10.);
#3188=VECTOR('',#12060,10.);
#3189=VECTOR('',#12063,10.);
#3190=VECTOR('',#12066,10.);
#3191=VECTOR('',#12067,10.);
#3192=VECTOR('',#12070,10.);
#3193=VECTOR('',#12073,10.);
#3194=VECTOR('',#12074,10.);
#3195=VECTOR('',#12077,10.);
#3196=VECTOR('',#12080,10.);
#3197=VECTOR('',#12081,10.);
#3198=VECTOR('',#12084,10.);
#3199=VECTOR('',#12087,10.);
#3200=VECTOR('',#12088,10.);
#3201=VECTOR('',#12093,10.);
#3202=VECTOR('',#12094,10.);
#3203=VECTOR('',#12095,10.);
#3204=VECTOR('',#12100,10.);
#3205=VECTOR('',#12101,10.);
#3206=VECTOR('',#12102,10.);
#3207=VECTOR('',#12107,10.);
#3208=VECTOR('',#12108,10.);
#3209=VECTOR('',#12109,10.);
#3210=VECTOR('',#12114,10.);
#3211=VECTOR('',#12115,10.);
#3212=VECTOR('',#12118,10.);
#3213=VECTOR('',#12121,10.);
#3214=VECTOR('',#12122,10.);
#3215=VECTOR('',#12127,10.);
#3216=VECTOR('',#12128,10.);
#3217=VECTOR('',#12129,10.);
#3218=VECTOR('',#12132,10.);
#3219=VECTOR('',#12133,10.);
#3220=VECTOR('',#12136,10.);
#3221=VECTOR('',#12139,10.);
#3222=VECTOR('',#12140,10.);
#3223=VECTOR('',#12141,10.);
#3224=VECTOR('',#12144,10.);
#3225=VECTOR('',#12145,10.);
#3226=VECTOR('',#12146,10.);
#3227=VECTOR('',#12149,10.);
#3228=VECTOR('',#12150,10.);
#3229=VECTOR('',#12151,10.);
#3230=VECTOR('',#12154,10.);
#3231=VECTOR('',#12155,10.);
#3232=VECTOR('',#12156,10.);
#3233=VECTOR('',#12159,10.);
#3234=VECTOR('',#12160,10.);
#3235=VECTOR('',#12163,10.);
#3236=VECTOR('',#12166,10.);
#3237=VECTOR('',#12169,10.);
#3238=VECTOR('',#12172,10.);
#3239=VECTOR('',#12175,10.);
#3240=VECTOR('',#12178,10.);
#3241=VECTOR('',#12181,10.);
#3242=VECTOR('',#12182,10.);
#3243=VECTOR('',#12187,10.);
#3244=VECTOR('',#12192,10.);
#3245=VECTOR('',#12193,10.);
#3246=VECTOR('',#12196,10.);
#3247=VECTOR('',#12197,10.);
#3248=VECTOR('',#12198,10.);
#3249=VECTOR('',#12201,10.);
#3250=VECTOR('',#12202,10.);
#3251=VECTOR('',#12205,10.);
#3252=VECTOR('',#12206,10.);
#3253=VECTOR('',#12209,10.);
#3254=VECTOR('',#12210,10.);
#3255=VECTOR('',#12213,10.);
#3256=VECTOR('',#12216,10.);
#3257=VECTOR('',#12217,10.);
#3258=VECTOR('',#12218,10.);
#3259=VECTOR('',#12219,10.);
#3260=VECTOR('',#12222,10.);
#3261=VECTOR('',#12223,10.);
#3262=VECTOR('',#12224,10.);
#3263=VECTOR('',#12227,10.);
#3264=VECTOR('',#12228,10.);
#3265=VECTOR('',#12229,10.);
#3266=VECTOR('',#12232,10.);
#3267=VECTOR('',#12233,10.);
#3268=VECTOR('',#12234,10.);
#3269=VECTOR('',#12237,10.);
#3270=VECTOR('',#12238,10.);
#3271=VECTOR('',#12241,10.);
#3272=VECTOR('',#12242,10.);
#3273=VECTOR('',#12245,10.);
#3274=VECTOR('',#12248,10.);
#3275=VECTOR('',#12249,10.);
#3276=VECTOR('',#12252,10.);
#3277=VECTOR('',#12255,10.);
#3278=VECTOR('',#12258,10.);
#3279=VECTOR('',#12259,10.);
#3280=VECTOR('',#12262,10.);
#3281=VECTOR('',#12265,10.);
#3282=VECTOR('',#12266,10.);
#3283=VECTOR('',#12269,10.);
#3284=VECTOR('',#12272,10.);
#3285=VECTOR('',#12275,10.);
#3286=VECTOR('',#12276,10.);
#3287=VECTOR('',#12279,10.);
#3288=VECTOR('',#12282,10.);
#3289=VECTOR('',#12283,10.);
#3290=VECTOR('',#12286,10.);
#3291=VECTOR('',#12289,10.);
#3292=VECTOR('',#12292,10.);
#3293=VECTOR('',#12293,10.);
#3294=VECTOR('',#12296,10.);
#3295=VECTOR('',#12299,10.);
#3296=VECTOR('',#12300,10.);
#3297=VECTOR('',#12303,10.);
#3298=VECTOR('',#12306,10.);
#3299=VECTOR('',#12309,10.);
#3300=VECTOR('',#12310,10.);
#3301=VECTOR('',#12313,10.);
#3302=VECTOR('',#12316,10.);
#3303=VECTOR('',#12317,10.);
#3304=VECTOR('',#12320,10.);
#3305=VECTOR('',#12323,10.);
#3306=VECTOR('',#12326,10.);
#3307=VECTOR('',#12327,10.);
#3308=VECTOR('',#12330,10.);
#3309=VECTOR('',#12333,10.);
#3310=VECTOR('',#12334,10.);
#3311=VECTOR('',#12337,10.);
#3312=VECTOR('',#12340,10.);
#3313=VECTOR('',#12343,10.);
#3314=VECTOR('',#12344,10.);
#3315=VECTOR('',#12349,10.);
#3316=VECTOR('',#12350,10.);
#3317=VECTOR('',#12355,10.);
#3318=VECTOR('',#12358,10.);
#3319=VECTOR('',#12361,10.);
#3320=VECTOR('',#12364,10.);
#3321=VECTOR('',#12367,10.);
#3322=VECTOR('',#12372,10.);
#3323=VECTOR('',#12373,10.);
#3324=VECTOR('',#12376,10.);
#3325=VECTOR('',#12379,10.);
#3326=VECTOR('',#12380,10.);
#3327=VECTOR('',#12381,10.);
#3328=VECTOR('',#12384,10.);
#3329=VECTOR('',#12385,10.);
#3330=VECTOR('',#12388,10.);
#3331=VECTOR('',#12391,10.);
#3332=VECTOR('',#12394,10.);
#3333=VECTOR('',#12395,10.);
#3334=VECTOR('',#12398,10.);
#3335=VECTOR('',#12399,10.);
#3336=VECTOR('',#12402,10.);
#3337=VECTOR('',#12405,10.);
#3338=VECTOR('',#12408,10.);
#3339=VECTOR('',#12409,10.);
#3340=VECTOR('',#12412,10.);
#3341=VECTOR('',#12413,10.);
#3342=VECTOR('',#12416,10.);
#3343=VECTOR('',#12419,10.);
#3344=VECTOR('',#12420,10.);
#3345=VECTOR('',#12423,10.);
#3346=VECTOR('',#12424,10.);
#3347=VECTOR('',#12427,10.);
#3348=VECTOR('',#12430,10.);
#3349=VECTOR('',#12433,10.);
#3350=VECTOR('',#12436,10.);
#3351=VECTOR('',#12437,10.);
#3352=VECTOR('',#12438,10.);
#3353=VECTOR('',#12441,10.);
#3354=VECTOR('',#12442,10.);
#3355=VECTOR('',#12445,10.);
#3356=VECTOR('',#12446,10.);
#3357=VECTOR('',#12449,10.);
#3358=VECTOR('',#12450,10.);
#3359=VECTOR('',#12453,10.);
#3360=VECTOR('',#12454,10.);
#3361=VECTOR('',#12457,10.);
#3362=VECTOR('',#12460,10.);
#3363=VECTOR('',#12461,10.);
#3364=VECTOR('',#12466,10.);
#3365=VECTOR('',#12467,10.);
#3366=VECTOR('',#12470,10.);
#3367=VECTOR('',#12473,10.);
#3368=VECTOR('',#12476,10.);
#3369=VECTOR('',#12479,10.);
#3370=VECTOR('',#12480,10.);
#3371=VECTOR('',#12481,10.);
#3372=VECTOR('',#12484,10.);
#3373=VECTOR('',#12485,10.);
#3374=VECTOR('',#12488,10.);
#3375=VECTOR('',#12491,10.);
#3376=VECTOR('',#12492,10.);
#3377=VECTOR('',#12497,10.);
#3378=VECTOR('',#12500,10.);
#3379=VECTOR('',#12503,10.);
#3380=VECTOR('',#12506,10.);
#3381=VECTOR('',#12511,10.);
#3382=VECTOR('',#12514,10.);
#3383=VECTOR('',#12517,10.);
#3384=VECTOR('',#12524,10.);
#3385=VECTOR('',#12527,10.);
#3386=VECTOR('',#12530,10.);
#3387=VECTOR('',#12535,10.);
#3388=VECTOR('',#12536,10.);
#3389=VECTOR('',#12537,10.);
#3390=VECTOR('',#12538,10.);
#3391=VECTOR('',#12539,10.);
#3392=VECTOR('',#12540,10.);
#3393=VECTOR('',#12541,10.);
#3394=VECTOR('',#12542,10.);
#3395=VECTOR('',#12543,10.);
#3396=VECTOR('',#12544,10.);
#3397=VECTOR('',#12545,10.);
#3398=VECTOR('',#12546,10.);
#3399=VECTOR('',#12547,10.);
#3400=VECTOR('',#12548,10.);
#3401=VECTOR('',#12549,10.);
#3402=VECTOR('',#12550,10.);
#3403=VECTOR('',#12551,10.);
#3404=VECTOR('',#12552,10.);
#3405=VECTOR('',#12553,10.);
#3406=VECTOR('',#12554,10.);
#3407=VECTOR('',#12555,10.);
#3408=VECTOR('',#12556,10.);
#3409=VECTOR('',#12557,10.);
#3410=VECTOR('',#12558,10.);
#3411=VECTOR('',#12559,10.);
#3412=VECTOR('',#12560,10.);
#3413=VECTOR('',#12565,10.);
#3414=VECTOR('',#12570,10.);
#3415=VECTOR('',#12571,10.);
#3416=VECTOR('',#12576,10.);
#3417=VECTOR('',#12579,10.);
#3418=VECTOR('',#12582,10.);
#3419=VECTOR('',#12583,10.);
#3420=VECTOR('',#12584,10.);
#3421=VECTOR('',#12585,10.);
#3422=VECTOR('',#12586,10.);
#3423=VECTOR('',#12589,10.);
#3424=VECTOR('',#12590,10.);
#3425=VECTOR('',#12591,10.);
#3426=VECTOR('',#12592,10.);
#3427=VECTOR('',#12595,10.);
#3428=VECTOR('',#12596,10.);
#3429=VECTOR('',#12597,10.);
#3430=VECTOR('',#12600,10.);
#3431=VECTOR('',#12601,10.);
#3432=VECTOR('',#12602,10.);
#3433=VECTOR('',#12605,10.);
#3434=VECTOR('',#12606,10.);
#3435=VECTOR('',#12609,10.);
#3436=VECTOR('',#12610,10.);
#3437=VECTOR('',#12611,10.);
#3438=VECTOR('',#12614,10.);
#3439=VECTOR('',#12615,10.);
#3440=VECTOR('',#12618,10.);
#3441=VECTOR('',#12619,10.);
#3442=VECTOR('',#12620,10.);
#3443=VECTOR('',#12623,10.);
#3444=VECTOR('',#12624,10.);
#3445=VECTOR('',#12627,10.);
#3446=VECTOR('',#12628,10.);
#3447=VECTOR('',#12629,10.);
#3448=VECTOR('',#12632,10.);
#3449=VECTOR('',#12633,10.);
#3450=VECTOR('',#12634,10.);
#3451=VECTOR('',#12637,10.);
#3452=VECTOR('',#12638,10.);
#3453=VECTOR('',#12639,10.);
#3454=VECTOR('',#12642,10.);
#3455=VECTOR('',#12643,10.);
#3456=VECTOR('',#12644,10.);
#3457=VECTOR('',#12645,10.);
#3458=VECTOR('',#12648,10.);
#3459=VECTOR('',#12649,10.);
#3460=VECTOR('',#12652,10.);
#3461=VECTOR('',#12653,10.);
#3462=VECTOR('',#12656,10.);
#3463=VECTOR('',#12657,10.);
#3464=VECTOR('',#12660,10.);
#3465=VECTOR('',#12661,10.);
#3466=VECTOR('',#12664,10.);
#3467=VECTOR('',#12665,10.);
#3468=VECTOR('',#12668,10.);
#3469=VECTOR('',#12669,10.);
#3470=VECTOR('',#12672,10.);
#3471=VECTOR('',#12673,10.);
#3472=VECTOR('',#12674,10.);
#3473=VECTOR('',#12677,10.);
#3474=VECTOR('',#12678,10.);
#3475=VECTOR('',#12679,10.);
#3476=VECTOR('',#12682,10.);
#3477=VECTOR('',#12683,10.);
#3478=VECTOR('',#12684,10.);
#3479=VECTOR('',#12687,10.);
#3480=VECTOR('',#12688,10.);
#3481=VECTOR('',#12689,10.);
#3482=VECTOR('',#12692,10.);
#3483=VECTOR('',#12693,10.);
#3484=VECTOR('',#12694,10.);
#3485=VECTOR('',#12695,10.);
#3486=VECTOR('',#12696,10.);
#3487=VECTOR('',#12697,10.);
#3488=VECTOR('',#12698,10.);
#3489=VECTOR('',#12699,10.);
#3490=VECTOR('',#12700,10.);
#3491=VECTOR('',#12701,10.);
#3492=VECTOR('',#12702,10.);
#3493=VECTOR('',#12703,10.);
#3494=VECTOR('',#12704,10.);
#3495=VECTOR('',#12705,10.);
#3496=VECTOR('',#12706,10.);
#3497=VECTOR('',#12707,10.);
#3498=VECTOR('',#12708,10.);
#3499=VECTOR('',#12709,10.);
#3500=VECTOR('',#12710,10.);
#3501=VECTOR('',#12711,10.);
#3502=VECTOR('',#12712,10.);
#3503=VECTOR('',#12713,10.);
#3504=VECTOR('',#12714,10.);
#3505=VECTOR('',#12715,10.);
#3506=VECTOR('',#12716,10.);
#3507=VECTOR('',#12717,10.);
#3508=VECTOR('',#12718,10.);
#3509=VECTOR('',#12719,10.);
#3510=VECTOR('',#12720,10.);
#3511=VECTOR('',#12721,10.);
#3512=VECTOR('',#12722,10.);
#3513=VECTOR('',#12723,10.);
#3514=VECTOR('',#12724,10.);
#3515=VECTOR('',#12725,10.);
#3516=VECTOR('',#12726,10.);
#3517=VECTOR('',#12727,10.);
#3518=VECTOR('',#12728,10.);
#3519=VECTOR('',#12729,10.);
#3520=VECTOR('',#12730,10.);
#3521=VECTOR('',#12731,10.);
#3522=VECTOR('',#12732,10.);
#3523=VECTOR('',#12733,10.);
#3524=VECTOR('',#12734,10.);
#3525=VECTOR('',#12735,10.);
#3526=VECTOR('',#12736,10.);
#3527=VECTOR('',#12739,10.);
#3528=VECTOR('',#12740,10.);
#3529=VECTOR('',#12741,10.);
#3530=VECTOR('',#12742,10.);
#3531=VECTOR('',#12745,10.);
#3532=VECTOR('',#12746,10.);
#3533=VECTOR('',#12747,10.);
#3534=VECTOR('',#12748,10.);
#3535=VECTOR('',#12751,10.);
#3536=VECTOR('',#12752,10.);
#3537=VECTOR('',#12753,10.);
#3538=VECTOR('',#12756,10.);
#3539=VECTOR('',#12757,10.);
#3540=VECTOR('',#12758,10.);
#3541=VECTOR('',#12761,10.);
#3542=VECTOR('',#12762,10.);
#3543=VECTOR('',#12763,10.);
#3544=VECTOR('',#12766,10.);
#3545=VECTOR('',#12767,10.);
#3546=VECTOR('',#12768,10.);
#3547=VECTOR('',#12769,10.);
#3548=VECTOR('',#12770,10.);
#3549=VECTOR('',#12771,10.);
#3550=VECTOR('',#12772,10.);
#3551=VECTOR('',#12773,10.);
#3552=VECTOR('',#12774,10.);
#3553=VECTOR('',#12775,10.);
#3554=VECTOR('',#12776,10.);
#3555=VECTOR('',#12777,10.);
#3556=VECTOR('',#12778,10.);
#3557=VECTOR('',#12779,10.);
#3558=VECTOR('',#12780,10.);
#3559=VECTOR('',#12781,10.);
#3560=VECTOR('',#12782,10.);
#3561=VECTOR('',#12785,10.);
#3562=VECTOR('',#12786,10.);
#3563=VECTOR('',#12787,10.);
#3564=VECTOR('',#12790,10.);
#3565=VECTOR('',#12791,10.);
#3566=VECTOR('',#12792,10.);
#3567=VECTOR('',#12793,10.);
#3568=VECTOR('',#12796,10.);
#3569=VECTOR('',#12797,10.);
#3570=VECTOR('',#12800,10.);
#3571=VECTOR('',#12801,10.);
#3572=VECTOR('',#12802,10.);
#3573=VECTOR('',#12805,10.);
#3574=VECTOR('',#12806,10.);
#3575=VECTOR('',#12807,10.);
#3576=VECTOR('',#12810,10.);
#3577=VECTOR('',#12811,10.);
#3578=VECTOR('',#12812,10.);
#3579=VECTOR('',#12815,10.);
#3580=VECTOR('',#12816,10.);
#3581=VECTOR('',#12817,10.);
#3582=VECTOR('',#12820,10.);
#3583=VECTOR('',#12821,10.);
#3584=VECTOR('',#12824,10.);
#3585=VECTOR('',#12825,10.);
#3586=VECTOR('',#12826,10.);
#3587=VECTOR('',#12829,10.);
#3588=VECTOR('',#12830,10.);
#3589=VECTOR('',#12831,10.);
#3590=VECTOR('',#12832,10.);
#3591=VECTOR('',#12835,10.);
#3592=VECTOR('',#12836,10.);
#3593=VECTOR('',#12837,10.);
#3594=VECTOR('',#12838,10.);
#3595=VECTOR('',#12841,10.);
#3596=VECTOR('',#12842,10.);
#3597=VECTOR('',#12845,10.);
#3598=VECTOR('',#12848,10.);
#3599=VECTOR('',#12849,10.);
#3600=VECTOR('',#12852,10.);
#3601=VECTOR('',#12853,10.);
#3602=VECTOR('',#12854,10.);
#3603=VECTOR('',#12857,10.);
#3604=VECTOR('',#12858,10.);
#3605=VECTOR('',#12859,10.);
#3606=VECTOR('',#12862,10.);
#3607=VECTOR('',#12865,10.);
#3608=VECTOR('',#12866,10.);
#3609=VECTOR('',#12869,10.);
#3610=VECTOR('',#12870,10.);
#3611=VECTOR('',#12873,10.);
#3612=VECTOR('',#12876,10.);
#3613=VECTOR('',#12879,10.);
#3614=VECTOR('',#12880,10.);
#3615=VECTOR('',#12883,10.);
#3616=VECTOR('',#12884,10.);
#3617=VECTOR('',#12887,10.);
#3618=VECTOR('',#12888,10.);
#3619=VECTOR('',#12889,10.);
#3620=VECTOR('',#12890,10.);
#3621=VECTOR('',#12893,10.);
#3622=VECTOR('',#12898,10.);
#3623=VECTOR('',#12899,10.);
#3624=VECTOR('',#12902,10.);
#3625=VECTOR('',#12903,10.);
#3626=VECTOR('',#12906,10.);
#3627=VECTOR('',#12907,10.);
#3628=VECTOR('',#12910,10.);
#3629=VECTOR('',#12911,10.);
#3630=VECTOR('',#12914,10.);
#3631=VECTOR('',#12915,10.);
#3632=VECTOR('',#12918,10.);
#3633=VECTOR('',#12921,10.);
#3634=VECTOR('',#12926,10.);
#3635=VECTOR('',#12927,10.);
#3636=VECTOR('',#12930,10.);
#3637=VECTOR('',#12933,10.);
#3638=VECTOR('',#12936,10.);
#3639=VECTOR('',#12937,10.);
#3640=VECTOR('',#12940,10.);
#3641=VECTOR('',#12941,10.);
#3642=VECTOR('',#12944,10.);
#3643=VECTOR('',#12947,10.);
#3644=VECTOR('',#12948,10.);
#3645=VECTOR('',#12951,10.);
#3646=VECTOR('',#12952,10.);
#3647=VECTOR('',#12955,10.);
#3648=VECTOR('',#12956,10.);
#3649=VECTOR('',#12957,10.);
#3650=VECTOR('',#12960,10.);
#3651=VECTOR('',#12963,10.);
#3652=VECTOR('',#12966,10.);
#3653=VECTOR('',#12967,10.);
#3654=VECTOR('',#12974,10.);
#3655=VECTOR('',#12977,10.);
#3656=VECTOR('',#12980,10.);
#3657=VECTOR('',#12981,10.);
#3658=VECTOR('',#12984,10.);
#3659=VECTOR('',#12985,10.);
#3660=VECTOR('',#12988,10.);
#3661=VECTOR('',#12991,10.);
#3662=VECTOR('',#12994,10.);
#3663=VECTOR('',#12997,10.);
#3664=VECTOR('',#12998,10.);
#3665=VECTOR('',#12999,10.);
#3666=VECTOR('',#13000,10.);
#3667=VECTOR('',#13001,10.);
#3668=VECTOR('',#13002,10.);
#3669=VECTOR('',#13003,10.);
#3670=VECTOR('',#13006,10.);
#3671=VECTOR('',#13007,10.);
#3672=VECTOR('',#13008,10.);
#3673=VECTOR('',#13011,10.);
#3674=VECTOR('',#13012,10.);
#3675=VECTOR('',#13015,10.);
#3676=VECTOR('',#13016,10.);
#3677=VECTOR('',#13017,10.);
#3678=VECTOR('',#13020,10.);
#3679=VECTOR('',#13023,10.);
#3680=VECTOR('',#13024,10.);
#3681=VECTOR('',#13027,10.);
#3682=VECTOR('',#13030,10.);
#3683=VECTOR('',#13031,10.);
#3684=VECTOR('',#13032,10.);
#3685=VECTOR('',#13035,10.);
#3686=VECTOR('',#13038,10.);
#3687=VECTOR('',#13039,10.);
#3688=VECTOR('',#13042,10.);
#3689=VECTOR('',#13045,10.);
#3690=VECTOR('',#13046,10.);
#3691=VECTOR('',#13049,10.);
#3692=VECTOR('',#13052,10.);
#3693=VECTOR('',#13053,10.);
#3694=VECTOR('',#13056,10.);
#3695=VECTOR('',#13059,10.);
#3696=VECTOR('',#13060,10.);
#3697=VECTOR('',#13063,10.);
#3698=VECTOR('',#13066,10.);
#3699=VECTOR('',#13067,10.);
#3700=VECTOR('',#13068,10.);
#3701=VECTOR('',#13073,10.);
#3702=VECTOR('',#13074,10.);
#3703=VECTOR('',#13079,10.);
#3704=VECTOR('',#13080,10.);
#3705=VECTOR('',#13083,10.);
#3706=VECTOR('',#13086,10.);
#3707=VECTOR('',#13087,10.);
#3708=VECTOR('',#13090,10.);
#3709=VECTOR('',#13093,10.);
#3710=VECTOR('',#13094,10.);
#3711=VECTOR('',#13097,10.);
#3712=VECTOR('',#13100,10.);
#3713=VECTOR('',#13101,10.);
#3714=VECTOR('',#13104,10.);
#3715=VECTOR('',#13107,10.);
#3716=VECTOR('',#13108,10.);
#3717=VECTOR('',#13113,10.);
#3718=VECTOR('',#13114,10.);
#3719=VECTOR('',#13117,10.);
#3720=VECTOR('',#13118,10.);
#3721=VECTOR('',#13121,10.);
#3722=VECTOR('',#13122,10.);
#3723=VECTOR('',#13125,10.);
#3724=VECTOR('',#13126,10.);
#3725=VECTOR('',#13129,10.);
#3726=VECTOR('',#13130,10.);
#3727=VECTOR('',#13133,10.);
#3728=VECTOR('',#13134,10.);
#3729=VECTOR('',#13137,10.);
#3730=VECTOR('',#13138,10.);
#3731=VECTOR('',#13141,10.);
#3732=VECTOR('',#13142,10.);
#3733=VECTOR('',#13145,10.);
#3734=VECTOR('',#13146,10.);
#3735=VECTOR('',#13149,10.);
#3736=VECTOR('',#13152,10.);
#3737=VECTOR('',#13155,10.);
#3738=VECTOR('',#13158,10.);
#3739=VECTOR('',#13161,10.);
#3740=VECTOR('',#13164,10.);
#3741=VECTOR('',#13167,10.);
#3742=VECTOR('',#13170,10.);
#3743=VECTOR('',#13173,10.);
#3744=VECTOR('',#13176,10.);
#3745=VECTOR('',#13181,10.);
#3746=VECTOR('',#13182,10.);
#3747=VECTOR('',#13185,10.);
#3748=VECTOR('',#13188,10.);
#3749=VECTOR('',#13189,10.);
#3750=VECTOR('',#13192,10.);
#3751=VECTOR('',#13195,10.);
#3752=VECTOR('',#13196,10.);
#3753=VECTOR('',#13199,10.);
#3754=VECTOR('',#13202,10.);
#3755=VECTOR('',#13203,10.);
#3756=VECTOR('',#13206,10.);
#3757=VECTOR('',#13209,10.);
#3758=VECTOR('',#13210,10.);
#3759=VECTOR('',#13215,10.);
#3760=VECTOR('',#13216,10.);
#3761=VECTOR('',#13217,10.);
#3762=VECTOR('',#13222,10.);
#3763=VECTOR('',#13223,10.);
#3764=VECTOR('',#13224,10.);
#3765=VECTOR('',#13229,10.);
#3766=VECTOR('',#13230,10.);
#3767=VECTOR('',#13231,10.);
#3768=VECTOR('',#13236,10.);
#3769=VECTOR('',#13237,10.);
#3770=VECTOR('',#13240,10.);
#3771=VECTOR('',#13243,10.);
#3772=VECTOR('',#13244,10.);
#3773=VECTOR('',#13249,10.);
#3774=VECTOR('',#13250,10.);
#3775=VECTOR('',#13251,10.);
#3776=VECTOR('',#13254,10.);
#3777=VECTOR('',#13255,10.);
#3778=VECTOR('',#13258,10.);
#3779=VECTOR('',#13261,10.);
#3780=VECTOR('',#13262,10.);
#3781=VECTOR('',#13263,10.);
#3782=VECTOR('',#13266,10.);
#3783=VECTOR('',#13267,10.);
#3784=VECTOR('',#13268,10.);
#3785=VECTOR('',#13271,10.);
#3786=VECTOR('',#13272,10.);
#3787=VECTOR('',#13273,10.);
#3788=VECTOR('',#13276,10.);
#3789=VECTOR('',#13277,10.);
#3790=VECTOR('',#13278,10.);
#3791=VECTOR('',#13281,10.);
#3792=VECTOR('',#13282,10.);
#3793=VECTOR('',#13285,10.);
#3794=VECTOR('',#13288,10.);
#3795=VECTOR('',#13291,10.);
#3796=VECTOR('',#13294,10.);
#3797=VECTOR('',#13297,10.);
#3798=VECTOR('',#13300,10.);
#3799=VECTOR('',#13303,10.);
#3800=VECTOR('',#13304,10.);
#3801=VECTOR('',#13309,10.);
#3802=VECTOR('',#13314,10.);
#3803=VECTOR('',#13315,10.);
#3804=VECTOR('',#13318,10.);
#3805=VECTOR('',#13319,10.);
#3806=VECTOR('',#13320,10.);
#3807=VECTOR('',#13323,10.);
#3808=VECTOR('',#13324,10.);
#3809=VECTOR('',#13327,10.);
#3810=VECTOR('',#13328,10.);
#3811=VECTOR('',#13331,10.);
#3812=VECTOR('',#13332,10.);
#3813=VECTOR('',#13335,10.);
#3814=VECTOR('',#13338,10.);
#3815=VECTOR('',#13339,10.);
#3816=VECTOR('',#13340,10.);
#3817=VECTOR('',#13341,10.);
#3818=VECTOR('',#13344,10.);
#3819=VECTOR('',#13345,10.);
#3820=VECTOR('',#13346,10.);
#3821=VECTOR('',#13349,10.);
#3822=VECTOR('',#13350,10.);
#3823=VECTOR('',#13351,10.);
#3824=VECTOR('',#13354,10.);
#3825=VECTOR('',#13355,10.);
#3826=VECTOR('',#13356,10.);
#3827=VECTOR('',#13359,10.);
#3828=VECTOR('',#13360,10.);
#3829=VECTOR('',#13363,10.);
#3830=VECTOR('',#13364,10.);
#3831=VECTOR('',#13367,10.);
#3832=VECTOR('',#13370,10.);
#3833=VECTOR('',#13371,10.);
#3834=VECTOR('',#13374,10.);
#3835=VECTOR('',#13377,10.);
#3836=VECTOR('',#13380,10.);
#3837=VECTOR('',#13381,10.);
#3838=VECTOR('',#13384,10.);
#3839=VECTOR('',#13387,10.);
#3840=VECTOR('',#13388,10.);
#3841=VECTOR('',#13391,10.);
#3842=VECTOR('',#13394,10.);
#3843=VECTOR('',#13397,10.);
#3844=VECTOR('',#13398,10.);
#3845=VECTOR('',#13401,10.);
#3846=VECTOR('',#13404,10.);
#3847=VECTOR('',#13405,10.);
#3848=VECTOR('',#13408,10.);
#3849=VECTOR('',#13411,10.);
#3850=VECTOR('',#13414,10.);
#3851=VECTOR('',#13415,10.);
#3852=VECTOR('',#13418,10.);
#3853=VECTOR('',#13421,10.);
#3854=VECTOR('',#13422,10.);
#3855=VECTOR('',#13425,10.);
#3856=VECTOR('',#13428,10.);
#3857=VECTOR('',#13431,10.);
#3858=VECTOR('',#13432,10.);
#3859=VECTOR('',#13435,10.);
#3860=VECTOR('',#13438,10.);
#3861=VECTOR('',#13439,10.);
#3862=VECTOR('',#13442,10.);
#3863=VECTOR('',#13445,10.);
#3864=VECTOR('',#13448,10.);
#3865=VECTOR('',#13449,10.);
#3866=VECTOR('',#13452,10.);
#3867=VECTOR('',#13455,10.);
#3868=VECTOR('',#13456,10.);
#3869=VECTOR('',#13459,10.);
#3870=VECTOR('',#13462,10.);
#3871=VECTOR('',#13465,10.);
#3872=VECTOR('',#13466,10.);
#3873=VECTOR('',#13471,10.);
#3874=VECTOR('',#13472,10.);
#3875=VECTOR('',#13477,10.);
#3876=VECTOR('',#13480,10.);
#3877=VECTOR('',#13483,10.);
#3878=VECTOR('',#13486,10.);
#3879=VECTOR('',#13489,10.);
#3880=VECTOR('',#13494,10.);
#3881=VECTOR('',#13495,10.);
#3882=VECTOR('',#13498,10.);
#3883=VECTOR('',#13501,10.);
#3884=VECTOR('',#13502,10.);
#3885=VECTOR('',#13503,10.);
#3886=VECTOR('',#13506,10.);
#3887=VECTOR('',#13507,10.);
#3888=VECTOR('',#13510,10.);
#3889=VECTOR('',#13513,10.);
#3890=VECTOR('',#13516,10.);
#3891=VECTOR('',#13517,10.);
#3892=VECTOR('',#13520,10.);
#3893=VECTOR('',#13521,10.);
#3894=VECTOR('',#13524,10.);
#3895=VECTOR('',#13527,10.);
#3896=VECTOR('',#13530,10.);
#3897=VECTOR('',#13531,10.);
#3898=VECTOR('',#13534,10.);
#3899=VECTOR('',#13535,10.);
#3900=VECTOR('',#13538,10.);
#3901=VECTOR('',#13541,10.);
#3902=VECTOR('',#13542,10.);
#3903=VECTOR('',#13545,10.);
#3904=VECTOR('',#13546,10.);
#3905=VECTOR('',#13549,10.);
#3906=VECTOR('',#13552,10.);
#3907=VECTOR('',#13555,10.);
#3908=VECTOR('',#13558,10.);
#3909=VECTOR('',#13559,10.);
#3910=VECTOR('',#13560,10.);
#3911=VECTOR('',#13563,10.);
#3912=VECTOR('',#13564,10.);
#3913=VECTOR('',#13567,10.);
#3914=VECTOR('',#13568,10.);
#3915=VECTOR('',#13571,10.);
#3916=VECTOR('',#13572,10.);
#3917=VECTOR('',#13575,10.);
#3918=VECTOR('',#13576,10.);
#3919=VECTOR('',#13579,10.);
#3920=VECTOR('',#13582,10.);
#3921=VECTOR('',#13583,10.);
#3922=VECTOR('',#13588,10.);
#3923=VECTOR('',#13589,10.);
#3924=VECTOR('',#13592,10.);
#3925=VECTOR('',#13595,10.);
#3926=VECTOR('',#13598,10.);
#3927=VECTOR('',#13601,10.);
#3928=VECTOR('',#13602,10.);
#3929=VECTOR('',#13603,10.);
#3930=VECTOR('',#13606,10.);
#3931=VECTOR('',#13607,10.);
#3932=VECTOR('',#13610,10.);
#3933=VECTOR('',#13613,10.);
#3934=VECTOR('',#13614,10.);
#3935=VECTOR('',#13619,10.);
#3936=VECTOR('',#13622,10.);
#3937=VECTOR('',#13625,10.);
#3938=VECTOR('',#13628,10.);
#3939=VECTOR('',#13633,10.);
#3940=VECTOR('',#13636,10.);
#3941=VECTOR('',#13639,10.);
#3942=VECTOR('',#13646,10.);
#3943=VECTOR('',#13649,10.);
#3944=VECTOR('',#13652,10.);
#3945=VECTOR('',#13657,10.);
#3946=VECTOR('',#13658,10.);
#3947=VECTOR('',#13659,10.);
#3948=VECTOR('',#13660,10.);
#3949=VECTOR('',#13661,10.);
#3950=VECTOR('',#13662,10.);
#3951=VECTOR('',#13665,10.);
#3952=VECTOR('',#13666,10.);
#3953=VECTOR('',#13667,10.);
#3954=VECTOR('',#13668,10.);
#3955=VECTOR('',#13671,10.);
#3956=VECTOR('',#13672,10.);
#3957=VECTOR('',#13673,10.);
#3958=VECTOR('',#13676,10.);
#3959=VECTOR('',#13677,10.);
#3960=VECTOR('',#13678,10.);
#3961=VECTOR('',#13681,10.);
#3962=VECTOR('',#13682,10.);
#3963=VECTOR('',#13683,10.);
#3964=VECTOR('',#13686,10.);
#3965=VECTOR('',#13687,10.);
#3966=VECTOR('',#13688,10.);
#3967=VECTOR('',#13691,10.);
#3968=VECTOR('',#13692,10.);
#3969=VECTOR('',#13693,10.);
#3970=VECTOR('',#13696,10.);
#3971=VECTOR('',#13697,10.);
#3972=VECTOR('',#13700,10.);
#3973=VECTOR('',#13701,10.);
#3974=VECTOR('',#13704,10.);
#3975=VECTOR('',#13705,10.);
#3976=VECTOR('',#13706,10.);
#3977=VECTOR('',#13709,10.);
#3978=VECTOR('',#13710,10.);
#3979=VECTOR('',#13711,10.);
#3980=VECTOR('',#13714,10.);
#3981=VECTOR('',#13715,10.);
#3982=VECTOR('',#13716,10.);
#3983=VECTOR('',#13719,10.);
#3984=VECTOR('',#13720,10.);
#3985=VECTOR('',#13721,10.);
#3986=VECTOR('',#13724,10.);
#3987=VECTOR('',#13725,10.);
#3988=VECTOR('',#13726,10.);
#3989=VECTOR('',#13729,10.);
#3990=VECTOR('',#13730,10.);
#3991=VECTOR('',#13731,10.);
#3992=VECTOR('',#13734,10.);
#3993=VECTOR('',#13735,10.);
#3994=VECTOR('',#13740,10.);
#3995=VECTOR('',#13741,10.);
#3996=VECTOR('',#13742,10.);
#3997=VECTOR('',#13743,10.);
#3998=VECTOR('',#13744,10.);
#3999=VECTOR('',#13745,10.);
#4000=VECTOR('',#13746,10.);
#4001=VECTOR('',#13747,10.);
#4002=VECTOR('',#13748,10.);
#4003=VECTOR('',#13749,10.);
#4004=VECTOR('',#13750,10.);
#4005=VECTOR('',#13751,10.);
#4006=VECTOR('',#13752,10.);
#4007=VECTOR('',#13753,10.);
#4008=VECTOR('',#13754,10.);
#4009=VECTOR('',#13757,10.);
#4010=VECTOR('',#13758,10.);
#4011=VECTOR('',#13759,10.);
#4012=VECTOR('',#13760,10.);
#4013=VECTOR('',#13761,10.);
#4014=VECTOR('',#13762,10.);
#4015=VECTOR('',#13763,10.);
#4016=VECTOR('',#13764,10.);
#4017=VECTOR('',#13765,10.);
#4018=VECTOR('',#13768,10.);
#4019=VECTOR('',#13769,10.);
#4020=VECTOR('',#13770,10.);
#4021=VECTOR('',#13773,10.);
#4022=VECTOR('',#13774,10.);
#4023=VECTOR('',#13775,10.);
#4024=VECTOR('',#13776,10.);
#4025=VECTOR('',#13777,10.);
#4026=VECTOR('',#13780,10.);
#4027=VECTOR('',#13781,10.);
#4028=VECTOR('',#13784,10.);
#4029=VECTOR('',#13785,10.);
#4030=VECTOR('',#13788,10.);
#4031=VECTOR('',#13789,10.);
#4032=VECTOR('',#13792,10.);
#4033=VECTOR('',#13793,10.);
#4034=VECTOR('',#13796,10.);
#4035=VECTOR('',#13799,10.);
#4036=VECTOR('',#13800,10.);
#4037=VECTOR('',#13801,10.);
#4038=VECTOR('',#13802,10.);
#4039=VECTOR('',#13803,10.);
#4040=VECTOR('',#13804,10.);
#4041=VECTOR('',#13805,10.);
#4042=VECTOR('',#13806,10.);
#4043=VECTOR('',#13809,10.);
#4044=VECTOR('',#13810,10.);
#4045=VECTOR('',#13811,10.);
#4046=VECTOR('',#13814,10.);
#4047=VECTOR('',#13817,10.);
#4048=VECTOR('',#13818,10.);
#4049=VECTOR('',#13821,10.);
#4050=VECTOR('',#13822,10.);
#4051=VECTOR('',#13823,10.);
#4052=VECTOR('',#13826,10.);
#4053=VECTOR('',#13829,10.);
#4054=VECTOR('',#13832,10.);
#4055=VECTOR('',#13835,10.);
#4056=VECTOR('',#13838,10.);
#4057=VECTOR('',#13843,10.);
#4058=VECTOR('',#13844,10.);
#4059=VECTOR('',#13847,10.);
#4060=VECTOR('',#13848,10.);
#4061=VECTOR('',#13851,10.);
#4062=VECTOR('',#13852,10.);
#4063=VECTOR('',#13855,10.);
#4064=VECTOR('',#13856,10.);
#4065=VECTOR('',#13859,10.);
#4066=VECTOR('',#13860,10.);
#4067=VECTOR('',#13863,10.);
#4068=VECTOR('',#13864,10.);
#4069=VECTOR('',#13867,10.);
#4070=VECTOR('',#13872,10.);
#4071=VECTOR('',#13875,10.);
#4072=VECTOR('',#13878,10.);
#4073=VECTOR('',#13881,10.);
#4074=VECTOR('',#13884,10.);
#4075=VECTOR('',#13885,10.);
#4076=VECTOR('',#13886,10.);
#4077=VECTOR('',#13887,10.);
#4078=VECTOR('',#13888,10.);
#4079=VECTOR('',#13889,10.);
#4080=VECTOR('',#13890,10.);
#4081=VECTOR('',#13891,10.);
#4082=VECTOR('',#13896,10.);
#4083=VECTOR('',#13899,10.);
#4084=VECTOR('',#13902,10.);
#4085=VECTOR('',#13903,10.);
#4086=VECTOR('',#13906,10.);
#4087=VECTOR('',#13911,10.);
#4088=VECTOR('',#13912,10.);
#4089=VECTOR('',#13915,10.);
#4090=VECTOR('',#13920,10.);
#4091=VECTOR('',#13921,10.);
#4092=VECTOR('',#13924,10.);
#4093=VECTOR('',#13929,10.);
#4094=VECTOR('',#13930,10.);
#4095=VECTOR('',#13935,1.);
#4096=VECTOR('',#13938,10.);
#4097=VECTOR('',#13939,10.);
#4098=VECTOR('',#13942,10.);
#4099=VECTOR('',#13943,10.);
#4100=VECTOR('',#13946,10.);
#4101=VECTOR('',#13947,10.);
#4102=VECTOR('',#13950,10.);
#4103=VECTOR('',#13951,10.);
#4104=VECTOR('',#13954,10.);
#4105=VECTOR('',#13955,10.);
#4106=VECTOR('',#13958,10.);
#4107=VECTOR('',#13959,10.);
#4108=VECTOR('',#13962,10.);
#4109=VECTOR('',#13963,10.);
#4110=VECTOR('',#13966,10.);
#4111=VECTOR('',#13973,0.999999999999996);
#4112=VECTOR('',#13978,10.);
#4113=VECTOR('',#13979,10.);
#4114=VECTOR('',#13980,10.);
#4115=VECTOR('',#13981,10.);
#4116=VECTOR('',#13984,10.);
#4117=VECTOR('',#13985,10.);
#4118=VECTOR('',#13986,10.);
#4119=VECTOR('',#13989,10.);
#4120=VECTOR('',#13990,10.);
#4121=VECTOR('',#13991,10.);
#4122=VECTOR('',#13994,10.);
#4123=VECTOR('',#13995,10.);
#4124=VECTOR('',#13996,10.);
#4125=VECTOR('',#13999,10.);
#4126=VECTOR('',#14000,10.);
#4127=VECTOR('',#14001,10.);
#4128=VECTOR('',#14004,10.);
#4129=VECTOR('',#14005,10.);
#4130=VECTOR('',#14006,10.);
#4131=VECTOR('',#14009,10.);
#4132=VECTOR('',#14010,10.);
#4133=VECTOR('',#14011,10.);
#4134=VECTOR('',#14014,10.);
#4135=VECTOR('',#14015,10.);
#4136=VECTOR('',#14016,10.);
#4137=VECTOR('',#14019,10.);
#4138=VECTOR('',#14020,10.);
#4139=VECTOR('',#14021,10.);
#4140=VECTOR('',#14024,10.);
#4141=VECTOR('',#14025,10.);
#4142=VECTOR('',#14026,10.);
#4143=VECTOR('',#14029,10.);
#4144=VECTOR('',#14030,10.);
#4145=VECTOR('',#14031,10.);
#4146=VECTOR('',#14034,10.);
#4147=VECTOR('',#14035,10.);
#4148=VECTOR('',#14036,10.);
#4149=VECTOR('',#14039,10.);
#4150=VECTOR('',#14040,10.);
#4151=VECTOR('',#14041,10.);
#4152=VECTOR('',#14044,10.);
#4153=VECTOR('',#14045,10.);
#4154=VECTOR('',#14046,10.);
#4155=VECTOR('',#14049,10.);
#4156=VECTOR('',#14050,10.);
#4157=VECTOR('',#14051,10.);
#4158=VECTOR('',#14054,10.);
#4159=VECTOR('',#14055,10.);
#4160=VECTOR('',#14056,10.);
#4161=VECTOR('',#14059,10.);
#4162=VECTOR('',#14060,10.);
#4163=VECTOR('',#14061,10.);
#4164=VECTOR('',#14064,10.);
#4165=VECTOR('',#14065,10.);
#4166=VECTOR('',#14066,10.);
#4167=VECTOR('',#14069,10.);
#4168=VECTOR('',#14070,10.);
#4169=VECTOR('',#14071,10.);
#4170=VECTOR('',#14074,10.);
#4171=VECTOR('',#14075,10.);
#4172=VECTOR('',#14076,10.);
#4173=VECTOR('',#14079,10.);
#4174=VECTOR('',#14080,10.);
#4175=VECTOR('',#14081,10.);
#4176=VECTOR('',#14084,10.);
#4177=VECTOR('',#14085,10.);
#4178=VECTOR('',#14086,10.);
#4179=VECTOR('',#14089,10.);
#4180=VECTOR('',#14090,10.);
#4181=VECTOR('',#14091,10.);
#4182=VECTOR('',#14094,10.);
#4183=VECTOR('',#14095,10.);
#4184=VECTOR('',#14096,10.);
#4185=VECTOR('',#14099,10.);
#4186=VECTOR('',#14100,10.);
#4187=VECTOR('',#14101,10.);
#4188=VECTOR('',#14104,10.);
#4189=VECTOR('',#14105,10.);
#4190=VECTOR('',#14106,10.);
#4191=VECTOR('',#14109,10.);
#4192=VECTOR('',#14110,10.);
#4193=VECTOR('',#14111,10.);
#4194=VECTOR('',#14114,10.);
#4195=VECTOR('',#14115,10.);
#4196=VECTOR('',#14116,10.);
#4197=VECTOR('',#14119,10.);
#4198=VECTOR('',#14120,10.);
#4199=VECTOR('',#14121,10.);
#4200=VECTOR('',#14124,10.);
#4201=VECTOR('',#14125,10.);
#4202=VECTOR('',#14126,10.);
#4203=VECTOR('',#14129,10.);
#4204=VECTOR('',#14130,10.);
#4205=VECTOR('',#14131,10.);
#4206=VECTOR('',#14134,10.);
#4207=VECTOR('',#14135,10.);
#4208=VECTOR('',#14136,10.);
#4209=VECTOR('',#14139,10.);
#4210=VECTOR('',#14140,10.);
#4211=VECTOR('',#14141,10.);
#4212=VECTOR('',#14144,10.);
#4213=VECTOR('',#14145,10.);
#4214=VECTOR('',#14146,10.);
#4215=VECTOR('',#14149,10.);
#4216=VECTOR('',#14150,10.);
#4217=VECTOR('',#14151,10.);
#4218=VECTOR('',#14154,10.);
#4219=VECTOR('',#14155,10.);
#4220=VECTOR('',#14156,10.);
#4221=VECTOR('',#14159,10.);
#4222=VECTOR('',#14160,10.);
#4223=VECTOR('',#14161,10.);
#4224=VECTOR('',#14164,10.);
#4225=VECTOR('',#14165,10.);
#4226=VECTOR('',#14166,10.);
#4227=VECTOR('',#14169,10.);
#4228=VECTOR('',#14170,10.);
#4229=VECTOR('',#14171,10.);
#4230=VECTOR('',#14174,10.);
#4231=VECTOR('',#14175,10.);
#4232=VECTOR('',#14176,10.);
#4233=VECTOR('',#14179,10.);
#4234=VECTOR('',#14180,10.);
#4235=VECTOR('',#14181,10.);
#4236=VECTOR('',#14184,10.);
#4237=VECTOR('',#14185,10.);
#4238=VECTOR('',#14186,10.);
#4239=VECTOR('',#14189,10.);
#4240=VECTOR('',#14190,10.);
#4241=VECTOR('',#14191,10.);
#4242=VECTOR('',#14194,10.);
#4243=VECTOR('',#14195,10.);
#4244=VECTOR('',#14196,10.);
#4245=VECTOR('',#14199,10.);
#4246=VECTOR('',#14200,10.);
#4247=VECTOR('',#14201,10.);
#4248=VECTOR('',#14204,10.);
#4249=VECTOR('',#14205,10.);
#4250=VECTOR('',#14206,10.);
#4251=VECTOR('',#14209,10.);
#4252=VECTOR('',#14210,10.);
#4253=VECTOR('',#14211,10.);
#4254=VECTOR('',#14214,10.);
#4255=VECTOR('',#14215,10.);
#4256=VECTOR('',#14216,10.);
#4257=VECTOR('',#14219,10.);
#4258=VECTOR('',#14220,10.);
#4259=VECTOR('',#14221,10.);
#4260=VECTOR('',#14224,10.);
#4261=VECTOR('',#14225,10.);
#4262=VECTOR('',#14226,10.);
#4263=VECTOR('',#14229,10.);
#4264=VECTOR('',#14230,10.);
#4265=VECTOR('',#14231,10.);
#4266=VECTOR('',#14234,10.);
#4267=VECTOR('',#14235,10.);
#4268=VERTEX_POINT('',#14242);
#4269=VERTEX_POINT('',#14243);
#4270=VERTEX_POINT('',#14245);
#4271=VERTEX_POINT('',#14249);
#4272=VERTEX_POINT('',#14251);
#4273=VERTEX_POINT('',#14255);
#4274=VERTEX_POINT('',#14257);
#4275=VERTEX_POINT('',#14261);
#4276=VERTEX_POINT('',#14263);
#4277=VERTEX_POINT('',#14267);
#4278=VERTEX_POINT('',#14268);
#4279=VERTEX_POINT('',#14270);
#4280=VERTEX_POINT('',#14272);
#4281=VERTEX_POINT('',#14274);
#4282=VERTEX_POINT('',#14276);
#4283=VERTEX_POINT('',#14278);
#4284=VERTEX_POINT('',#14280);
#4285=VERTEX_POINT('',#14282);
#4286=VERTEX_POINT('',#14284);
#4287=VERTEX_POINT('',#14286);
#4288=VERTEX_POINT('',#14288);
#4289=VERTEX_POINT('',#14290);
#4290=VERTEX_POINT('',#14292);
#4291=VERTEX_POINT('',#14294);
#4292=VERTEX_POINT('',#14296);
#4293=VERTEX_POINT('',#14298);
#4294=VERTEX_POINT('',#14301);
#4295=VERTEX_POINT('',#14302);
#4296=VERTEX_POINT('',#14304);
#4297=VERTEX_POINT('',#14306);
#4298=VERTEX_POINT('',#14308);
#4299=VERTEX_POINT('',#14310);
#4300=VERTEX_POINT('',#14312);
#4301=VERTEX_POINT('',#14314);
#4302=VERTEX_POINT('',#14316);
#4303=VERTEX_POINT('',#14318);
#4304=VERTEX_POINT('',#14320);
#4305=VERTEX_POINT('',#14322);
#4306=VERTEX_POINT('',#14324);
#4307=VERTEX_POINT('',#14326);
#4308=VERTEX_POINT('',#14328);
#4309=VERTEX_POINT('',#14330);
#4310=VERTEX_POINT('',#14332);
#4311=VERTEX_POINT('',#14334);
#4312=VERTEX_POINT('',#14336);
#4313=VERTEX_POINT('',#14338);
#4314=VERTEX_POINT('',#14340);
#4315=VERTEX_POINT('',#14342);
#4316=VERTEX_POINT('',#14344);
#4317=VERTEX_POINT('',#14346);
#4318=VERTEX_POINT('',#14348);
#4319=VERTEX_POINT('',#14350);
#4320=VERTEX_POINT('',#14352);
#4321=VERTEX_POINT('',#14354);
#4322=VERTEX_POINT('',#14356);
#4323=VERTEX_POINT('',#14358);
#4324=VERTEX_POINT('',#14360);
#4325=VERTEX_POINT('',#14362);
#4326=VERTEX_POINT('',#14364);
#4327=VERTEX_POINT('',#14366);
#4328=VERTEX_POINT('',#14368);
#4329=VERTEX_POINT('',#14370);
#4330=VERTEX_POINT('',#14374);
#4331=VERTEX_POINT('',#14375);
#4332=VERTEX_POINT('',#14377);
#4333=VERTEX_POINT('',#14379);
#4334=VERTEX_POINT('',#14383);
#4335=VERTEX_POINT('',#14384);
#4336=VERTEX_POINT('',#14386);
#4337=VERTEX_POINT('',#14388);
#4338=VERTEX_POINT('',#14392);
#4339=VERTEX_POINT('',#14393);
#4340=VERTEX_POINT('',#14395);
#4341=VERTEX_POINT('',#14397);
#4342=VERTEX_POINT('',#14401);
#4343=VERTEX_POINT('',#14403);
#4344=VERTEX_POINT('',#14407);
#4345=VERTEX_POINT('',#14409);
#4346=VERTEX_POINT('',#14413);
#4347=VERTEX_POINT('',#14415);
#4348=VERTEX_POINT('',#14419);
#4349=VERTEX_POINT('',#14420);
#4350=VERTEX_POINT('',#14422);
#4351=VERTEX_POINT('',#14424);
#4352=VERTEX_POINT('',#14426);
#4353=VERTEX_POINT('',#14428);
#4354=VERTEX_POINT('',#14430);
#4355=VERTEX_POINT('',#14432);
#4356=VERTEX_POINT('',#14434);
#4357=VERTEX_POINT('',#14436);
#4358=VERTEX_POINT('',#14438);
#4359=VERTEX_POINT('',#14441);
#4360=VERTEX_POINT('',#14443);
#4361=VERTEX_POINT('',#14445);
#4362=VERTEX_POINT('',#14447);
#4363=VERTEX_POINT('',#14449);
#4364=VERTEX_POINT('',#14451);
#4365=VERTEX_POINT('',#14453);
#4366=VERTEX_POINT('',#14455);
#4367=VERTEX_POINT('',#14457);
#4368=VERTEX_POINT('',#14459);
#4369=VERTEX_POINT('',#14461);
#4370=VERTEX_POINT('',#14463);
#4371=VERTEX_POINT('',#14465);
#4372=VERTEX_POINT('',#14468);
#4373=VERTEX_POINT('',#14470);
#4374=VERTEX_POINT('',#14472);
#4375=VERTEX_POINT('',#14474);
#4376=VERTEX_POINT('',#14476);
#4377=VERTEX_POINT('',#14478);
#4378=VERTEX_POINT('',#14480);
#4379=VERTEX_POINT('',#14482);
#4380=VERTEX_POINT('',#14484);
#4381=VERTEX_POINT('',#14486);
#4382=VERTEX_POINT('',#14488);
#4383=VERTEX_POINT('',#14490);
#4384=VERTEX_POINT('',#14492);
#4385=VERTEX_POINT('',#14494);
#4386=VERTEX_POINT('',#14496);
#4387=VERTEX_POINT('',#14498);
#4388=VERTEX_POINT('',#14502);
#4389=VERTEX_POINT('',#14503);
#4390=VERTEX_POINT('',#14508);
#4391=VERTEX_POINT('',#14510);
#4392=VERTEX_POINT('',#14514);
#4393=VERTEX_POINT('',#14515);
#4394=VERTEX_POINT('',#14517);
#4395=VERTEX_POINT('',#14519);
#4396=VERTEX_POINT('',#14526);
#4397=VERTEX_POINT('',#14527);
#4398=VERTEX_POINT('',#14532);
#4399=VERTEX_POINT('',#14533);
#4400=VERTEX_POINT('',#14538);
#4401=VERTEX_POINT('',#14540);
#4402=VERTEX_POINT('',#14544);
#4403=VERTEX_POINT('',#14545);
#4404=VERTEX_POINT('',#14550);
#4405=VERTEX_POINT('',#14552);
#4406=VERTEX_POINT('',#14556);
#4407=VERTEX_POINT('',#14558);
#4408=VERTEX_POINT('',#14562);
#4409=VERTEX_POINT('',#14566);
#4410=VERTEX_POINT('',#14567);
#4411=VERTEX_POINT('',#14572);
#4412=VERTEX_POINT('',#14573);
#4413=VERTEX_POINT('',#14575);
#4414=VERTEX_POINT('',#14577);
#4415=VERTEX_POINT('',#14581);
#4416=VERTEX_POINT('',#14582);
#4417=VERTEX_POINT('',#14584);
#4418=VERTEX_POINT('',#14586);
#4419=VERTEX_POINT('',#14595);
#4420=VERTEX_POINT('',#14597);
#4421=VERTEX_POINT('',#14602);
#4422=VERTEX_POINT('',#14606);
#4423=VERTEX_POINT('',#14608);
#4424=VERTEX_POINT('',#14612);
#4425=VERTEX_POINT('',#14614);
#4426=VERTEX_POINT('',#14618);
#4427=VERTEX_POINT('',#14622);
#4428=VERTEX_POINT('',#14626);
#4429=VERTEX_POINT('',#14634);
#4430=VERTEX_POINT('',#14638);
#4431=VERTEX_POINT('',#14640);
#4432=VERTEX_POINT('',#14644);
#4433=VERTEX_POINT('',#14651);
#4434=VERTEX_POINT('',#14652);
#4435=VERTEX_POINT('',#14654);
#4436=VERTEX_POINT('',#14656);
#4437=VERTEX_POINT('',#14660);
#4438=VERTEX_POINT('',#14665);
#4439=VERTEX_POINT('',#14669);
#4440=VERTEX_POINT('',#14676);
#4441=VERTEX_POINT('',#14677);
#4442=VERTEX_POINT('',#14685);
#4443=VERTEX_POINT('',#14703);
#4444=VERTEX_POINT('',#14707);
#4445=VERTEX_POINT('',#14714);
#4446=VERTEX_POINT('',#14718);
#4447=VERTEX_POINT('',#14728);
#4448=VERTEX_POINT('',#14734);
#4449=VERTEX_POINT('',#14742);
#4450=VERTEX_POINT('',#14743);
#4451=VERTEX_POINT('',#14752);
#4452=VERTEX_POINT('',#14765);
#4453=VERTEX_POINT('',#14769);
#4454=VERTEX_POINT('',#14781);
#4455=VERTEX_POINT('',#14783);
#4456=VERTEX_POINT('',#14785);
#4457=VERTEX_POINT('',#14787);
#4458=VERTEX_POINT('',#14789);
#4459=VERTEX_POINT('',#14791);
#4460=VERTEX_POINT('',#14795);
#4461=VERTEX_POINT('',#14796);
#4462=VERTEX_POINT('',#14798);
#4463=VERTEX_POINT('',#14802);
#4464=VERTEX_POINT('',#14806);
#4465=VERTEX_POINT('',#14808);
#4466=VERTEX_POINT('',#14819);
#4467=VERTEX_POINT('',#14821);
#4468=VERTEX_POINT('',#14832);
#4469=VERTEX_POINT('',#14838);
#4470=VERTEX_POINT('',#14844);
#4471=VERTEX_POINT('',#14851);
#4472=VERTEX_POINT('',#14860);
#4473=VERTEX_POINT('',#14866);
#4474=VERTEX_POINT('',#14872);
#4475=VERTEX_POINT('',#14878);
#4476=VERTEX_POINT('',#14888);
#4477=VERTEX_POINT('',#14892);
#4478=VERTEX_POINT('',#14896);
#4479=VERTEX_POINT('',#14900);
#4480=VERTEX_POINT('',#14904);
#4481=VERTEX_POINT('',#14908);
#4482=VERTEX_POINT('',#14912);
#4483=VERTEX_POINT('',#14916);
#4484=VERTEX_POINT('',#14944);
#4485=VERTEX_POINT('',#14950);
#4486=VERTEX_POINT('',#14956);
#4487=VERTEX_POINT('',#14962);
#4488=VERTEX_POINT('',#14973);
#4489=VERTEX_POINT('',#14979);
#4490=VERTEX_POINT('',#14985);
#4491=VERTEX_POINT('',#14990);
#4492=VERTEX_POINT('',#15000);
#4493=VERTEX_POINT('',#15002);
#4494=VERTEX_POINT('',#15006);
#4495=VERTEX_POINT('',#15012);
#4496=VERTEX_POINT('',#15013);
#4497=VERTEX_POINT('',#15018);
#4498=VERTEX_POINT('',#15019);
#4499=VERTEX_POINT('',#15024);
#4500=VERTEX_POINT('',#15025);
#4501=VERTEX_POINT('',#15030);
#4502=VERTEX_POINT('',#15032);
#4503=VERTEX_POINT('',#15061);
#4504=VERTEX_POINT('',#15063);
#4505=VERTEX_POINT('',#15067);
#4506=VERTEX_POINT('',#15071);
#4507=VERTEX_POINT('',#15075);
#4508=VERTEX_POINT('',#15081);
#4509=VERTEX_POINT('',#15082);
#4510=VERTEX_POINT('',#15085);
#4511=VERTEX_POINT('',#15089);
#4512=VERTEX_POINT('',#15091);
#4513=VERTEX_POINT('',#15095);
#4514=VERTEX_POINT('',#15097);
#4515=VERTEX_POINT('',#15101);
#4516=VERTEX_POINT('',#15103);
#4517=VERTEX_POINT('',#15110);
#4518=VERTEX_POINT('',#15116);
#4519=VERTEX_POINT('',#15124);
#4520=VERTEX_POINT('',#15130);
#4521=VERTEX_POINT('',#15138);
#4522=VERTEX_POINT('',#15144);
#4523=VERTEX_POINT('',#15152);
#4524=VERTEX_POINT('',#15158);
#4525=VERTEX_POINT('',#15166);
#4526=VERTEX_POINT('',#15172);
#4527=VERTEX_POINT('',#15180);
#4528=VERTEX_POINT('',#15186);
#4529=VERTEX_POINT('',#15213);
#4530=VERTEX_POINT('',#15219);
#4531=VERTEX_POINT('',#15221);
#4532=VERTEX_POINT('',#15225);
#4533=VERTEX_POINT('',#15233);
#4534=VERTEX_POINT('',#15237);
#4535=VERTEX_POINT('',#15245);
#4536=VERTEX_POINT('',#15249);
#4537=VERTEX_POINT('',#15255);
#4538=VERTEX_POINT('',#15268);
#4539=VERTEX_POINT('',#15269);
#4540=VERTEX_POINT('',#15271);
#4541=VERTEX_POINT('',#15275);
#4542=VERTEX_POINT('',#15279);
#4543=VERTEX_POINT('',#15283);
#4544=VERTEX_POINT('',#15306);
#4545=VERTEX_POINT('',#15310);
#4546=VERTEX_POINT('',#15344);
#4547=VERTEX_POINT('',#15345);
#4548=VERTEX_POINT('',#15347);
#4549=VERTEX_POINT('',#15349);
#4550=VERTEX_POINT('',#15351);
#4551=VERTEX_POINT('',#15353);
#4552=VERTEX_POINT('',#15355);
#4553=VERTEX_POINT('',#15357);
#4554=VERTEX_POINT('',#15359);
#4555=VERTEX_POINT('',#15361);
#4556=VERTEX_POINT('',#15363);
#4557=VERTEX_POINT('',#15365);
#4558=VERTEX_POINT('',#15367);
#4559=VERTEX_POINT('',#15369);
#4560=VERTEX_POINT('',#15371);
#4561=VERTEX_POINT('',#15373);
#4562=VERTEX_POINT('',#15375);
#4563=VERTEX_POINT('',#15377);
#4564=VERTEX_POINT('',#15379);
#4565=VERTEX_POINT('',#15381);
#4566=VERTEX_POINT('',#15383);
#4567=VERTEX_POINT('',#15385);
#4568=VERTEX_POINT('',#15387);
#4569=VERTEX_POINT('',#15389);
#4570=VERTEX_POINT('',#15391);
#4571=VERTEX_POINT('',#15393);
#4572=VERTEX_POINT('',#15395);
#4573=VERTEX_POINT('',#15399);
#4574=VERTEX_POINT('',#15400);
#4575=VERTEX_POINT('',#15404);
#4576=VERTEX_POINT('',#15406);
#4577=VERTEX_POINT('',#15410);
#4578=VERTEX_POINT('',#15412);
#4579=VERTEX_POINT('',#15416);
#4580=VERTEX_POINT('',#15418);
#4581=VERTEX_POINT('',#15420);
#4582=VERTEX_POINT('',#15422);
#4583=VERTEX_POINT('',#15426);
#4584=VERTEX_POINT('',#15427);
#4585=VERTEX_POINT('',#15429);
#4586=VERTEX_POINT('',#15431);
#4587=VERTEX_POINT('',#15435);
#4588=VERTEX_POINT('',#15437);
#4589=VERTEX_POINT('',#15441);
#4590=VERTEX_POINT('',#15442);
#4591=VERTEX_POINT('',#15447);
#4592=VERTEX_POINT('',#15451);
#4593=VERTEX_POINT('',#15452);
#4594=VERTEX_POINT('',#15457);
#4595=VERTEX_POINT('',#15461);
#4596=VERTEX_POINT('',#15462);
#4597=VERTEX_POINT('',#15470);
#4598=VERTEX_POINT('',#15471);
#4599=VERTEX_POINT('',#15476);
#4600=VERTEX_POINT('',#15477);
#4601=VERTEX_POINT('',#15482);
#4602=VERTEX_POINT('',#15483);
#4603=VERTEX_POINT('',#15488);
#4604=VERTEX_POINT('',#15491);
#4605=VERTEX_POINT('',#15495);
#4606=VERTEX_POINT('',#15499);
#4607=VERTEX_POINT('',#15503);
#4608=VERTEX_POINT('',#15507);
#4609=VERTEX_POINT('',#15511);
#4610=VERTEX_POINT('',#15515);
#4611=VERTEX_POINT('',#15519);
#4612=VERTEX_POINT('',#15520);
#4613=VERTEX_POINT('',#15522);
#4614=VERTEX_POINT('',#15526);
#4615=VERTEX_POINT('',#15528);
#4616=VERTEX_POINT('',#15532);
#4617=VERTEX_POINT('',#15534);
#4618=VERTEX_POINT('',#15538);
#4619=VERTEX_POINT('',#15540);
#4620=VERTEX_POINT('',#15544);
#4621=VERTEX_POINT('',#15545);
#4622=VERTEX_POINT('',#15547);
#4623=VERTEX_POINT('',#15549);
#4624=VERTEX_POINT('',#15551);
#4625=VERTEX_POINT('',#15553);
#4626=VERTEX_POINT('',#15555);
#4627=VERTEX_POINT('',#15557);
#4628=VERTEX_POINT('',#15559);
#4629=VERTEX_POINT('',#15561);
#4630=VERTEX_POINT('',#15563);
#4631=VERTEX_POINT('',#15565);
#4632=VERTEX_POINT('',#15567);
#4633=VERTEX_POINT('',#15569);
#4634=VERTEX_POINT('',#15571);
#4635=VERTEX_POINT('',#15573);
#4636=VERTEX_POINT('',#15575);
#4637=VERTEX_POINT('',#15578);
#4638=VERTEX_POINT('',#15579);
#4639=VERTEX_POINT('',#15581);
#4640=VERTEX_POINT('',#15583);
#4641=VERTEX_POINT('',#15585);
#4642=VERTEX_POINT('',#15587);
#4643=VERTEX_POINT('',#15589);
#4644=VERTEX_POINT('',#15591);
#4645=VERTEX_POINT('',#15593);
#4646=VERTEX_POINT('',#15595);
#4647=VERTEX_POINT('',#15597);
#4648=VERTEX_POINT('',#15599);
#4649=VERTEX_POINT('',#15601);
#4650=VERTEX_POINT('',#15604);
#4651=VERTEX_POINT('',#15606);
#4652=VERTEX_POINT('',#15608);
#4653=VERTEX_POINT('',#15610);
#4654=VERTEX_POINT('',#15612);
#4655=VERTEX_POINT('',#15614);
#4656=VERTEX_POINT('',#15616);
#4657=VERTEX_POINT('',#15618);
#4658=VERTEX_POINT('',#15620);
#4659=VERTEX_POINT('',#15622);
#4660=VERTEX_POINT('',#15624);
#4661=VERTEX_POINT('',#15626);
#4662=VERTEX_POINT('',#15628);
#4663=VERTEX_POINT('',#15630);
#4664=VERTEX_POINT('',#15634);
#4665=VERTEX_POINT('',#15635);
#4666=VERTEX_POINT('',#15637);
#4667=VERTEX_POINT('',#15639);
#4668=VERTEX_POINT('',#15643);
#4669=VERTEX_POINT('',#15644);
#4670=VERTEX_POINT('',#15646);
#4671=VERTEX_POINT('',#15648);
#4672=VERTEX_POINT('',#15652);
#4673=VERTEX_POINT('',#15654);
#4674=VERTEX_POINT('',#15658);
#4675=VERTEX_POINT('',#15660);
#4676=VERTEX_POINT('',#15664);
#4677=VERTEX_POINT('',#15666);
#4678=VERTEX_POINT('',#15670);
#4679=VERTEX_POINT('',#15672);
#4680=VERTEX_POINT('',#15674);
#4681=VERTEX_POINT('',#15676);
#4682=VERTEX_POINT('',#15678);
#4683=VERTEX_POINT('',#15680);
#4684=VERTEX_POINT('',#15682);
#4685=VERTEX_POINT('',#15684);
#4686=VERTEX_POINT('',#15686);
#4687=VERTEX_POINT('',#15689);
#4688=VERTEX_POINT('',#15691);
#4689=VERTEX_POINT('',#15693);
#4690=VERTEX_POINT('',#15695);
#4691=VERTEX_POINT('',#15697);
#4692=VERTEX_POINT('',#15699);
#4693=VERTEX_POINT('',#15703);
#4694=VERTEX_POINT('',#15705);
#4695=VERTEX_POINT('',#15709);
#4696=VERTEX_POINT('',#15710);
#4697=VERTEX_POINT('',#15712);
#4698=VERTEX_POINT('',#15714);
#4699=VERTEX_POINT('',#15721);
#4700=VERTEX_POINT('',#15722);
#4701=VERTEX_POINT('',#15727);
#4702=VERTEX_POINT('',#15729);
#4703=VERTEX_POINT('',#15733);
#4704=VERTEX_POINT('',#15735);
#4705=VERTEX_POINT('',#15739);
#4706=VERTEX_POINT('',#15741);
#4707=VERTEX_POINT('',#15745);
#4708=VERTEX_POINT('',#15749);
#4709=VERTEX_POINT('',#15751);
#4710=VERTEX_POINT('',#15755);
#4711=VERTEX_POINT('',#15756);
#4712=VERTEX_POINT('',#15758);
#4713=VERTEX_POINT('',#15760);
#4714=VERTEX_POINT('',#15764);
#4715=VERTEX_POINT('',#15765);
#4716=VERTEX_POINT('',#15767);
#4717=VERTEX_POINT('',#15769);
#4718=VERTEX_POINT('',#15778);
#4719=VERTEX_POINT('',#15782);
#4720=VERTEX_POINT('',#15784);
#4721=VERTEX_POINT('',#15788);
#4722=VERTEX_POINT('',#15790);
#4723=VERTEX_POINT('',#15796);
#4724=VERTEX_POINT('',#15800);
#4725=VERTEX_POINT('',#15808);
#4726=VERTEX_POINT('',#15815);
#4727=VERTEX_POINT('',#15816);
#4728=VERTEX_POINT('',#15818);
#4729=VERTEX_POINT('',#15820);
#4730=VERTEX_POINT('',#15827);
#4731=VERTEX_POINT('',#15834);
#4732=VERTEX_POINT('',#15841);
#4733=VERTEX_POINT('',#15857);
#4734=VERTEX_POINT('',#15866);
#4735=VERTEX_POINT('',#15870);
#4736=VERTEX_POINT('',#15874);
#4737=VERTEX_POINT('',#15875);
#4738=VERTEX_POINT('',#15884);
#4739=VERTEX_POINT('',#15897);
#4740=VERTEX_POINT('',#15907);
#4741=VERTEX_POINT('',#15909);
#4742=VERTEX_POINT('',#15911);
#4743=VERTEX_POINT('',#15913);
#4744=VERTEX_POINT('',#15915);
#4745=VERTEX_POINT('',#15917);
#4746=VERTEX_POINT('',#15921);
#4747=VERTEX_POINT('',#15922);
#4748=VERTEX_POINT('',#15924);
#4749=VERTEX_POINT('',#15928);
#4750=VERTEX_POINT('',#15932);
#4751=VERTEX_POINT('',#15934);
#4752=VERTEX_POINT('',#15945);
#4753=VERTEX_POINT('',#15947);
#4754=VERTEX_POINT('',#15958);
#4755=VERTEX_POINT('',#15964);
#4756=VERTEX_POINT('',#15970);
#4757=VERTEX_POINT('',#15977);
#4758=VERTEX_POINT('',#15986);
#4759=VERTEX_POINT('',#15992);
#4760=VERTEX_POINT('',#15998);
#4761=VERTEX_POINT('',#16004);
#4762=VERTEX_POINT('',#16014);
#4763=VERTEX_POINT('',#16018);
#4764=VERTEX_POINT('',#16022);
#4765=VERTEX_POINT('',#16026);
#4766=VERTEX_POINT('',#16030);
#4767=VERTEX_POINT('',#16034);
#4768=VERTEX_POINT('',#16038);
#4769=VERTEX_POINT('',#16042);
#4770=VERTEX_POINT('',#16070);
#4771=VERTEX_POINT('',#16076);
#4772=VERTEX_POINT('',#16082);
#4773=VERTEX_POINT('',#16088);
#4774=VERTEX_POINT('',#16099);
#4775=VERTEX_POINT('',#16105);
#4776=VERTEX_POINT('',#16111);
#4777=VERTEX_POINT('',#16116);
#4778=VERTEX_POINT('',#16126);
#4779=VERTEX_POINT('',#16128);
#4780=VERTEX_POINT('',#16132);
#4781=VERTEX_POINT('',#16138);
#4782=VERTEX_POINT('',#16139);
#4783=VERTEX_POINT('',#16144);
#4784=VERTEX_POINT('',#16145);
#4785=VERTEX_POINT('',#16150);
#4786=VERTEX_POINT('',#16151);
#4787=VERTEX_POINT('',#16156);
#4788=VERTEX_POINT('',#16158);
#4789=VERTEX_POINT('',#16187);
#4790=VERTEX_POINT('',#16189);
#4791=VERTEX_POINT('',#16193);
#4792=VERTEX_POINT('',#16197);
#4793=VERTEX_POINT('',#16201);
#4794=VERTEX_POINT('',#16207);
#4795=VERTEX_POINT('',#16208);
#4796=VERTEX_POINT('',#16211);
#4797=VERTEX_POINT('',#16215);
#4798=VERTEX_POINT('',#16217);
#4799=VERTEX_POINT('',#16221);
#4800=VERTEX_POINT('',#16223);
#4801=VERTEX_POINT('',#16227);
#4802=VERTEX_POINT('',#16229);
#4803=VERTEX_POINT('',#16236);
#4804=VERTEX_POINT('',#16242);
#4805=VERTEX_POINT('',#16250);
#4806=VERTEX_POINT('',#16256);
#4807=VERTEX_POINT('',#16264);
#4808=VERTEX_POINT('',#16270);
#4809=VERTEX_POINT('',#16278);
#4810=VERTEX_POINT('',#16284);
#4811=VERTEX_POINT('',#16292);
#4812=VERTEX_POINT('',#16298);
#4813=VERTEX_POINT('',#16306);
#4814=VERTEX_POINT('',#16312);
#4815=VERTEX_POINT('',#16339);
#4816=VERTEX_POINT('',#16345);
#4817=VERTEX_POINT('',#16347);
#4818=VERTEX_POINT('',#16351);
#4819=VERTEX_POINT('',#16359);
#4820=VERTEX_POINT('',#16363);
#4821=VERTEX_POINT('',#16371);
#4822=VERTEX_POINT('',#16375);
#4823=VERTEX_POINT('',#16381);
#4824=VERTEX_POINT('',#16394);
#4825=VERTEX_POINT('',#16395);
#4826=VERTEX_POINT('',#16397);
#4827=VERTEX_POINT('',#16401);
#4828=VERTEX_POINT('',#16405);
#4829=VERTEX_POINT('',#16409);
#4830=VERTEX_POINT('',#16432);
#4831=VERTEX_POINT('',#16436);
#4832=VERTEX_POINT('',#16470);
#4833=VERTEX_POINT('',#16471);
#4834=VERTEX_POINT('',#16473);
#4835=VERTEX_POINT('',#16475);
#4836=VERTEX_POINT('',#16477);
#4837=VERTEX_POINT('',#16479);
#4838=VERTEX_POINT('',#16483);
#4839=VERTEX_POINT('',#16484);
#4840=VERTEX_POINT('',#16486);
#4841=VERTEX_POINT('',#16488);
#4842=VERTEX_POINT('',#16492);
#4843=VERTEX_POINT('',#16494);
#4844=VERTEX_POINT('',#16498);
#4845=VERTEX_POINT('',#16500);
#4846=VERTEX_POINT('',#16504);
#4847=VERTEX_POINT('',#16506);
#4848=VERTEX_POINT('',#16510);
#4849=VERTEX_POINT('',#16512);
#4850=VERTEX_POINT('',#16516);
#4851=VERTEX_POINT('',#16521);
#4852=VERTEX_POINT('',#16525);
#4853=VERTEX_POINT('',#16529);
#4854=VERTEX_POINT('',#16531);
#4855=VERTEX_POINT('',#16535);
#4856=VERTEX_POINT('',#16537);
#4857=VERTEX_POINT('',#16541);
#4858=VERTEX_POINT('',#16543);
#4859=VERTEX_POINT('',#16547);
#4860=VERTEX_POINT('',#16549);
#4861=VERTEX_POINT('',#16553);
#4862=VERTEX_POINT('',#16555);
#4863=VERTEX_POINT('',#16559);
#4864=VERTEX_POINT('',#16561);
#4865=VERTEX_POINT('',#16569);
#4866=VERTEX_POINT('',#16571);
#4867=VERTEX_POINT('',#16573);
#4868=VERTEX_POINT('',#16575);
#4869=VERTEX_POINT('',#16577);
#4870=VERTEX_POINT('',#16579);
#4871=VERTEX_POINT('',#16581);
#4872=VERTEX_POINT('',#16583);
#4873=VERTEX_POINT('',#16585);
#4874=VERTEX_POINT('',#16587);
#4875=VERTEX_POINT('',#16589);
#4876=VERTEX_POINT('',#16591);
#4877=VERTEX_POINT('',#16593);
#4878=VERTEX_POINT('',#16595);
#4879=VERTEX_POINT('',#16599);
#4880=VERTEX_POINT('',#16600);
#4881=VERTEX_POINT('',#16602);
#4882=VERTEX_POINT('',#16604);
#4883=VERTEX_POINT('',#16606);
#4884=VERTEX_POINT('',#16608);
#4885=VERTEX_POINT('',#16610);
#4886=VERTEX_POINT('',#16612);
#4887=VERTEX_POINT('',#16614);
#4888=VERTEX_POINT('',#16618);
#4889=VERTEX_POINT('',#16620);
#4890=VERTEX_POINT('',#16624);
#4891=VERTEX_POINT('',#16626);
#4892=VERTEX_POINT('',#16628);
#4893=VERTEX_POINT('',#16633);
#4894=VERTEX_POINT('',#16637);
#4895=VERTEX_POINT('',#16641);
#4896=VERTEX_POINT('',#16645);
#4897=VERTEX_POINT('',#16651);
#4898=VERTEX_POINT('',#16652);
#4899=VERTEX_POINT('',#16654);
#4900=VERTEX_POINT('',#16657);
#4901=VERTEX_POINT('',#16659);
#4902=VERTEX_POINT('',#16661);
#4903=VERTEX_POINT('',#16663);
#4904=VERTEX_POINT('',#16667);
#4905=VERTEX_POINT('',#16669);
#4906=VERTEX_POINT('',#16675);
#4907=VERTEX_POINT('',#16679);
#4908=VERTEX_POINT('',#16695);
#4909=VERTEX_POINT('',#16699);
#4910=VERTEX_POINT('',#16703);
#4911=VERTEX_POINT('',#16707);
#4912=VERTEX_POINT('',#16711);
#4913=VERTEX_POINT('',#16715);
#4914=VERTEX_POINT('',#16722);
#4915=VERTEX_POINT('',#16723);
#4916=VERTEX_POINT('',#16725);
#4917=VERTEX_POINT('',#16727);
#4918=VERTEX_POINT('',#16729);
#4919=VERTEX_POINT('',#16731);
#4920=VERTEX_POINT('',#16733);
#4921=VERTEX_POINT('',#16735);
#4922=VERTEX_POINT('',#16737);
#4923=VERTEX_POINT('',#16739);
#4924=VERTEX_POINT('',#16741);
#4925=VERTEX_POINT('',#16743);
#4926=VERTEX_POINT('',#16745);
#4927=VERTEX_POINT('',#16747);
#4928=VERTEX_POINT('',#16749);
#4929=VERTEX_POINT('',#16751);
#4930=VERTEX_POINT('',#16754);
#4931=VERTEX_POINT('',#16757);
#4932=VERTEX_POINT('',#16759);
#4933=VERTEX_POINT('',#16763);
#4934=VERTEX_POINT('',#16767);
#4935=VERTEX_POINT('',#16771);
#4936=VERTEX_POINT('',#16775);
#4937=VERTEX_POINT('',#16779);
#4938=VERTEX_POINT('',#16783);
#4939=VERTEX_POINT('',#16787);
#4940=VERTEX_POINT('',#16791);
#4941=VERTEX_POINT('',#16795);
#4942=VERTEX_POINT('',#16799);
#4943=VERTEX_POINT('',#16803);
#4944=VERTEX_POINT('',#16807);
#4945=VERTEX_POINT('',#16811);
#4946=VERTEX_POINT('',#16815);
#4947=VERTEX_POINT('',#16819);
#4948=VERTEX_POINT('',#16826);
#4949=VERTEX_POINT('',#16828);
#4950=VERTEX_POINT('',#16832);
#4951=VERTEX_POINT('',#16833);
#4952=VERTEX_POINT('',#16835);
#4953=VERTEX_POINT('',#16837);
#4954=VERTEX_POINT('',#16841);
#4955=VERTEX_POINT('',#16843);
#4956=VERTEX_POINT('',#16847);
#4957=VERTEX_POINT('',#16849);
#4958=VERTEX_POINT('',#16853);
#4959=VERTEX_POINT('',#16855);
#4960=VERTEX_POINT('',#16859);
#4961=VERTEX_POINT('',#16861);
#4962=VERTEX_POINT('',#16865);
#4963=VERTEX_POINT('',#16867);
#4964=VERTEX_POINT('',#16871);
#4965=VERTEX_POINT('',#16873);
#4966=VERTEX_POINT('',#16877);
#4967=VERTEX_POINT('',#16879);
#4968=VERTEX_POINT('',#16883);
#4969=VERTEX_POINT('',#16885);
#4970=VERTEX_POINT('',#16889);
#4971=VERTEX_POINT('',#16891);
#4972=VERTEX_POINT('',#16895);
#4973=VERTEX_POINT('',#16897);
#4974=VERTEX_POINT('',#16901);
#4975=VERTEX_POINT('',#16903);
#4976=VERTEX_POINT('',#16907);
#4977=VERTEX_POINT('',#16909);
#4978=VERTEX_POINT('',#16913);
#4979=VERTEX_POINT('',#16915);
#4980=VERTEX_POINT('',#16919);
#4981=VERTEX_POINT('',#16921);
#4982=VERTEX_POINT('',#16925);
#4983=VERTEX_POINT('',#16927);
#4984=VERTEX_POINT('',#16931);
#4985=VERTEX_POINT('',#16933);
#4986=VERTEX_POINT('',#16937);
#4987=VERTEX_POINT('',#16939);
#4988=VERTEX_POINT('',#16943);
#4989=VERTEX_POINT('',#16945);
#4990=VERTEX_POINT('',#16949);
#4991=VERTEX_POINT('',#16951);
#4992=VERTEX_POINT('',#16955);
#4993=VERTEX_POINT('',#16957);
#4994=VERTEX_POINT('',#16961);
#4995=VERTEX_POINT('',#16963);
#4996=VERTEX_POINT('',#16967);
#4997=VERTEX_POINT('',#16969);
#4998=VERTEX_POINT('',#16973);
#4999=VERTEX_POINT('',#16975);
#5000=VERTEX_POINT('',#16979);
#5001=VERTEX_POINT('',#16981);
#5002=VERTEX_POINT('',#16985);
#5003=VERTEX_POINT('',#16987);
#5004=VERTEX_POINT('',#16991);
#5005=VERTEX_POINT('',#16993);
#5006=VERTEX_POINT('',#16997);
#5007=VERTEX_POINT('',#16999);
#5008=VERTEX_POINT('',#17003);
#5009=VERTEX_POINT('',#17005);
#5010=VERTEX_POINT('',#17009);
#5011=VERTEX_POINT('',#17011);
#5012=VERTEX_POINT('',#17015);
#5013=VERTEX_POINT('',#17017);
#5014=VERTEX_POINT('',#17021);
#5015=VERTEX_POINT('',#17023);
#5016=VERTEX_POINT('',#17027);
#5017=VERTEX_POINT('',#17029);
#5018=VERTEX_POINT('',#17033);
#5019=VERTEX_POINT('',#17035);
#5020=VERTEX_POINT('',#17039);
#5021=VERTEX_POINT('',#17041);
#5022=VERTEX_POINT('',#17045);
#5023=VERTEX_POINT('',#17047);
#5024=VERTEX_POINT('',#17051);
#5025=VERTEX_POINT('',#17053);
#5026=VERTEX_POINT('',#17057);
#5027=VERTEX_POINT('',#17059);
#5028=VERTEX_POINT('',#17063);
#5029=VERTEX_POINT('',#17065);
#5030=VERTEX_POINT('',#17069);
#5031=VERTEX_POINT('',#17071);
#5032=VERTEX_POINT('',#17075);
#5033=VERTEX_POINT('',#17077);
#5034=VERTEX_POINT('',#17081);
#5035=VERTEX_POINT('',#17083);
#5036=VERTEX_POINT('',#17087);
#5037=VERTEX_POINT('',#17089);
#5038=VERTEX_POINT('',#17093);
#5039=VERTEX_POINT('',#17095);
#5040=VERTEX_POINT('',#17099);
#5041=VERTEX_POINT('',#17101);
#5042=VERTEX_POINT('',#17105);
#5043=VERTEX_POINT('',#17107);
#5044=VERTEX_POINT('',#17111);
#5045=VERTEX_POINT('',#17113);
#5046=VERTEX_POINT('',#17117);
#5047=VERTEX_POINT('',#17119);
#5048=VERTEX_POINT('',#17123);
#5049=VERTEX_POINT('',#17125);
#5050=VERTEX_POINT('',#17129);
#5051=VERTEX_POINT('',#17131);
#5052=VERTEX_POINT('',#17135);
#5053=VERTEX_POINT('',#17137);
#5054=EDGE_CURVE('',#4268,#4269,#1406,.T.);
#5055=EDGE_CURVE('',#4268,#4270,#1407,.T.);
#5056=EDGE_CURVE('',#4269,#4270,#1408,.T.);
#5057=EDGE_CURVE('',#4271,#4268,#1409,.T.);
#5058=EDGE_CURVE('',#4271,#4272,#1410,.T.);
#5059=EDGE_CURVE('',#4270,#4272,#1411,.T.);
#5060=EDGE_CURVE('',#4273,#4271,#1412,.T.);
#5061=EDGE_CURVE('',#4273,#4274,#1413,.T.);
#5062=EDGE_CURVE('',#4272,#4274,#1414,.T.);
#5063=EDGE_CURVE('',#4275,#4273,#1415,.T.);
#5064=EDGE_CURVE('',#4275,#4276,#1416,.T.);
#5065=EDGE_CURVE('',#4274,#4276,#1417,.T.);
#5066=EDGE_CURVE('',#4277,#4278,#1418,.T.);
#5067=EDGE_CURVE('',#4279,#4277,#1419,.T.);
#5068=EDGE_CURVE('',#4279,#4280,#1420,.T.);
#5069=EDGE_CURVE('',#4281,#4280,#1421,.T.);
#5070=EDGE_CURVE('',#4282,#4281,#1422,.T.);
#5071=EDGE_CURVE('',#4283,#4282,#1423,.T.);
#5072=EDGE_CURVE('',#4284,#4283,#1424,.T.);
#5073=EDGE_CURVE('',#4285,#4284,#1425,.T.);
#5074=EDGE_CURVE('',#4286,#4285,#1426,.T.);
#5075=EDGE_CURVE('',#4287,#4286,#1427,.T.);
#5076=EDGE_CURVE('',#4288,#4287,#1428,.T.);
#5077=EDGE_CURVE('',#4289,#4288,#1429,.T.);
#5078=EDGE_CURVE('',#4290,#4289,#1430,.T.);
#5079=EDGE_CURVE('',#4291,#4290,#1431,.T.);
#5080=EDGE_CURVE('',#4292,#4291,#1432,.T.);
#5081=EDGE_CURVE('',#4293,#4292,#1433,.T.);
#5082=EDGE_CURVE('',#4293,#4278,#1434,.T.);
#5083=EDGE_CURVE('',#4294,#4295,#1435,.T.);
#5084=EDGE_CURVE('',#4296,#4294,#1436,.T.);
#5085=EDGE_CURVE('',#4297,#4296,#1437,.T.);
#5086=EDGE_CURVE('',#4298,#4297,#1438,.T.);
#5087=EDGE_CURVE('',#4299,#4298,#1439,.T.);
#5088=EDGE_CURVE('',#4300,#4299,#1440,.T.);
#5089=EDGE_CURVE('',#4301,#4300,#1441,.T.);
#5090=EDGE_CURVE('',#4302,#4301,#1442,.T.);
#5091=EDGE_CURVE('',#4303,#4302,#1443,.T.);
#5092=EDGE_CURVE('',#4304,#4303,#1444,.T.);
#5093=EDGE_CURVE('',#4305,#4304,#1445,.T.);
#5094=EDGE_CURVE('',#4306,#4305,#1446,.T.);
#5095=EDGE_CURVE('',#4307,#4306,#1447,.T.);
#5096=EDGE_CURVE('',#4308,#4307,#1448,.T.);
#5097=EDGE_CURVE('',#4309,#4308,#1449,.T.);
#5098=EDGE_CURVE('',#4310,#4309,#1450,.T.);
#5099=EDGE_CURVE('',#4311,#4310,#1451,.T.);
#5100=EDGE_CURVE('',#4312,#4311,#1452,.T.);
#5101=EDGE_CURVE('',#4312,#4313,#1453,.T.);
#5102=EDGE_CURVE('',#4313,#4314,#1454,.T.);
#5103=EDGE_CURVE('',#4314,#4315,#1455,.T.);
#5104=EDGE_CURVE('',#4315,#4316,#1456,.T.);
#5105=EDGE_CURVE('',#4316,#4317,#1457,.T.);
#5106=EDGE_CURVE('',#4317,#4318,#1458,.T.);
#5107=EDGE_CURVE('',#4318,#4319,#1459,.T.);
#5108=EDGE_CURVE('',#4319,#4320,#1460,.T.);
#5109=EDGE_CURVE('',#4320,#4321,#1461,.T.);
#5110=EDGE_CURVE('',#4321,#4322,#1462,.T.);
#5111=EDGE_CURVE('',#4322,#4323,#1463,.T.);
#5112=EDGE_CURVE('',#4323,#4324,#1464,.T.);
#5113=EDGE_CURVE('',#4325,#4324,#1465,.T.);
#5114=EDGE_CURVE('',#4326,#4325,#1466,.T.);
#5115=EDGE_CURVE('',#4327,#4326,#1467,.T.);
#5116=EDGE_CURVE('',#4328,#4327,#1468,.T.);
#5117=EDGE_CURVE('',#4329,#4328,#1469,.T.);
#5118=EDGE_CURVE('',#4295,#4329,#1470,.T.);
#5119=EDGE_CURVE('',#4330,#4331,#1471,.T.);
#5120=EDGE_CURVE('',#4330,#4332,#1472,.T.);
#5121=EDGE_CURVE('',#4332,#4333,#1473,.T.);
#5122=EDGE_CURVE('',#4331,#4333,#1474,.T.);
#5123=EDGE_CURVE('',#4334,#4335,#1475,.T.);
#5124=EDGE_CURVE('',#4336,#4334,#1476,.T.);
#5125=EDGE_CURVE('',#4336,#4337,#1477,.T.);
#5126=EDGE_CURVE('',#4337,#4335,#1478,.T.);
#5127=EDGE_CURVE('',#4338,#4339,#1479,.T.);
#5128=EDGE_CURVE('',#4338,#4340,#1480,.T.);
#5129=EDGE_CURVE('',#4340,#4341,#1481,.T.);
#5130=EDGE_CURVE('',#4339,#4341,#1482,.T.);
#5131=EDGE_CURVE('',#4342,#4297,#1483,.T.);
#5132=EDGE_CURVE('',#4343,#4296,#1484,.T.);
#5133=EDGE_CURVE('',#4342,#4343,#1485,.T.);
#5134=EDGE_CURVE('',#4344,#4312,#1486,.T.);
#5135=EDGE_CURVE('',#4344,#4345,#1487,.T.);
#5136=EDGE_CURVE('',#4345,#4313,#1488,.T.);
#5137=EDGE_CURVE('',#4346,#4323,#1489,.T.);
#5138=EDGE_CURVE('',#4347,#4322,#1490,.T.);
#5139=EDGE_CURVE('',#4347,#4346,#1491,.T.);
#5140=EDGE_CURVE('',#4348,#4349,#1492,.T.);
#5141=EDGE_CURVE('',#4348,#4350,#1493,.T.);
#5142=EDGE_CURVE('',#4350,#4351,#1494,.T.);
#5143=EDGE_CURVE('',#4351,#4352,#1495,.T.);
#5144=EDGE_CURVE('',#4352,#4353,#1496,.T.);
#5145=EDGE_CURVE('',#4353,#4354,#1497,.T.);
#5146=EDGE_CURVE('',#4354,#4355,#1498,.T.);
#5147=EDGE_CURVE('',#4355,#4356,#1499,.T.);
#5148=EDGE_CURVE('',#4356,#4357,#1500,.T.);
#5149=EDGE_CURVE('',#4357,#4358,#1501,.T.);
#5150=EDGE_CURVE('',#4358,#4342,#1502,.T.);
#5151=EDGE_CURVE('',#4343,#4359,#1503,.T.);
#5152=EDGE_CURVE('',#4359,#4360,#1504,.T.);
#5153=EDGE_CURVE('',#4360,#4361,#1505,.T.);
#5154=EDGE_CURVE('',#4362,#4361,#1506,.T.);
#5155=EDGE_CURVE('',#4363,#4362,#1507,.T.);
#5156=EDGE_CURVE('',#4364,#4363,#1508,.T.);
#5157=EDGE_CURVE('',#4365,#4364,#1509,.T.);
#5158=EDGE_CURVE('',#4366,#4365,#1510,.T.);
#5159=EDGE_CURVE('',#4367,#4366,#1511,.T.);
#5160=EDGE_CURVE('',#4368,#4367,#1512,.T.);
#5161=EDGE_CURVE('',#4369,#4368,#1513,.T.);
#5162=EDGE_CURVE('',#4370,#4369,#1514,.T.);
#5163=EDGE_CURVE('',#4371,#4370,#1515,.T.);
#5164=EDGE_CURVE('',#4341,#4371,#1516,.T.);
#5165=EDGE_CURVE('',#4372,#4340,#1517,.T.);
#5166=EDGE_CURVE('',#4373,#4372,#1518,.T.);
#5167=EDGE_CURVE('',#4374,#4373,#1519,.T.);
#5168=EDGE_CURVE('',#4375,#4374,#1520,.T.);
#5169=EDGE_CURVE('',#4376,#4375,#1521,.T.);
#5170=EDGE_CURVE('',#4377,#4376,#1522,.T.);
#5171=EDGE_CURVE('',#4378,#4377,#1523,.T.);
#5172=EDGE_CURVE('',#4379,#4378,#1524,.T.);
#5173=EDGE_CURVE('',#4380,#4379,#1525,.T.);
#5174=EDGE_CURVE('',#4381,#4380,#1526,.T.);
#5175=EDGE_CURVE('',#4382,#4381,#1527,.T.);
#5176=EDGE_CURVE('',#4383,#4382,#1528,.T.);
#5177=EDGE_CURVE('',#4384,#4383,#1529,.T.);
#5178=EDGE_CURVE('',#4385,#4384,#1530,.T.);
#5179=EDGE_CURVE('',#4386,#4385,#1531,.T.);
#5180=EDGE_CURVE('',#4387,#4386,#1532,.T.);
#5181=EDGE_CURVE('',#4349,#4387,#1533,.T.);
#5182=EDGE_CURVE('',#4388,#4389,#1534,.T.);
#5183=EDGE_CURVE('',#4388,#4381,#1535,.T.);
#5184=EDGE_CURVE('',#4389,#4380,#1536,.T.);
#5185=EDGE_CURVE('',#4390,#4387,#1537,.T.);
#5186=EDGE_CURVE('',#4391,#4390,#1538,.T.);
#5187=EDGE_CURVE('',#4391,#4349,#1539,.T.);
#5188=EDGE_CURVE('',#4392,#4393,#1540,.T.);
#5189=EDGE_CURVE('',#4392,#4394,#1541,.T.);
#5190=EDGE_CURVE('',#4394,#4395,#1542,.T.);
#5191=EDGE_CURVE('',#4393,#4395,#1543,.T.);
#5192=EDGE_CURVE('',#4355,#4301,#1544,.T.);
#5193=EDGE_CURVE('',#4356,#4300,#1545,.T.);
#5194=EDGE_CURVE('',#4396,#4397,#1546,.T.);
#5195=EDGE_CURVE('',#4397,#4321,#1547,.T.);
#5196=EDGE_CURVE('',#4396,#4320,#1548,.T.);
#5197=EDGE_CURVE('',#4398,#4399,#1549,.T.);
#5198=EDGE_CURVE('',#4398,#4375,#1550,.T.);
#5199=EDGE_CURVE('',#4399,#4374,#1551,.T.);
#5200=EDGE_CURVE('',#4400,#4310,#1552,.T.);
#5201=EDGE_CURVE('',#4401,#4400,#1553,.T.);
#5202=EDGE_CURVE('',#4401,#4311,#1554,.T.);
#5203=EDGE_CURVE('',#4402,#4403,#1555,.T.);
#5204=EDGE_CURVE('',#4402,#4369,#1556,.T.);
#5205=EDGE_CURVE('',#4403,#4368,#1557,.T.);
#5206=EDGE_CURVE('',#4404,#4364,#1558,.T.);
#5207=EDGE_CURVE('',#4405,#4363,#1559,.T.);
#5208=EDGE_CURVE('',#4404,#4405,#1560,.T.);
#5209=EDGE_CURVE('',#4406,#4326,#1561,.T.);
#5210=EDGE_CURVE('',#4407,#4325,#1562,.T.);
#5211=EDGE_CURVE('',#4406,#4407,#1563,.T.);
#5212=EDGE_CURVE('',#4399,#4408,#1564,.T.);
#5213=EDGE_CURVE('',#4408,#4373,#1565,.T.);
#5214=EDGE_CURVE('',#4409,#4410,#1566,.T.);
#5215=EDGE_CURVE('',#4410,#4318,#1567,.T.);
#5216=EDGE_CURVE('',#4409,#4317,#1568,.T.);
#5217=EDGE_CURVE('',#4411,#4412,#1569,.T.);
#5218=EDGE_CURVE('',#4411,#4413,#1570,.T.);
#5219=EDGE_CURVE('',#4413,#4414,#1571,.T.);
#5220=EDGE_CURVE('',#4412,#4414,#1572,.T.);
#5221=EDGE_CURVE('',#4415,#4416,#1573,.T.);
#5222=EDGE_CURVE('',#4415,#4417,#1574,.T.);
#5223=EDGE_CURVE('',#4417,#4418,#1575,.T.);
#5224=EDGE_CURVE('',#4416,#4418,#1576,.T.);
#5225=EDGE_CURVE('',#4359,#4294,#1577,.T.);
#5226=EDGE_CURVE('',#4360,#4295,#1578,.T.);
#5227=EDGE_CURVE('',#4361,#4329,#1579,.T.);
#5228=EDGE_CURVE('',#4419,#4348,#1580,.T.);
#5229=EDGE_CURVE('',#4420,#4419,#1581,.T.);
#5230=EDGE_CURVE('',#4420,#4308,#1582,.T.);
#5231=EDGE_CURVE('',#4348,#4307,#1583,.T.);
#5232=EDGE_CURVE('',#4421,#4409,#1584,.T.);
#5233=EDGE_CURVE('',#4421,#4316,#1585,.T.);
#5234=EDGE_CURVE('',#4333,#4422,#1586,.T.);
#5235=EDGE_CURVE('',#4423,#4422,#1587,.T.);
#5236=EDGE_CURVE('',#4331,#4423,#1588,.T.);
#5237=EDGE_CURVE('',#4424,#4362,#1589,.T.);
#5238=EDGE_CURVE('',#4425,#4361,#1590,.T.);
#5239=EDGE_CURVE('',#4424,#4425,#1591,.T.);
#5240=EDGE_CURVE('',#4426,#4365,#1592,.T.);
#5241=EDGE_CURVE('',#4426,#4404,#1593,.T.);
#5242=EDGE_CURVE('',#4427,#4396,#1594,.T.);
#5243=EDGE_CURVE('',#4427,#4319,#1595,.T.);
#5244=EDGE_CURVE('',#4339,#4428,#1596,.T.);
#5245=EDGE_CURVE('',#4428,#4371,#1597,.T.);
#5246=EDGE_CURVE('',#4410,#4427,#1598,.T.);
#5247=EDGE_CURVE('',#4354,#4302,#1599,.T.);
#5248=EDGE_CURVE('',#4389,#4429,#1600,.T.);
#5249=EDGE_CURVE('',#4429,#4379,#1601,.T.);
#5250=EDGE_CURVE('',#4430,#4384,#1602,.T.);
#5251=EDGE_CURVE('',#4431,#4430,#1603,.T.);
#5252=EDGE_CURVE('',#4431,#4385,#1604,.T.);
#5253=EDGE_CURVE('',#4345,#4432,#1605,.T.);
#5254=EDGE_CURVE('',#4432,#4314,#1606,.T.);
#5255=EDGE_CURVE('',#4352,#4304,#1607,.T.);
#5256=EDGE_CURVE('',#4351,#4305,#1608,.T.);
#5257=EDGE_CURVE('',#4433,#4434,#1609,.T.);
#5258=EDGE_CURVE('',#4433,#4435,#1610,.T.);
#5259=EDGE_CURVE('',#4435,#4436,#1611,.T.);
#5260=EDGE_CURVE('',#4434,#4436,#1612,.T.);
#5261=EDGE_CURVE('',#4428,#4437,#1613,.T.);
#5262=EDGE_CURVE('',#4437,#4370,#1614,.T.);
#5263=EDGE_CURVE('',#4438,#4398,#1615,.T.);
#5264=EDGE_CURVE('',#4438,#4376,#1616,.T.);
#5265=EDGE_CURVE('',#4439,#4366,#1617,.T.);
#5266=EDGE_CURVE('',#4439,#4426,#1618,.T.);
#5267=EDGE_CURVE('',#4393,#4415,#1619,.T.);
#5268=EDGE_CURVE('',#4395,#4417,#1620,.T.);
#5269=EDGE_CURVE('',#4440,#4441,#1621,.T.);
#5270=EDGE_CURVE('',#4440,#4383,#1622,.T.);
#5271=EDGE_CURVE('',#4441,#4382,#1623,.T.);
#5272=EDGE_CURVE('',#4412,#4392,#1624,.T.);
#5273=EDGE_CURVE('',#4414,#4394,#1625,.T.);
#5274=EDGE_CURVE('',#4442,#4327,#1626,.T.);
#5275=EDGE_CURVE('',#4442,#4406,#1627,.T.);
#5276=EDGE_CURVE('',#4350,#4306,#1628,.T.);
#5277=EDGE_CURVE('',#4357,#4299,#1629,.T.);
#5278=EDGE_CURVE('',#4422,#4413,#1630,.T.);
#5279=EDGE_CURVE('',#4423,#4411,#1631,.T.);
#5280=EDGE_CURVE('',#4358,#4298,#1632,.T.);
#5281=EDGE_CURVE('',#4353,#4303,#1633,.T.);
#5282=EDGE_CURVE('',#4344,#4401,#1634,.T.);
#5283=EDGE_CURVE('',#4429,#4443,#1635,.T.);
#5284=EDGE_CURVE('',#4443,#4378,#1636,.T.);
#5285=EDGE_CURVE('',#4432,#4444,#1637,.T.);
#5286=EDGE_CURVE('',#4444,#4315,#1638,.T.);
#5287=EDGE_CURVE('',#4434,#4336,#1639,.T.);
#5288=EDGE_CURVE('',#4436,#4337,#1640,.T.);
#5289=EDGE_CURVE('',#4445,#4431,#1641,.T.);
#5290=EDGE_CURVE('',#4445,#4386,#1642,.T.);
#5291=EDGE_CURVE('',#4446,#4439,#1643,.T.);
#5292=EDGE_CURVE('',#4446,#4367,#1644,.T.);
#5293=EDGE_CURVE('',#4403,#4446,#1645,.T.);
#5294=EDGE_CURVE('',#4430,#4440,#1646,.T.);
#5295=EDGE_CURVE('',#4441,#4388,#1647,.T.);
#5296=EDGE_CURVE('',#4443,#4447,#1648,.T.);
#5297=EDGE_CURVE('',#4447,#4377,#1649,.T.);
#5298=EDGE_CURVE('',#4437,#4402,#1650,.T.);
#5299=EDGE_CURVE('',#4448,#4328,#1651,.T.);
#5300=EDGE_CURVE('',#4425,#4448,#1652,.T.);
#5301=EDGE_CURVE('',#4390,#4445,#1653,.T.);
#5302=EDGE_CURVE('',#4419,#4391,#1654,.T.);
#5303=EDGE_CURVE('',#4449,#4450,#1655,.T.);
#5304=EDGE_CURVE('',#4334,#4449,#1656,.T.);
#5305=EDGE_CURVE('',#4335,#4450,#1657,.T.);
#5306=EDGE_CURVE('',#4448,#4442,#1658,.T.);
#5307=EDGE_CURVE('',#4405,#4424,#1659,.T.);
#5308=EDGE_CURVE('',#4451,#4324,#1660,.T.);
#5309=EDGE_CURVE('',#4346,#4451,#1661,.T.);
#5310=EDGE_CURVE('',#4447,#4438,#1662,.T.);
#5311=EDGE_CURVE('',#4444,#4421,#1663,.T.);
#5312=EDGE_CURVE('',#4416,#4433,#1664,.T.);
#5313=EDGE_CURVE('',#4418,#4435,#1665,.T.);
#5314=EDGE_CURVE('',#4408,#4452,#1666,.T.);
#5315=EDGE_CURVE('',#4452,#4372,#1667,.T.);
#5316=EDGE_CURVE('',#4453,#4309,#1668,.T.);
#5317=EDGE_CURVE('',#4400,#4453,#1669,.T.);
#5318=EDGE_CURVE('',#4397,#4347,#1670,.T.);
#5319=EDGE_CURVE('',#4453,#4420,#1671,.T.);
#5320=EDGE_CURVE('',#4452,#4338,#1672,.T.);
#5321=EDGE_CURVE('',#4407,#4451,#1673,.T.);
#5322=EDGE_CURVE('',#4449,#4454,#1674,.T.);
#5323=EDGE_CURVE('',#4454,#4455,#1675,.T.);
#5324=EDGE_CURVE('',#4455,#4456,#1676,.T.);
#5325=EDGE_CURVE('',#4456,#4457,#1677,.T.);
#5326=EDGE_CURVE('',#4457,#4458,#1678,.T.);
#5327=EDGE_CURVE('',#4458,#4459,#1679,.T.);
#5328=EDGE_CURVE('',#4459,#4330,#1680,.T.);
#5329=EDGE_CURVE('',#4460,#4461,#1681,.T.);
#5330=EDGE_CURVE('',#4460,#4462,#1682,.T.);
#5331=EDGE_CURVE('',#4461,#4462,#1683,.T.);
#5332=EDGE_CURVE('',#4463,#4461,#1684,.T.);
#5333=EDGE_CURVE('',#4463,#4460,#1685,.T.);
#5334=EDGE_CURVE('',#4464,#4462,#1686,.T.);
#5335=EDGE_CURVE('',#4464,#4465,#1687,.T.);
#5336=EDGE_CURVE('',#4462,#4465,#1688,.T.);
#5337=EDGE_CURVE('',#4460,#4464,#1689,.T.);
#5338=EDGE_CURVE('',#4291,#4465,#1690,.T.);
#5339=EDGE_CURVE('',#4465,#4290,#1691,.T.);
#5340=EDGE_CURVE('',#4464,#4291,#1692,.T.);
#5341=EDGE_CURVE('',#4466,#4461,#1693,.T.);
#5342=EDGE_CURVE('',#4467,#4461,#1694,.T.);
#5343=EDGE_CURVE('',#4466,#4467,#1695,.T.);
#5344=EDGE_CURVE('',#4466,#4463,#1696,.T.);
#5345=EDGE_CURVE('',#4422,#4467,#1697,.T.);
#5346=EDGE_CURVE('',#4413,#4467,#1698,.T.);
#5347=EDGE_CURVE('',#4422,#4466,#1699,.T.);
#5348=EDGE_CURVE('',#4290,#4468,#1700,.T.);
#5349=EDGE_CURVE('',#4468,#4289,#1701,.T.);
#5350=EDGE_CURVE('',#4465,#4468,#1702,.T.);
#5351=EDGE_CURVE('',#4465,#4469,#1703,.T.);
#5352=EDGE_CURVE('',#4469,#4468,#1704,.T.);
#5353=EDGE_CURVE('',#4462,#4469,#1705,.T.);
#5354=EDGE_CURVE('',#4462,#4470,#1706,.T.);
#5355=EDGE_CURVE('',#4470,#4469,#1707,.T.);
#5356=EDGE_CURVE('',#4461,#4470,#1708,.T.);
#5357=EDGE_CURVE('',#4467,#4470,#1709,.T.);
#5358=EDGE_CURVE('',#4471,#4470,#1710,.T.);
#5359=EDGE_CURVE('',#4467,#4471,#1711,.T.);
#5360=EDGE_CURVE('',#4413,#4471,#1712,.T.);
#5361=EDGE_CURVE('',#4414,#4471,#1713,.T.);
#5362=EDGE_CURVE('',#4289,#4472,#1714,.T.);
#5363=EDGE_CURVE('',#4472,#4288,#1715,.T.);
#5364=EDGE_CURVE('',#4468,#4472,#1716,.T.);
#5365=EDGE_CURVE('',#4468,#4473,#1717,.T.);
#5366=EDGE_CURVE('',#4473,#4472,#1718,.T.);
#5367=EDGE_CURVE('',#4469,#4473,#1719,.T.);
#5368=EDGE_CURVE('',#4469,#4474,#1720,.T.);
#5369=EDGE_CURVE('',#4474,#4473,#1721,.T.);
#5370=EDGE_CURVE('',#4470,#4474,#1722,.T.);
#5371=EDGE_CURVE('',#4470,#4475,#1723,.T.);
#5372=EDGE_CURVE('',#4475,#4474,#1724,.T.);
#5373=EDGE_CURVE('',#4471,#4475,#1725,.T.);
#5374=EDGE_CURVE('',#4471,#4394,#1726,.T.);
#5375=EDGE_CURVE('',#4394,#4475,#1727,.T.);
#5376=EDGE_CURVE('',#4287,#4476,#1728,.T.);
#5377=EDGE_CURVE('',#4286,#4476,#1729,.T.);
#5378=EDGE_CURVE('',#4477,#4476,#1730,.T.);
#5379=EDGE_CURVE('',#4477,#4287,#1731,.T.);
#5380=EDGE_CURVE('',#4477,#4478,#1732,.T.);
#5381=EDGE_CURVE('',#4476,#4478,#1733,.T.);
#5382=EDGE_CURVE('',#4479,#4478,#1734,.T.);
#5383=EDGE_CURVE('',#4479,#4477,#1735,.T.);
#5384=EDGE_CURVE('',#4479,#4480,#1736,.T.);
#5385=EDGE_CURVE('',#4478,#4480,#1737,.T.);
#5386=EDGE_CURVE('',#4481,#4480,#1738,.T.);
#5387=EDGE_CURVE('',#4481,#4479,#1739,.T.);
#5388=EDGE_CURVE('',#4481,#4482,#1740,.T.);
#5389=EDGE_CURVE('',#4480,#4482,#1741,.T.);
#5390=EDGE_CURVE('',#4483,#4482,#1742,.T.);
#5391=EDGE_CURVE('',#4483,#4481,#1743,.T.);
#5392=EDGE_CURVE('',#4483,#4417,#1744,.T.);
#5393=EDGE_CURVE('',#4482,#4417,#1745,.T.);
#5394=EDGE_CURVE('',#4395,#4483,#1746,.T.);
#5395=EDGE_CURVE('',#4288,#4477,#1747,.T.);
#5396=EDGE_CURVE('',#4472,#4477,#1748,.T.);
#5397=EDGE_CURVE('',#4472,#4479,#1749,.T.);
#5398=EDGE_CURVE('',#4473,#4479,#1750,.T.);
#5399=EDGE_CURVE('',#4473,#4481,#1751,.T.);
#5400=EDGE_CURVE('',#4474,#4481,#1752,.T.);
#5401=EDGE_CURVE('',#4474,#4483,#1753,.T.);
#5402=EDGE_CURVE('',#4475,#4483,#1754,.T.);
#5403=EDGE_CURVE('',#4475,#4395,#1755,.T.);
#5404=EDGE_CURVE('',#4286,#4484,#1756,.T.);
#5405=EDGE_CURVE('',#4285,#4484,#1757,.T.);
#5406=EDGE_CURVE('',#4476,#4484,#1758,.T.);
#5407=EDGE_CURVE('',#4476,#4485,#1759,.T.);
#5408=EDGE_CURVE('',#4484,#4485,#1760,.T.);
#5409=EDGE_CURVE('',#4478,#4485,#1761,.T.);
#5410=EDGE_CURVE('',#4478,#4486,#1762,.T.);
#5411=EDGE_CURVE('',#4485,#4486,#1763,.T.);
#5412=EDGE_CURVE('',#4480,#4486,#1764,.T.);
#5413=EDGE_CURVE('',#4480,#4487,#1765,.T.);
#5414=EDGE_CURVE('',#4486,#4487,#1766,.T.);
#5415=EDGE_CURVE('',#4482,#4487,#1767,.T.);
#5416=EDGE_CURVE('',#4482,#4418,#1768,.T.);
#5417=EDGE_CURVE('',#4487,#4418,#1769,.T.);
#5418=EDGE_CURVE('',#4484,#4284,#1770,.T.);
#5419=EDGE_CURVE('',#4284,#4488,#1771,.T.);
#5420=EDGE_CURVE('',#4484,#4488,#1772,.T.);
#5421=EDGE_CURVE('',#4485,#4488,#1773,.T.);
#5422=EDGE_CURVE('',#4488,#4489,#1774,.T.);
#5423=EDGE_CURVE('',#4485,#4489,#1775,.T.);
#5424=EDGE_CURVE('',#4486,#4489,#1776,.T.);
#5425=EDGE_CURVE('',#4489,#4490,#1777,.T.);
#5426=EDGE_CURVE('',#4486,#4490,#1778,.T.);
#5427=EDGE_CURVE('',#4486,#4491,#1779,.T.);
#5428=EDGE_CURVE('',#4490,#4491,#1780,.T.);
#5429=EDGE_CURVE('',#4487,#4491,#1781,.T.);
#5430=EDGE_CURVE('',#4487,#4435,#1782,.T.);
#5431=EDGE_CURVE('',#4491,#4435,#1783,.T.);
#5432=EDGE_CURVE('',#4457,#4492,#1784,.T.);
#5433=EDGE_CURVE('',#4493,#4492,#1785,.T.);
#5434=EDGE_CURVE('',#4458,#4493,#1786,.T.);
#5435=EDGE_CURVE('',#4494,#4493,#1787,.T.);
#5436=EDGE_CURVE('',#4459,#4494,#1788,.T.);
#5437=EDGE_CURVE('',#4332,#4494,#1789,.T.);
#5438=EDGE_CURVE('',#4495,#4496,#1790,.T.);
#5439=EDGE_CURVE('',#4495,#4293,#1791,.T.);
#5440=EDGE_CURVE('',#4496,#4292,#1792,.T.);
#5441=EDGE_CURVE('',#4497,#4498,#1793,.T.);
#5442=EDGE_CURVE('',#4497,#4495,#1794,.T.);
#5443=EDGE_CURVE('',#4498,#4496,#1795,.T.);
#5444=EDGE_CURVE('',#4499,#4500,#1796,.T.);
#5445=EDGE_CURVE('',#4499,#4497,#1797,.T.);
#5446=EDGE_CURVE('',#4500,#4498,#1798,.T.);
#5447=EDGE_CURVE('',#4501,#4499,#1799,.T.);
#5448=EDGE_CURVE('',#4502,#4500,#1800,.T.);
#5449=EDGE_CURVE('',#4501,#4502,#1801,.T.);
#5450=EDGE_CURVE('',#4332,#4501,#1802,.T.);
#5451=EDGE_CURVE('',#4333,#4502,#1803,.T.);
#5452=EDGE_CURVE('',#4464,#4292,#1804,.T.);
#5453=EDGE_CURVE('',#4496,#4464,#1805,.T.);
#5454=EDGE_CURVE('',#4460,#4496,#1806,.T.);
#5455=EDGE_CURVE('',#4498,#4460,#1807,.T.);
#5456=EDGE_CURVE('',#4498,#4463,#1808,.T.);
#5457=EDGE_CURVE('',#4500,#4463,#1809,.T.);
#5458=EDGE_CURVE('',#4502,#4463,#1810,.T.);
#5459=EDGE_CURVE('',#4502,#4466,#1811,.T.);
#5460=EDGE_CURVE('',#4333,#4466,#1812,.T.);
#5461=EDGE_CURVE('',#4277,#4275,#1813,.T.);
#5462=EDGE_CURVE('',#4276,#4278,#1814,.T.);
#5463=EDGE_CURVE('',#4503,#4269,#1815,.T.);
#5464=EDGE_CURVE('',#4504,#4270,#1816,.T.);
#5465=EDGE_CURVE('',#4503,#4504,#1817,.T.);
#5466=EDGE_CURVE('',#4505,#4272,#1818,.T.);
#5467=EDGE_CURVE('',#4504,#4505,#1819,.T.);
#5468=EDGE_CURVE('',#4506,#4274,#1820,.T.);
#5469=EDGE_CURVE('',#4505,#4506,#1821,.T.);
#5470=EDGE_CURVE('',#4506,#4507,#1822,.T.);
#5471=EDGE_CURVE('',#4507,#4276,#1823,.T.);
#5472=EDGE_CURVE('',#4507,#4293,#1824,.T.);
#5473=EDGE_CURVE('',#4508,#4509,#1825,.T.);
#5474=EDGE_CURVE('',#4508,#4450,#1826,.T.);
#5475=EDGE_CURVE('',#4510,#4450,#1827,.T.);
#5476=EDGE_CURVE('',#4509,#4510,#1828,.T.);
#5477=EDGE_CURVE('',#4509,#4511,#1829,.T.);
#5478=EDGE_CURVE('',#4512,#4510,#1830,.T.);
#5479=EDGE_CURVE('',#4511,#4512,#1831,.T.);
#5480=EDGE_CURVE('',#4511,#4513,#1832,.T.);
#5481=EDGE_CURVE('',#4514,#4512,#1833,.T.);
#5482=EDGE_CURVE('',#4513,#4514,#1834,.T.);
#5483=EDGE_CURVE('',#4513,#4515,#1835,.T.);
#5484=EDGE_CURVE('',#4516,#4514,#1836,.T.);
#5485=EDGE_CURVE('',#4515,#4516,#1837,.T.);
#5486=EDGE_CURVE('',#4515,#4279,#1838,.T.);
#5487=EDGE_CURVE('',#4280,#4516,#1839,.T.);
#5488=EDGE_CURVE('',#4517,#4450,#1840,.T.);
#5489=EDGE_CURVE('',#4517,#4335,#1841,.T.);
#5490=EDGE_CURVE('',#4517,#4510,#1842,.T.);
#5491=EDGE_CURVE('',#4518,#4510,#1843,.T.);
#5492=EDGE_CURVE('',#4518,#4517,#1844,.T.);
#5493=EDGE_CURVE('',#4518,#4512,#1845,.T.);
#5494=EDGE_CURVE('',#4518,#4514,#1846,.T.);
#5495=EDGE_CURVE('',#4519,#4518,#1847,.T.);
#5496=EDGE_CURVE('',#4519,#4514,#1848,.T.);
#5497=EDGE_CURVE('',#4516,#4519,#1849,.T.);
#5498=EDGE_CURVE('',#4520,#4519,#1850,.T.);
#5499=EDGE_CURVE('',#4520,#4516,#1851,.T.);
#5500=EDGE_CURVE('',#4280,#4520,#1852,.T.);
#5501=EDGE_CURVE('',#4281,#4520,#1853,.T.);
#5502=EDGE_CURVE('',#4521,#4335,#1854,.T.);
#5503=EDGE_CURVE('',#4521,#4337,#1855,.T.);
#5504=EDGE_CURVE('',#4521,#4517,#1856,.T.);
#5505=EDGE_CURVE('',#4522,#4517,#1857,.T.);
#5506=EDGE_CURVE('',#4522,#4521,#1858,.T.);
#5507=EDGE_CURVE('',#4522,#4518,#1859,.T.);
#5508=EDGE_CURVE('',#4522,#4519,#1860,.T.);
#5509=EDGE_CURVE('',#4523,#4522,#1861,.T.);
#5510=EDGE_CURVE('',#4523,#4519,#1862,.T.);
#5511=EDGE_CURVE('',#4523,#4520,#1863,.T.);
#5512=EDGE_CURVE('',#4524,#4523,#1864,.T.);
#5513=EDGE_CURVE('',#4524,#4520,#1865,.T.);
#5514=EDGE_CURVE('',#4524,#4281,#1866,.T.);
#5515=EDGE_CURVE('',#4282,#4524,#1867,.T.);
#5516=EDGE_CURVE('',#4525,#4337,#1868,.T.);
#5517=EDGE_CURVE('',#4525,#4436,#1869,.T.);
#5518=EDGE_CURVE('',#4525,#4521,#1870,.T.);
#5519=EDGE_CURVE('',#4526,#4521,#1871,.T.);
#5520=EDGE_CURVE('',#4526,#4525,#1872,.T.);
#5521=EDGE_CURVE('',#4526,#4522,#1873,.T.);
#5522=EDGE_CURVE('',#4526,#4523,#1874,.T.);
#5523=EDGE_CURVE('',#4527,#4526,#1875,.T.);
#5524=EDGE_CURVE('',#4527,#4523,#1876,.T.);
#5525=EDGE_CURVE('',#4527,#4524,#1877,.T.);
#5526=EDGE_CURVE('',#4528,#4527,#1878,.T.);
#5527=EDGE_CURVE('',#4528,#4524,#1879,.T.);
#5528=EDGE_CURVE('',#4528,#4282,#1880,.T.);
#5529=EDGE_CURVE('',#4283,#4528,#1881,.T.);
#5530=EDGE_CURVE('',#4491,#4436,#1882,.T.);
#5531=EDGE_CURVE('',#4491,#4525,#1883,.T.);
#5532=EDGE_CURVE('',#4490,#4525,#1884,.T.);
#5533=EDGE_CURVE('',#4490,#4526,#1885,.T.);
#5534=EDGE_CURVE('',#4490,#4527,#1886,.T.);
#5535=EDGE_CURVE('',#4489,#4527,#1887,.T.);
#5536=EDGE_CURVE('',#4489,#4528,#1888,.T.);
#5537=EDGE_CURVE('',#4488,#4528,#1889,.T.);
#5538=EDGE_CURVE('',#4488,#4283,#1890,.T.);
#5539=EDGE_CURVE('',#4332,#4529,#1891,.T.);
#5540=EDGE_CURVE('',#4501,#4529,#1892,.T.);
#5541=EDGE_CURVE('',#4494,#4529,#1893,.T.);
#5542=EDGE_CURVE('',#4529,#4530,#1894,.T.);
#5543=EDGE_CURVE('',#4531,#4530,#1895,.T.);
#5544=EDGE_CURVE('',#4529,#4531,#1896,.T.);
#5545=EDGE_CURVE('',#4529,#4532,#1897,.T.);
#5546=EDGE_CURVE('',#4532,#4530,#1898,.T.);
#5547=EDGE_CURVE('',#4494,#4532,#1899,.T.);
#5548=EDGE_CURVE('',#4493,#4532,#1900,.T.);
#5549=EDGE_CURVE('',#4532,#4533,#1901,.T.);
#5550=EDGE_CURVE('',#4530,#4533,#1902,.T.);
#5551=EDGE_CURVE('',#4532,#4534,#1903,.T.);
#5552=EDGE_CURVE('',#4534,#4533,#1904,.T.);
#5553=EDGE_CURVE('',#4493,#4534,#1905,.T.);
#5554=EDGE_CURVE('',#4492,#4534,#1906,.T.);
#5555=EDGE_CURVE('',#4534,#4535,#1907,.T.);
#5556=EDGE_CURVE('',#4533,#4535,#1908,.T.);
#5557=EDGE_CURVE('',#4534,#4536,#1909,.T.);
#5558=EDGE_CURVE('',#4536,#4535,#1910,.T.);
#5559=EDGE_CURVE('',#4492,#4536,#1911,.T.);
#5560=EDGE_CURVE('',#4492,#4537,#1912,.T.);
#5561=EDGE_CURVE('',#4537,#4536,#1913,.T.);
#5562=EDGE_CURVE('',#4536,#4505,#1914,.T.);
#5563=EDGE_CURVE('',#4535,#4505,#1915,.T.);
#5564=EDGE_CURVE('',#4536,#4504,#1916,.T.);
#5565=EDGE_CURVE('',#4537,#4504,#1917,.T.);
#5566=EDGE_CURVE('',#4537,#4503,#1918,.T.);
#5567=EDGE_CURVE('',#4538,#4539,#1919,.T.);
#5568=EDGE_CURVE('',#4538,#4540,#1920,.T.);
#5569=EDGE_CURVE('',#4539,#4540,#1921,.T.);
#5570=EDGE_CURVE('',#4541,#4539,#1922,.T.);
#5571=EDGE_CURVE('',#4541,#4538,#1923,.T.);
#5572=EDGE_CURVE('',#4541,#4542,#1924,.T.);
#5573=EDGE_CURVE('',#4542,#4539,#1925,.T.);
#5574=EDGE_CURVE('',#4543,#4542,#1926,.T.);
#5575=EDGE_CURVE('',#4543,#4541,#1927,.T.);
#5576=EDGE_CURVE('',#4530,#4543,#1928,.T.);
#5577=EDGE_CURVE('',#4530,#4541,#1929,.T.);
#5578=EDGE_CURVE('',#4531,#4543,#1930,.T.);
#5579=EDGE_CURVE('',#4533,#4541,#1931,.T.);
#5580=EDGE_CURVE('',#4533,#4538,#1932,.T.);
#5581=EDGE_CURVE('',#4495,#4542,#1933,.T.);
#5582=EDGE_CURVE('',#4542,#4293,#1934,.T.);
#5583=EDGE_CURVE('',#4543,#4495,#1935,.T.);
#5584=EDGE_CURVE('',#4497,#4543,#1936,.T.);
#5585=EDGE_CURVE('',#4539,#4293,#1937,.T.);
#5586=EDGE_CURVE('',#4540,#4293,#1938,.T.);
#5587=EDGE_CURVE('',#4540,#4544,#1939,.T.);
#5588=EDGE_CURVE('',#4544,#4293,#1940,.T.);
#5589=EDGE_CURVE('',#4545,#4540,#1941,.T.);
#5590=EDGE_CURVE('',#4545,#4544,#1942,.T.);
#5591=EDGE_CURVE('',#4538,#4545,#1943,.T.);
#5592=EDGE_CURVE('',#4538,#4535,#1944,.T.);
#5593=EDGE_CURVE('',#4535,#4545,#1945,.T.);
#5594=EDGE_CURVE('',#4544,#4507,#1946,.T.);
#5595=EDGE_CURVE('',#4544,#4506,#1947,.T.);
#5596=EDGE_CURVE('',#4545,#4506,#1948,.T.);
#5597=EDGE_CURVE('',#4535,#4506,#1949,.T.);
#5598=EDGE_CURVE('',#4499,#4543,#1950,.T.);
#5599=EDGE_CURVE('',#4499,#4531,#1951,.T.);
#5600=EDGE_CURVE('',#4501,#4531,#1952,.T.);
#5601=EDGE_CURVE('',#4454,#4508,#1953,.T.);
#5602=EDGE_CURVE('',#4455,#4503,#1954,.T.);
#5603=EDGE_CURVE('',#4456,#4537,#1955,.T.);
#5604=EDGE_CURVE('',#4546,#4547,#1956,.T.);
#5605=EDGE_CURVE('',#4548,#4546,#1957,.T.);
#5606=EDGE_CURVE('',#4549,#4548,#1958,.T.);
#5607=EDGE_CURVE('',#4550,#4549,#1959,.T.);
#5608=EDGE_CURVE('',#4551,#4550,#1960,.T.);
#5609=EDGE_CURVE('',#4552,#4551,#1961,.T.);
#5610=EDGE_CURVE('',#4553,#4552,#1962,.T.);
#5611=EDGE_CURVE('',#4554,#4553,#1963,.T.);
#5612=EDGE_CURVE('',#4555,#4554,#1964,.T.);
#5613=EDGE_CURVE('',#4556,#4555,#1965,.T.);
#5614=EDGE_CURVE('',#4557,#4556,#1966,.T.);
#5615=EDGE_CURVE('',#4558,#4557,#1967,.T.);
#5616=EDGE_CURVE('',#4559,#4558,#1968,.T.);
#5617=EDGE_CURVE('',#4560,#4559,#1969,.T.);
#5618=EDGE_CURVE('',#4561,#4560,#1970,.T.);
#5619=EDGE_CURVE('',#4562,#4561,#1971,.T.);
#5620=EDGE_CURVE('',#4563,#4562,#1972,.T.);
#5621=EDGE_CURVE('',#4564,#4563,#1973,.T.);
#5622=EDGE_CURVE('',#4565,#4564,#1974,.T.);
#5623=EDGE_CURVE('',#4566,#4565,#1975,.T.);
#5624=EDGE_CURVE('',#4567,#4566,#1976,.T.);
#5625=EDGE_CURVE('',#4568,#4567,#1977,.T.);
#5626=EDGE_CURVE('',#4569,#4568,#1978,.T.);
#5627=EDGE_CURVE('',#4570,#4569,#1979,.T.);
#5628=EDGE_CURVE('',#4571,#4570,#1980,.T.);
#5629=EDGE_CURVE('',#4572,#4571,#1981,.T.);
#5630=EDGE_CURVE('',#4547,#4572,#27,.T.);
#5631=EDGE_CURVE('',#4573,#4574,#1982,.T.);
#5632=EDGE_CURVE('',#4574,#4573,#28,.T.);
#5633=EDGE_CURVE('',#4547,#4575,#1983,.T.);
#5634=EDGE_CURVE('',#4576,#4572,#1984,.T.);
#5635=EDGE_CURVE('',#4575,#4576,#29,.T.);
#5636=EDGE_CURVE('',#4577,#4573,#1985,.T.);
#5637=EDGE_CURVE('',#4578,#4577,#30,.T.);
#5638=EDGE_CURVE('',#4574,#4578,#1986,.T.);
#5639=EDGE_CURVE('',#4578,#4579,#1987,.T.);
#5640=EDGE_CURVE('',#4580,#4579,#1988,.T.);
#5641=EDGE_CURVE('',#4581,#4580,#1989,.T.);
#5642=EDGE_CURVE('',#4581,#4582,#1990,.T.);
#5643=EDGE_CURVE('',#4582,#4577,#1991,.T.);
#5644=EDGE_CURVE('',#4583,#4584,#1992,.T.);
#5645=EDGE_CURVE('',#4585,#4583,#1993,.T.);
#5646=EDGE_CURVE('',#4585,#4586,#1994,.T.);
#5647=EDGE_CURVE('',#4586,#4584,#1995,.T.);
#5648=EDGE_CURVE('',#4587,#4549,#1996,.T.);
#5649=EDGE_CURVE('',#4588,#4587,#1997,.T.);
#5650=EDGE_CURVE('',#4588,#4550,#1998,.T.);
#5651=EDGE_CURVE('',#4589,#4590,#1999,.T.);
#5652=EDGE_CURVE('',#4589,#4585,#2000,.T.);
#5653=EDGE_CURVE('',#4590,#4583,#2001,.T.);
#5654=EDGE_CURVE('',#4591,#4548,#2002,.T.);
#5655=EDGE_CURVE('',#4587,#4591,#2003,.T.);
#5656=EDGE_CURVE('',#4592,#4593,#2004,.T.);
#5657=EDGE_CURVE('',#4592,#4589,#2005,.T.);
#5658=EDGE_CURVE('',#4593,#4590,#2006,.T.);
#5659=EDGE_CURVE('',#4594,#4546,#2007,.T.);
#5660=EDGE_CURVE('',#4591,#4594,#2008,.T.);
#5661=EDGE_CURVE('',#4595,#4596,#2009,.T.);
#5662=EDGE_CURVE('',#4592,#4595,#2010,.T.);
#5663=EDGE_CURVE('',#4593,#4596,#2011,.T.);
#5664=EDGE_CURVE('',#4575,#4582,#2012,.T.);
#5665=EDGE_CURVE('',#4594,#4581,#2013,.T.);
#5666=EDGE_CURVE('',#4597,#4598,#2014,.T.);
#5667=EDGE_CURVE('',#4595,#4597,#2015,.T.);
#5668=EDGE_CURVE('',#4596,#4598,#2016,.T.);
#5669=EDGE_CURVE('',#4599,#4600,#2017,.T.);
#5670=EDGE_CURVE('',#4597,#4599,#2018,.T.);
#5671=EDGE_CURVE('',#4598,#4600,#2019,.T.);
#5672=EDGE_CURVE('',#4601,#4602,#2020,.T.);
#5673=EDGE_CURVE('',#4599,#4601,#2021,.T.);
#5674=EDGE_CURVE('',#4600,#4602,#2022,.T.);
#5675=EDGE_CURVE('',#4603,#4571,#2023,.T.);
#5676=EDGE_CURVE('',#4601,#4603,#2024,.T.);
#5677=EDGE_CURVE('',#4602,#4604,#2025,.T.);
#5678=EDGE_CURVE('',#4571,#4604,#2026,.T.);
#5679=EDGE_CURVE('',#4605,#4570,#2027,.T.);
#5680=EDGE_CURVE('',#4603,#4605,#2028,.T.);
#5681=EDGE_CURVE('',#4606,#4569,#2029,.T.);
#5682=EDGE_CURVE('',#4605,#4606,#2030,.T.);
#5683=EDGE_CURVE('',#4607,#4568,#2031,.T.);
#5684=EDGE_CURVE('',#4606,#4607,#2032,.T.);
#5685=EDGE_CURVE('',#4608,#4567,#2033,.T.);
#5686=EDGE_CURVE('',#4607,#4608,#2034,.T.);
#5687=EDGE_CURVE('',#4609,#4566,#2035,.T.);
#5688=EDGE_CURVE('',#4608,#4609,#2036,.T.);
#5689=EDGE_CURVE('',#4610,#4565,#2037,.T.);
#5690=EDGE_CURVE('',#4609,#4610,#2038,.T.);
#5691=EDGE_CURVE('',#4611,#4612,#2039,.T.);
#5692=EDGE_CURVE('',#4611,#4613,#2040,.T.);
#5693=EDGE_CURVE('',#4612,#4613,#2041,.T.);
#5694=EDGE_CURVE('',#4614,#4611,#2042,.T.);
#5695=EDGE_CURVE('',#4614,#4615,#2043,.T.);
#5696=EDGE_CURVE('',#4613,#4615,#2044,.T.);
#5697=EDGE_CURVE('',#4616,#4614,#2045,.T.);
#5698=EDGE_CURVE('',#4616,#4617,#2046,.T.);
#5699=EDGE_CURVE('',#4615,#4617,#2047,.T.);
#5700=EDGE_CURVE('',#4618,#4616,#2048,.T.);
#5701=EDGE_CURVE('',#4618,#4619,#2049,.T.);
#5702=EDGE_CURVE('',#4617,#4619,#2050,.T.);
#5703=EDGE_CURVE('',#4620,#4621,#2051,.T.);
#5704=EDGE_CURVE('',#4622,#4620,#2052,.T.);
#5705=EDGE_CURVE('',#4622,#4623,#2053,.T.);
#5706=EDGE_CURVE('',#4624,#4623,#2054,.T.);
#5707=EDGE_CURVE('',#4625,#4624,#2055,.T.);
#5708=EDGE_CURVE('',#4626,#4625,#2056,.T.);
#5709=EDGE_CURVE('',#4627,#4626,#2057,.T.);
#5710=EDGE_CURVE('',#4628,#4627,#2058,.T.);
#5711=EDGE_CURVE('',#4629,#4628,#2059,.T.);
#5712=EDGE_CURVE('',#4630,#4629,#2060,.T.);
#5713=EDGE_CURVE('',#4631,#4630,#2061,.T.);
#5714=EDGE_CURVE('',#4632,#4631,#2062,.T.);
#5715=EDGE_CURVE('',#4633,#4632,#2063,.T.);
#5716=EDGE_CURVE('',#4634,#4633,#2064,.T.);
#5717=EDGE_CURVE('',#4635,#4634,#2065,.T.);
#5718=EDGE_CURVE('',#4636,#4635,#2066,.T.);
#5719=EDGE_CURVE('',#4636,#4621,#2067,.T.);
#5720=EDGE_CURVE('',#4637,#4638,#2068,.T.);
#5721=EDGE_CURVE('',#4639,#4637,#2069,.T.);
#5722=EDGE_CURVE('',#4640,#4639,#2070,.T.);
#5723=EDGE_CURVE('',#4641,#4640,#2071,.T.);
#5724=EDGE_CURVE('',#4642,#4641,#2072,.T.);
#5725=EDGE_CURVE('',#4643,#4642,#2073,.T.);
#5726=EDGE_CURVE('',#4644,#4643,#2074,.T.);
#5727=EDGE_CURVE('',#4645,#4644,#2075,.T.);
#5728=EDGE_CURVE('',#4646,#4645,#2076,.T.);
#5729=EDGE_CURVE('',#4647,#4646,#2077,.T.);
#5730=EDGE_CURVE('',#4648,#4647,#2078,.T.);
#5731=EDGE_CURVE('',#4649,#4648,#2079,.T.);
#5732=EDGE_CURVE('',#4604,#4649,#2080,.T.);
#5733=EDGE_CURVE('',#4584,#4650,#2081,.T.);
#5734=EDGE_CURVE('',#4650,#4651,#2082,.T.);
#5735=EDGE_CURVE('',#4651,#4652,#2083,.T.);
#5736=EDGE_CURVE('',#4652,#4653,#2084,.T.);
#5737=EDGE_CURVE('',#4653,#4654,#2085,.T.);
#5738=EDGE_CURVE('',#4654,#4655,#2086,.T.);
#5739=EDGE_CURVE('',#4655,#4656,#2087,.T.);
#5740=EDGE_CURVE('',#4656,#4657,#2088,.T.);
#5741=EDGE_CURVE('',#4657,#4658,#2089,.T.);
#5742=EDGE_CURVE('',#4659,#4658,#2090,.T.);
#5743=EDGE_CURVE('',#4660,#4659,#2091,.T.);
#5744=EDGE_CURVE('',#4661,#4660,#2092,.T.);
#5745=EDGE_CURVE('',#4662,#4661,#2093,.T.);
#5746=EDGE_CURVE('',#4663,#4662,#2094,.T.);
#5747=EDGE_CURVE('',#4638,#4663,#2095,.T.);
#5748=EDGE_CURVE('',#4664,#4665,#2096,.T.);
#5749=EDGE_CURVE('',#4664,#4666,#2097,.T.);
#5750=EDGE_CURVE('',#4666,#4667,#2098,.T.);
#5751=EDGE_CURVE('',#4665,#4667,#2099,.T.);
#5752=EDGE_CURVE('',#4668,#4669,#2100,.T.);
#5753=EDGE_CURVE('',#4670,#4668,#2101,.T.);
#5754=EDGE_CURVE('',#4670,#4671,#2102,.T.);
#5755=EDGE_CURVE('',#4671,#4669,#2103,.T.);
#5756=EDGE_CURVE('',#4672,#4552,#2104,.T.);
#5757=EDGE_CURVE('',#4673,#4672,#2105,.T.);
#5758=EDGE_CURVE('',#4673,#4553,#2106,.T.);
#5759=EDGE_CURVE('',#4674,#4640,#2107,.T.);
#5760=EDGE_CURVE('',#4675,#4639,#2108,.T.);
#5761=EDGE_CURVE('',#4674,#4675,#2109,.T.);
#5762=EDGE_CURVE('',#4676,#4657,#2110,.T.);
#5763=EDGE_CURVE('',#4677,#4656,#2111,.T.);
#5764=EDGE_CURVE('',#4677,#4676,#2112,.T.);
#5765=EDGE_CURVE('',#4576,#4678,#2113,.T.);
#5766=EDGE_CURVE('',#4678,#4679,#2114,.T.);
#5767=EDGE_CURVE('',#4679,#4680,#2115,.T.);
#5768=EDGE_CURVE('',#4680,#4681,#2116,.T.);
#5769=EDGE_CURVE('',#4681,#4682,#2117,.T.);
#5770=EDGE_CURVE('',#4682,#4683,#2118,.T.);
#5771=EDGE_CURVE('',#4683,#4684,#2119,.T.);
#5772=EDGE_CURVE('',#4684,#4685,#2120,.T.);
#5773=EDGE_CURVE('',#4685,#4686,#2121,.T.);
#5774=EDGE_CURVE('',#4686,#4674,#2122,.T.);
#5775=EDGE_CURVE('',#4675,#4687,#2123,.T.);
#5776=EDGE_CURVE('',#4687,#4688,#2124,.T.);
#5777=EDGE_CURVE('',#4688,#4689,#2125,.T.);
#5778=EDGE_CURVE('',#4690,#4689,#2126,.T.);
#5779=EDGE_CURVE('',#4691,#4690,#2127,.T.);
#5780=EDGE_CURVE('',#4692,#4691,#2128,.T.);
#5781=EDGE_CURVE('',#4579,#4692,#2129,.T.);
#5782=EDGE_CURVE('',#4693,#4562,#2130,.T.);
#5783=EDGE_CURVE('',#4694,#4693,#2131,.T.);
#5784=EDGE_CURVE('',#4694,#4563,#2132,.T.);
#5785=EDGE_CURVE('',#4695,#4696,#2133,.T.);
#5786=EDGE_CURVE('',#4695,#4697,#2134,.T.);
#5787=EDGE_CURVE('',#4697,#4698,#2135,.T.);
#5788=EDGE_CURVE('',#4696,#4698,#2136,.T.);
#5789=EDGE_CURVE('',#4683,#4644,#2137,.T.);
#5790=EDGE_CURVE('',#4684,#4643,#2138,.T.);
#5791=EDGE_CURVE('',#4699,#4700,#2139,.T.);
#5792=EDGE_CURVE('',#4700,#4655,#2140,.T.);
#5793=EDGE_CURVE('',#4699,#4654,#2141,.T.);
#5794=EDGE_CURVE('',#4701,#4556,#2142,.T.);
#5795=EDGE_CURVE('',#4702,#4701,#2143,.T.);
#5796=EDGE_CURVE('',#4702,#4557,#2144,.T.);
#5797=EDGE_CURVE('',#4703,#4692,#2145,.T.);
#5798=EDGE_CURVE('',#4704,#4691,#2146,.T.);
#5799=EDGE_CURVE('',#4703,#4704,#2147,.T.);
#5800=EDGE_CURVE('',#4705,#4660,#2148,.T.);
#5801=EDGE_CURVE('',#4706,#4659,#2149,.T.);
#5802=EDGE_CURVE('',#4705,#4706,#2150,.T.);
#5803=EDGE_CURVE('',#4707,#4555,#2151,.T.);
#5804=EDGE_CURVE('',#4701,#4707,#2152,.T.);
#5805=EDGE_CURVE('',#4708,#4651,#2153,.T.);
#5806=EDGE_CURVE('',#4708,#4709,#2154,.T.);
#5807=EDGE_CURVE('',#4709,#4652,#2155,.T.);
#5808=EDGE_CURVE('',#4710,#4711,#2156,.T.);
#5809=EDGE_CURVE('',#4710,#4712,#2157,.T.);
#5810=EDGE_CURVE('',#4712,#4713,#2158,.T.);
#5811=EDGE_CURVE('',#4711,#4713,#2159,.T.);
#5812=EDGE_CURVE('',#4714,#4715,#2160,.T.);
#5813=EDGE_CURVE('',#4714,#4716,#2161,.T.);
#5814=EDGE_CURVE('',#4716,#4717,#2162,.T.);
#5815=EDGE_CURVE('',#4715,#4717,#2163,.T.);
#5816=EDGE_CURVE('',#4687,#4637,#2164,.T.);
#5817=EDGE_CURVE('',#4688,#4638,#2165,.T.);
#5818=EDGE_CURVE('',#4689,#4663,#2166,.T.);
#5819=EDGE_CURVE('',#4718,#4650,#2167,.T.);
#5820=EDGE_CURVE('',#4718,#4708,#2168,.T.);
#5821=EDGE_CURVE('',#4667,#4719,#2169,.T.);
#5822=EDGE_CURVE('',#4720,#4719,#2170,.T.);
#5823=EDGE_CURVE('',#4665,#4720,#2171,.T.);
#5824=EDGE_CURVE('',#4721,#4690,#2172,.T.);
#5825=EDGE_CURVE('',#4722,#4689,#2173,.T.);
#5826=EDGE_CURVE('',#4721,#4722,#2174,.T.);
#5827=EDGE_CURVE('',#4580,#4703,#2175,.T.);
#5828=EDGE_CURVE('',#4723,#4699,#2176,.T.);
#5829=EDGE_CURVE('',#4723,#4653,#2177,.T.);
#5830=EDGE_CURVE('',#4724,#4551,#2178,.T.);
#5831=EDGE_CURVE('',#4672,#4724,#2179,.T.);
#5832=EDGE_CURVE('',#4709,#4723,#2180,.T.);
#5833=EDGE_CURVE('',#4682,#4645,#2181,.T.);
#5834=EDGE_CURVE('',#4725,#4561,#2182,.T.);
#5835=EDGE_CURVE('',#4693,#4725,#2183,.T.);
#5836=EDGE_CURVE('',#4680,#4647,#2184,.T.);
#5837=EDGE_CURVE('',#4679,#4648,#2185,.T.);
#5838=EDGE_CURVE('',#4726,#4727,#2186,.T.);
#5839=EDGE_CURVE('',#4726,#4728,#2187,.T.);
#5840=EDGE_CURVE('',#4728,#4729,#2188,.T.);
#5841=EDGE_CURVE('',#4727,#4729,#2189,.T.);
#5842=EDGE_CURVE('',#4724,#4588,#2190,.T.);
#5843=EDGE_CURVE('',#4730,#4702,#2191,.T.);
#5844=EDGE_CURVE('',#4730,#4558,#2192,.T.);
#5845=EDGE_CURVE('',#4696,#4714,#2193,.T.);
#5846=EDGE_CURVE('',#4698,#4716,#2194,.T.);
#5847=EDGE_CURVE('',#4731,#4564,#2195,.T.);
#5848=EDGE_CURVE('',#4610,#4731,#2196,.T.);
#5849=EDGE_CURVE('',#4711,#4695,#2197,.T.);
#5850=EDGE_CURVE('',#4713,#4697,#2198,.T.);
#5851=EDGE_CURVE('',#4732,#4661,#2199,.T.);
#5852=EDGE_CURVE('',#4732,#4705,#2200,.T.);
#5853=EDGE_CURVE('',#4678,#4649,#2201,.T.);
#5854=EDGE_CURVE('',#4685,#4642,#2202,.T.);
#5855=EDGE_CURVE('',#4719,#4712,#2203,.T.);
#5856=EDGE_CURVE('',#4720,#4710,#2204,.T.);
#5857=EDGE_CURVE('',#4686,#4641,#2205,.T.);
#5858=EDGE_CURVE('',#4681,#4646,#2206,.T.);
#5859=EDGE_CURVE('',#4733,#4560,#2207,.T.);
#5860=EDGE_CURVE('',#4725,#4733,#2208,.T.);
#5861=EDGE_CURVE('',#4727,#4670,#2209,.T.);
#5862=EDGE_CURVE('',#4729,#4671,#2210,.T.);
#5863=EDGE_CURVE('',#4731,#4694,#2211,.T.);
#5864=EDGE_CURVE('',#4734,#4559,#2212,.T.);
#5865=EDGE_CURVE('',#4733,#4734,#2213,.T.);
#5866=EDGE_CURVE('',#4735,#4662,#2214,.T.);
#5867=EDGE_CURVE('',#4722,#4735,#2215,.T.);
#5868=EDGE_CURVE('',#4736,#4737,#2216,.T.);
#5869=EDGE_CURVE('',#4668,#4736,#2217,.T.);
#5870=EDGE_CURVE('',#4669,#4737,#2218,.T.);
#5871=EDGE_CURVE('',#4735,#4732,#2219,.T.);
#5872=EDGE_CURVE('',#4704,#4721,#2220,.T.);
#5873=EDGE_CURVE('',#4738,#4658,#2221,.T.);
#5874=EDGE_CURVE('',#4676,#4738,#2222,.T.);
#5875=EDGE_CURVE('',#4734,#4730,#2223,.T.);
#5876=EDGE_CURVE('',#4586,#4718,#2224,.T.);
#5877=EDGE_CURVE('',#4715,#4726,#2225,.T.);
#5878=EDGE_CURVE('',#4717,#4728,#2226,.T.);
#5879=EDGE_CURVE('',#4739,#4554,#2227,.T.);
#5880=EDGE_CURVE('',#4707,#4739,#2228,.T.);
#5881=EDGE_CURVE('',#4700,#4677,#2229,.T.);
#5882=EDGE_CURVE('',#4739,#4673,#2230,.T.);
#5883=EDGE_CURVE('',#4706,#4738,#2231,.T.);
#5884=EDGE_CURVE('',#4736,#4740,#2232,.T.);
#5885=EDGE_CURVE('',#4740,#4741,#2233,.T.);
#5886=EDGE_CURVE('',#4741,#4742,#2234,.T.);
#5887=EDGE_CURVE('',#4742,#4743,#2235,.T.);
#5888=EDGE_CURVE('',#4743,#4744,#2236,.T.);
#5889=EDGE_CURVE('',#4744,#4745,#2237,.T.);
#5890=EDGE_CURVE('',#4745,#4664,#2238,.T.);
#5891=EDGE_CURVE('',#4746,#4747,#2239,.T.);
#5892=EDGE_CURVE('',#4746,#4748,#2240,.T.);
#5893=EDGE_CURVE('',#4747,#4748,#2241,.T.);
#5894=EDGE_CURVE('',#4749,#4747,#2242,.T.);
#5895=EDGE_CURVE('',#4749,#4746,#2243,.T.);
#5896=EDGE_CURVE('',#4750,#4748,#2244,.T.);
#5897=EDGE_CURVE('',#4750,#4751,#2245,.T.);
#5898=EDGE_CURVE('',#4748,#4751,#2246,.T.);
#5899=EDGE_CURVE('',#4746,#4750,#2247,.T.);
#5900=EDGE_CURVE('',#4634,#4751,#2248,.T.);
#5901=EDGE_CURVE('',#4751,#4633,#2249,.T.);
#5902=EDGE_CURVE('',#4750,#4634,#2250,.T.);
#5903=EDGE_CURVE('',#4752,#4747,#2251,.T.);
#5904=EDGE_CURVE('',#4753,#4747,#2252,.T.);
#5905=EDGE_CURVE('',#4752,#4753,#2253,.T.);
#5906=EDGE_CURVE('',#4752,#4749,#2254,.T.);
#5907=EDGE_CURVE('',#4719,#4753,#2255,.T.);
#5908=EDGE_CURVE('',#4712,#4753,#2256,.T.);
#5909=EDGE_CURVE('',#4719,#4752,#2257,.T.);
#5910=EDGE_CURVE('',#4633,#4754,#2258,.T.);
#5911=EDGE_CURVE('',#4754,#4632,#2259,.T.);
#5912=EDGE_CURVE('',#4751,#4754,#2260,.T.);
#5913=EDGE_CURVE('',#4751,#4755,#2261,.T.);
#5914=EDGE_CURVE('',#4755,#4754,#2262,.T.);
#5915=EDGE_CURVE('',#4748,#4755,#2263,.T.);
#5916=EDGE_CURVE('',#4748,#4756,#2264,.T.);
#5917=EDGE_CURVE('',#4756,#4755,#2265,.T.);
#5918=EDGE_CURVE('',#4747,#4756,#2266,.T.);
#5919=EDGE_CURVE('',#4753,#4756,#2267,.T.);
#5920=EDGE_CURVE('',#4757,#4756,#2268,.T.);
#5921=EDGE_CURVE('',#4753,#4757,#2269,.T.);
#5922=EDGE_CURVE('',#4712,#4757,#2270,.T.);
#5923=EDGE_CURVE('',#4713,#4757,#2271,.T.);
#5924=EDGE_CURVE('',#4632,#4758,#2272,.T.);
#5925=EDGE_CURVE('',#4758,#4631,#2273,.T.);
#5926=EDGE_CURVE('',#4754,#4758,#2274,.T.);
#5927=EDGE_CURVE('',#4754,#4759,#2275,.T.);
#5928=EDGE_CURVE('',#4759,#4758,#2276,.T.);
#5929=EDGE_CURVE('',#4755,#4759,#2277,.T.);
#5930=EDGE_CURVE('',#4755,#4760,#2278,.T.);
#5931=EDGE_CURVE('',#4760,#4759,#2279,.T.);
#5932=EDGE_CURVE('',#4756,#4760,#2280,.T.);
#5933=EDGE_CURVE('',#4756,#4761,#2281,.T.);
#5934=EDGE_CURVE('',#4761,#4760,#2282,.T.);
#5935=EDGE_CURVE('',#4757,#4761,#2283,.T.);
#5936=EDGE_CURVE('',#4757,#4697,#2284,.T.);
#5937=EDGE_CURVE('',#4697,#4761,#2285,.T.);
#5938=EDGE_CURVE('',#4630,#4762,#2286,.T.);
#5939=EDGE_CURVE('',#4629,#4762,#2287,.T.);
#5940=EDGE_CURVE('',#4763,#4762,#2288,.T.);
#5941=EDGE_CURVE('',#4763,#4630,#2289,.T.);
#5942=EDGE_CURVE('',#4763,#4764,#2290,.T.);
#5943=EDGE_CURVE('',#4762,#4764,#2291,.T.);
#5944=EDGE_CURVE('',#4765,#4764,#2292,.T.);
#5945=EDGE_CURVE('',#4765,#4763,#2293,.T.);
#5946=EDGE_CURVE('',#4765,#4766,#2294,.T.);
#5947=EDGE_CURVE('',#4764,#4766,#2295,.T.);
#5948=EDGE_CURVE('',#4767,#4766,#2296,.T.);
#5949=EDGE_CURVE('',#4767,#4765,#2297,.T.);
#5950=EDGE_CURVE('',#4767,#4768,#2298,.T.);
#5951=EDGE_CURVE('',#4766,#4768,#2299,.T.);
#5952=EDGE_CURVE('',#4769,#4768,#2300,.T.);
#5953=EDGE_CURVE('',#4769,#4767,#2301,.T.);
#5954=EDGE_CURVE('',#4769,#4716,#2302,.T.);
#5955=EDGE_CURVE('',#4768,#4716,#2303,.T.);
#5956=EDGE_CURVE('',#4698,#4769,#2304,.T.);
#5957=EDGE_CURVE('',#4631,#4763,#2305,.T.);
#5958=EDGE_CURVE('',#4758,#4763,#2306,.T.);
#5959=EDGE_CURVE('',#4758,#4765,#2307,.T.);
#5960=EDGE_CURVE('',#4759,#4765,#2308,.T.);
#5961=EDGE_CURVE('',#4759,#4767,#2309,.T.);
#5962=EDGE_CURVE('',#4760,#4767,#2310,.T.);
#5963=EDGE_CURVE('',#4760,#4769,#2311,.T.);
#5964=EDGE_CURVE('',#4761,#4769,#2312,.T.);
#5965=EDGE_CURVE('',#4761,#4698,#2313,.T.);
#5966=EDGE_CURVE('',#4629,#4770,#2314,.T.);
#5967=EDGE_CURVE('',#4628,#4770,#2315,.T.);
#5968=EDGE_CURVE('',#4762,#4770,#2316,.T.);
#5969=EDGE_CURVE('',#4762,#4771,#2317,.T.);
#5970=EDGE_CURVE('',#4770,#4771,#2318,.T.);
#5971=EDGE_CURVE('',#4764,#4771,#2319,.T.);
#5972=EDGE_CURVE('',#4764,#4772,#2320,.T.);
#5973=EDGE_CURVE('',#4771,#4772,#2321,.T.);
#5974=EDGE_CURVE('',#4766,#4772,#2322,.T.);
#5975=EDGE_CURVE('',#4766,#4773,#2323,.T.);
#5976=EDGE_CURVE('',#4772,#4773,#2324,.T.);
#5977=EDGE_CURVE('',#4768,#4773,#2325,.T.);
#5978=EDGE_CURVE('',#4768,#4717,#2326,.T.);
#5979=EDGE_CURVE('',#4773,#4717,#2327,.T.);
#5980=EDGE_CURVE('',#4770,#4627,#2328,.T.);
#5981=EDGE_CURVE('',#4627,#4774,#2329,.T.);
#5982=EDGE_CURVE('',#4770,#4774,#2330,.T.);
#5983=EDGE_CURVE('',#4771,#4774,#2331,.T.);
#5984=EDGE_CURVE('',#4774,#4775,#2332,.T.);
#5985=EDGE_CURVE('',#4771,#4775,#2333,.T.);
#5986=EDGE_CURVE('',#4772,#4775,#2334,.T.);
#5987=EDGE_CURVE('',#4775,#4776,#2335,.T.);
#5988=EDGE_CURVE('',#4772,#4776,#2336,.T.);
#5989=EDGE_CURVE('',#4772,#4777,#2337,.T.);
#5990=EDGE_CURVE('',#4776,#4777,#2338,.T.);
#5991=EDGE_CURVE('',#4773,#4777,#2339,.T.);
#5992=EDGE_CURVE('',#4773,#4728,#2340,.T.);
#5993=EDGE_CURVE('',#4777,#4728,#2341,.T.);
#5994=EDGE_CURVE('',#4743,#4778,#2342,.T.);
#5995=EDGE_CURVE('',#4779,#4778,#2343,.T.);
#5996=EDGE_CURVE('',#4744,#4779,#2344,.T.);
#5997=EDGE_CURVE('',#4780,#4779,#2345,.T.);
#5998=EDGE_CURVE('',#4745,#4780,#2346,.T.);
#5999=EDGE_CURVE('',#4666,#4780,#2347,.T.);
#6000=EDGE_CURVE('',#4781,#4782,#2348,.T.);
#6001=EDGE_CURVE('',#4781,#4636,#2349,.T.);
#6002=EDGE_CURVE('',#4782,#4635,#2350,.T.);
#6003=EDGE_CURVE('',#4783,#4784,#2351,.T.);
#6004=EDGE_CURVE('',#4783,#4781,#2352,.T.);
#6005=EDGE_CURVE('',#4784,#4782,#2353,.T.);
#6006=EDGE_CURVE('',#4785,#4786,#2354,.T.);
#6007=EDGE_CURVE('',#4785,#4783,#2355,.T.);
#6008=EDGE_CURVE('',#4786,#4784,#2356,.T.);
#6009=EDGE_CURVE('',#4787,#4785,#2357,.T.);
#6010=EDGE_CURVE('',#4788,#4786,#2358,.T.);
#6011=EDGE_CURVE('',#4787,#4788,#2359,.T.);
#6012=EDGE_CURVE('',#4666,#4787,#2360,.T.);
#6013=EDGE_CURVE('',#4667,#4788,#2361,.T.);
#6014=EDGE_CURVE('',#4750,#4635,#2362,.T.);
#6015=EDGE_CURVE('',#4782,#4750,#2363,.T.);
#6016=EDGE_CURVE('',#4746,#4782,#2364,.T.);
#6017=EDGE_CURVE('',#4784,#4746,#2365,.T.);
#6018=EDGE_CURVE('',#4784,#4749,#2366,.T.);
#6019=EDGE_CURVE('',#4786,#4749,#2367,.T.);
#6020=EDGE_CURVE('',#4788,#4749,#2368,.T.);
#6021=EDGE_CURVE('',#4788,#4752,#2369,.T.);
#6022=EDGE_CURVE('',#4667,#4752,#2370,.T.);
#6023=EDGE_CURVE('',#4620,#4618,#2371,.T.);
#6024=EDGE_CURVE('',#4619,#4621,#2372,.T.);
#6025=EDGE_CURVE('',#4789,#4612,#2373,.T.);
#6026=EDGE_CURVE('',#4790,#4613,#2374,.T.);
#6027=EDGE_CURVE('',#4789,#4790,#2375,.T.);
#6028=EDGE_CURVE('',#4791,#4615,#2376,.T.);
#6029=EDGE_CURVE('',#4790,#4791,#2377,.T.);
#6030=EDGE_CURVE('',#4792,#4617,#2378,.T.);
#6031=EDGE_CURVE('',#4791,#4792,#2379,.T.);
#6032=EDGE_CURVE('',#4792,#4793,#2380,.T.);
#6033=EDGE_CURVE('',#4793,#4619,#2381,.T.);
#6034=EDGE_CURVE('',#4793,#4636,#2382,.T.);
#6035=EDGE_CURVE('',#4794,#4795,#2383,.T.);
#6036=EDGE_CURVE('',#4794,#4737,#2384,.T.);
#6037=EDGE_CURVE('',#4796,#4737,#2385,.T.);
#6038=EDGE_CURVE('',#4795,#4796,#2386,.T.);
#6039=EDGE_CURVE('',#4795,#4797,#2387,.T.);
#6040=EDGE_CURVE('',#4798,#4796,#2388,.T.);
#6041=EDGE_CURVE('',#4797,#4798,#2389,.T.);
#6042=EDGE_CURVE('',#4797,#4799,#2390,.T.);
#6043=EDGE_CURVE('',#4800,#4798,#2391,.T.);
#6044=EDGE_CURVE('',#4799,#4800,#2392,.T.);
#6045=EDGE_CURVE('',#4799,#4801,#2393,.T.);
#6046=EDGE_CURVE('',#4802,#4800,#2394,.T.);
#6047=EDGE_CURVE('',#4801,#4802,#2395,.T.);
#6048=EDGE_CURVE('',#4801,#4622,#2396,.T.);
#6049=EDGE_CURVE('',#4623,#4802,#2397,.T.);
#6050=EDGE_CURVE('',#4803,#4737,#2398,.T.);
#6051=EDGE_CURVE('',#4803,#4669,#2399,.T.);
#6052=EDGE_CURVE('',#4803,#4796,#2400,.T.);
#6053=EDGE_CURVE('',#4804,#4796,#2401,.T.);
#6054=EDGE_CURVE('',#4804,#4803,#2402,.T.);
#6055=EDGE_CURVE('',#4804,#4798,#2403,.T.);
#6056=EDGE_CURVE('',#4804,#4800,#2404,.T.);
#6057=EDGE_CURVE('',#4805,#4804,#2405,.T.);
#6058=EDGE_CURVE('',#4805,#4800,#2406,.T.);
#6059=EDGE_CURVE('',#4802,#4805,#2407,.T.);
#6060=EDGE_CURVE('',#4806,#4805,#2408,.T.);
#6061=EDGE_CURVE('',#4806,#4802,#2409,.T.);
#6062=EDGE_CURVE('',#4623,#4806,#2410,.T.);
#6063=EDGE_CURVE('',#4624,#4806,#2411,.T.);
#6064=EDGE_CURVE('',#4807,#4669,#2412,.T.);
#6065=EDGE_CURVE('',#4807,#4671,#2413,.T.);
#6066=EDGE_CURVE('',#4807,#4803,#2414,.T.);
#6067=EDGE_CURVE('',#4808,#4803,#2415,.T.);
#6068=EDGE_CURVE('',#4808,#4807,#2416,.T.);
#6069=EDGE_CURVE('',#4808,#4804,#2417,.T.);
#6070=EDGE_CURVE('',#4808,#4805,#2418,.T.);
#6071=EDGE_CURVE('',#4809,#4808,#2419,.T.);
#6072=EDGE_CURVE('',#4809,#4805,#2420,.T.);
#6073=EDGE_CURVE('',#4809,#4806,#2421,.T.);
#6074=EDGE_CURVE('',#4810,#4809,#2422,.T.);
#6075=EDGE_CURVE('',#4810,#4806,#2423,.T.);
#6076=EDGE_CURVE('',#4810,#4624,#2424,.T.);
#6077=EDGE_CURVE('',#4625,#4810,#2425,.T.);
#6078=EDGE_CURVE('',#4811,#4671,#2426,.T.);
#6079=EDGE_CURVE('',#4811,#4729,#2427,.T.);
#6080=EDGE_CURVE('',#4811,#4807,#2428,.T.);
#6081=EDGE_CURVE('',#4812,#4807,#2429,.T.);
#6082=EDGE_CURVE('',#4812,#4811,#2430,.T.);
#6083=EDGE_CURVE('',#4812,#4808,#2431,.T.);
#6084=EDGE_CURVE('',#4812,#4809,#2432,.T.);
#6085=EDGE_CURVE('',#4813,#4812,#2433,.T.);
#6086=EDGE_CURVE('',#4813,#4809,#2434,.T.);
#6087=EDGE_CURVE('',#4813,#4810,#2435,.T.);
#6088=EDGE_CURVE('',#4814,#4813,#2436,.T.);
#6089=EDGE_CURVE('',#4814,#4810,#2437,.T.);
#6090=EDGE_CURVE('',#4814,#4625,#2438,.T.);
#6091=EDGE_CURVE('',#4626,#4814,#2439,.T.);
#6092=EDGE_CURVE('',#4777,#4729,#2440,.T.);
#6093=EDGE_CURVE('',#4777,#4811,#2441,.T.);
#6094=EDGE_CURVE('',#4776,#4811,#2442,.T.);
#6095=EDGE_CURVE('',#4776,#4812,#2443,.T.);
#6096=EDGE_CURVE('',#4776,#4813,#2444,.T.);
#6097=EDGE_CURVE('',#4775,#4813,#2445,.T.);
#6098=EDGE_CURVE('',#4775,#4814,#2446,.T.);
#6099=EDGE_CURVE('',#4774,#4814,#2447,.T.);
#6100=EDGE_CURVE('',#4774,#4626,#2448,.T.);
#6101=EDGE_CURVE('',#4666,#4815,#2449,.T.);
#6102=EDGE_CURVE('',#4787,#4815,#2450,.T.);
#6103=EDGE_CURVE('',#4780,#4815,#2451,.T.);
#6104=EDGE_CURVE('',#4815,#4816,#2452,.T.);
#6105=EDGE_CURVE('',#4817,#4816,#2453,.T.);
#6106=EDGE_CURVE('',#4815,#4817,#2454,.T.);
#6107=EDGE_CURVE('',#4815,#4818,#2455,.T.);
#6108=EDGE_CURVE('',#4818,#4816,#2456,.T.);
#6109=EDGE_CURVE('',#4780,#4818,#2457,.T.);
#6110=EDGE_CURVE('',#4779,#4818,#2458,.T.);
#6111=EDGE_CURVE('',#4818,#4819,#2459,.T.);
#6112=EDGE_CURVE('',#4816,#4819,#2460,.T.);
#6113=EDGE_CURVE('',#4818,#4820,#2461,.T.);
#6114=EDGE_CURVE('',#4820,#4819,#2462,.T.);
#6115=EDGE_CURVE('',#4779,#4820,#2463,.T.);
#6116=EDGE_CURVE('',#4778,#4820,#2464,.T.);
#6117=EDGE_CURVE('',#4820,#4821,#2465,.T.);
#6118=EDGE_CURVE('',#4819,#4821,#2466,.T.);
#6119=EDGE_CURVE('',#4820,#4822,#2467,.T.);
#6120=EDGE_CURVE('',#4822,#4821,#2468,.T.);
#6121=EDGE_CURVE('',#4778,#4822,#2469,.T.);
#6122=EDGE_CURVE('',#4778,#4823,#2470,.T.);
#6123=EDGE_CURVE('',#4823,#4822,#2471,.T.);
#6124=EDGE_CURVE('',#4822,#4791,#2472,.T.);
#6125=EDGE_CURVE('',#4821,#4791,#2473,.T.);
#6126=EDGE_CURVE('',#4822,#4790,#2474,.T.);
#6127=EDGE_CURVE('',#4823,#4790,#2475,.T.);
#6128=EDGE_CURVE('',#4823,#4789,#2476,.T.);
#6129=EDGE_CURVE('',#4824,#4825,#2477,.T.);
#6130=EDGE_CURVE('',#4824,#4826,#2478,.T.);
#6131=EDGE_CURVE('',#4825,#4826,#2479,.T.);
#6132=EDGE_CURVE('',#4827,#4825,#2480,.T.);
#6133=EDGE_CURVE('',#4827,#4824,#2481,.T.);
#6134=EDGE_CURVE('',#4827,#4828,#2482,.T.);
#6135=EDGE_CURVE('',#4828,#4825,#2483,.T.);
#6136=EDGE_CURVE('',#4829,#4828,#2484,.T.);
#6137=EDGE_CURVE('',#4829,#4827,#2485,.T.);
#6138=EDGE_CURVE('',#4816,#4829,#2486,.T.);
#6139=EDGE_CURVE('',#4816,#4827,#2487,.T.);
#6140=EDGE_CURVE('',#4817,#4829,#2488,.T.);
#6141=EDGE_CURVE('',#4819,#4827,#2489,.T.);
#6142=EDGE_CURVE('',#4819,#4824,#2490,.T.);
#6143=EDGE_CURVE('',#4781,#4828,#2491,.T.);
#6144=EDGE_CURVE('',#4828,#4636,#2492,.T.);
#6145=EDGE_CURVE('',#4829,#4781,#2493,.T.);
#6146=EDGE_CURVE('',#4783,#4829,#2494,.T.);
#6147=EDGE_CURVE('',#4825,#4636,#2495,.T.);
#6148=EDGE_CURVE('',#4826,#4636,#2496,.T.);
#6149=EDGE_CURVE('',#4826,#4830,#2497,.T.);
#6150=EDGE_CURVE('',#4830,#4636,#2498,.T.);
#6151=EDGE_CURVE('',#4831,#4826,#2499,.T.);
#6152=EDGE_CURVE('',#4831,#4830,#2500,.T.);
#6153=EDGE_CURVE('',#4824,#4831,#2501,.T.);
#6154=EDGE_CURVE('',#4824,#4821,#2502,.T.);
#6155=EDGE_CURVE('',#4821,#4831,#2503,.T.);
#6156=EDGE_CURVE('',#4830,#4793,#2504,.T.);
#6157=EDGE_CURVE('',#4830,#4792,#2505,.T.);
#6158=EDGE_CURVE('',#4831,#4792,#2506,.T.);
#6159=EDGE_CURVE('',#4821,#4792,#2507,.T.);
#6160=EDGE_CURVE('',#4785,#4829,#2508,.T.);
#6161=EDGE_CURVE('',#4785,#4817,#2509,.T.);
#6162=EDGE_CURVE('',#4787,#4817,#2510,.T.);
#6163=EDGE_CURVE('',#4740,#4794,#2511,.T.);
#6164=EDGE_CURVE('',#4741,#4789,#2512,.T.);
#6165=EDGE_CURVE('',#4742,#4823,#2513,.T.);
#6166=EDGE_CURVE('',#4832,#4833,#2514,.T.);
#6167=EDGE_CURVE('',#4833,#4834,#2515,.T.);
#6168=EDGE_CURVE('',#4834,#4835,#2516,.T.);
#6169=EDGE_CURVE('',#4835,#4836,#2517,.T.);
#6170=EDGE_CURVE('',#4836,#4837,#2518,.T.);
#6171=EDGE_CURVE('',#4837,#4832,#2519,.T.);
#6172=EDGE_CURVE('',#4838,#4839,#2520,.T.);
#6173=EDGE_CURVE('',#4840,#4838,#2521,.T.);
#6174=EDGE_CURVE('',#4840,#4841,#2522,.T.);
#6175=EDGE_CURVE('',#4841,#4839,#2523,.T.);
#6176=EDGE_CURVE('',#4842,#4838,#2524,.T.);
#6177=EDGE_CURVE('',#4843,#4842,#2525,.T.);
#6178=EDGE_CURVE('',#4843,#4840,#2526,.T.);
#6179=EDGE_CURVE('',#4844,#4842,#2527,.T.);
#6180=EDGE_CURVE('',#4845,#4844,#2528,.T.);
#6181=EDGE_CURVE('',#4845,#4843,#2529,.T.);
#6182=EDGE_CURVE('',#4846,#4844,#2530,.T.);
#6183=EDGE_CURVE('',#4847,#4846,#2531,.T.);
#6184=EDGE_CURVE('',#4847,#4845,#2532,.T.);
#6185=EDGE_CURVE('',#4848,#4846,#2533,.T.);
#6186=EDGE_CURVE('',#4849,#4848,#2534,.T.);
#6187=EDGE_CURVE('',#4849,#4847,#2535,.T.);
#6188=EDGE_CURVE('',#4850,#4837,#2536,.T.);
#6189=EDGE_CURVE('',#4850,#4849,#2537,.T.);
#6190=EDGE_CURVE('',#4832,#4848,#2538,.T.);
#6191=EDGE_CURVE('',#4851,#4836,#2539,.T.);
#6192=EDGE_CURVE('',#4850,#4851,#2540,.T.);
#6193=EDGE_CURVE('',#4852,#4835,#2541,.T.);
#6194=EDGE_CURVE('',#4851,#4852,#2542,.T.);
#6195=EDGE_CURVE('',#4853,#4834,#2543,.T.);
#6196=EDGE_CURVE('',#4854,#4853,#2544,.T.);
#6197=EDGE_CURVE('',#4852,#4854,#2545,.T.);
#6198=EDGE_CURVE('',#4855,#4853,#2546,.T.);
#6199=EDGE_CURVE('',#4856,#4855,#2547,.T.);
#6200=EDGE_CURVE('',#4856,#4854,#2548,.T.);
#6201=EDGE_CURVE('',#4857,#4855,#2549,.T.);
#6202=EDGE_CURVE('',#4858,#4857,#2550,.T.);
#6203=EDGE_CURVE('',#4858,#4856,#2551,.T.);
#6204=EDGE_CURVE('',#4859,#4857,#2552,.T.);
#6205=EDGE_CURVE('',#4860,#4859,#2553,.T.);
#6206=EDGE_CURVE('',#4860,#4858,#2554,.T.);
#6207=EDGE_CURVE('',#4861,#4859,#2555,.T.);
#6208=EDGE_CURVE('',#4862,#4861,#2556,.T.);
#6209=EDGE_CURVE('',#4862,#4860,#2557,.T.);
#6210=EDGE_CURVE('',#4863,#4861,#2558,.T.);
#6211=EDGE_CURVE('',#4864,#4863,#2559,.T.);
#6212=EDGE_CURVE('',#4864,#4862,#2560,.T.);
#6213=EDGE_CURVE('',#4839,#4863,#2561,.T.);
#6214=EDGE_CURVE('',#4841,#4864,#2562,.T.);
#6215=EDGE_CURVE('',#4834,#4865,#2563,.T.);
#6216=EDGE_CURVE('',#4865,#4866,#2564,.T.);
#6217=EDGE_CURVE('',#4867,#4866,#2565,.T.);
#6218=EDGE_CURVE('',#4868,#4867,#2566,.T.);
#6219=EDGE_CURVE('',#4869,#4868,#2567,.T.);
#6220=EDGE_CURVE('',#4870,#4869,#2568,.T.);
#6221=EDGE_CURVE('',#4871,#4870,#2569,.T.);
#6222=EDGE_CURVE('',#4872,#4871,#2570,.T.);
#6223=EDGE_CURVE('',#4873,#4872,#2571,.T.);
#6224=EDGE_CURVE('',#4874,#4873,#2572,.T.);
#6225=EDGE_CURVE('',#4875,#4874,#2573,.T.);
#6226=EDGE_CURVE('',#4876,#4875,#2574,.T.);
#6227=EDGE_CURVE('',#4877,#4876,#2575,.T.);
#6228=EDGE_CURVE('',#4878,#4877,#2576,.T.);
#6229=EDGE_CURVE('',#4878,#4832,#2577,.T.);
#6230=EDGE_CURVE('',#4879,#4880,#2578,.T.);
#6231=EDGE_CURVE('',#4881,#4879,#2579,.T.);
#6232=EDGE_CURVE('',#4882,#4881,#2580,.T.);
#6233=EDGE_CURVE('',#4883,#4882,#2581,.T.);
#6234=EDGE_CURVE('',#4884,#4883,#2582,.T.);
#6235=EDGE_CURVE('',#4885,#4884,#2583,.T.);
#6236=EDGE_CURVE('',#4886,#4885,#2584,.T.);
#6237=EDGE_CURVE('',#4887,#4886,#2585,.T.);
#6238=EDGE_CURVE('',#4880,#4887,#2586,.T.);
#6239=EDGE_CURVE('',#4888,#4879,#2587,.T.);
#6240=EDGE_CURVE('',#4888,#4889,#2588,.T.);
#6241=EDGE_CURVE('',#4889,#4881,#2589,.T.);
#6242=EDGE_CURVE('',#4890,#4888,#2590,.T.);
#6243=EDGE_CURVE('',#4880,#4891,#2591,.T.);
#6244=EDGE_CURVE('',#4892,#4891,#2592,.T.);
#6245=EDGE_CURVE('',#4872,#4892,#2593,.T.);
#6246=EDGE_CURVE('',#4871,#4890,#2594,.T.);
#6247=EDGE_CURVE('',#4887,#4893,#2595,.T.);
#6248=EDGE_CURVE('',#4891,#4893,#2596,.T.);
#6249=EDGE_CURVE('',#4886,#4894,#2597,.T.);
#6250=EDGE_CURVE('',#4893,#4894,#2598,.T.);
#6251=EDGE_CURVE('',#4885,#4895,#2599,.T.);
#6252=EDGE_CURVE('',#4894,#4895,#2600,.T.);
#6253=EDGE_CURVE('',#4884,#4896,#2601,.T.);
#6254=EDGE_CURVE('',#4895,#4896,#2602,.T.);
#6255=EDGE_CURVE('',#4896,#4883,#2603,.T.);
#6256=EDGE_CURVE('',#4897,#4898,#2604,.T.);
#6257=EDGE_CURVE('',#4897,#4899,#2605,.T.);
#6258=EDGE_CURVE('',#4899,#4889,#2606,.T.);
#6259=EDGE_CURVE('',#4900,#4890,#2607,.T.);
#6260=EDGE_CURVE('',#4901,#4900,#2608,.T.);
#6261=EDGE_CURVE('',#4902,#4901,#2609,.T.);
#6262=EDGE_CURVE('',#4903,#4902,#2610,.T.);
#6263=EDGE_CURVE('',#4898,#4903,#2611,.T.);
#6264=EDGE_CURVE('',#4904,#4897,#2612,.T.);
#6265=EDGE_CURVE('',#4904,#4905,#2613,.T.);
#6266=EDGE_CURVE('',#4899,#4905,#2614,.T.);
#6267=EDGE_CURVE('',#4905,#4882,#2615,.T.);
#6268=EDGE_CURVE('',#4897,#4906,#2616,.T.);
#6269=EDGE_CURVE('',#4904,#4906,#2617,.T.);
#6270=EDGE_CURVE('',#4833,#4907,#2618,.T.);
#6271=EDGE_CURVE('',#4906,#4907,#2619,.T.);
#6272=EDGE_CURVE('',#4865,#4897,#2620,.T.);
#6273=EDGE_CURVE('',#4866,#4898,#2621,.T.);
#6274=EDGE_CURVE('',#4867,#4903,#2622,.T.);
#6275=EDGE_CURVE('',#4868,#4902,#2623,.T.);
#6276=EDGE_CURVE('',#4869,#4901,#2624,.T.);
#6277=EDGE_CURVE('',#4870,#4900,#2625,.T.);
#6278=EDGE_CURVE('',#4908,#4892,#2626,.T.);
#6279=EDGE_CURVE('',#4873,#4908,#2627,.T.);
#6280=EDGE_CURVE('',#4909,#4908,#2628,.T.);
#6281=EDGE_CURVE('',#4874,#4909,#2629,.T.);
#6282=EDGE_CURVE('',#4910,#4909,#2630,.T.);
#6283=EDGE_CURVE('',#4875,#4910,#2631,.T.);
#6284=EDGE_CURVE('',#4911,#4910,#2632,.T.);
#6285=EDGE_CURVE('',#4876,#4911,#2633,.T.);
#6286=EDGE_CURVE('',#4912,#4911,#2634,.T.);
#6287=EDGE_CURVE('',#4877,#4912,#2635,.T.);
#6288=EDGE_CURVE('',#4913,#4912,#2636,.T.);
#6289=EDGE_CURVE('',#4878,#4913,#2637,.T.);
#6290=EDGE_CURVE('',#4907,#4913,#2638,.T.);
#6291=EDGE_CURVE('',#4914,#4915,#2639,.T.);
#6292=EDGE_CURVE('',#4916,#4914,#31,.T.);
#6293=EDGE_CURVE('',#4917,#4916,#2640,.T.);
#6294=EDGE_CURVE('',#4918,#4917,#32,.T.);
#6295=EDGE_CURVE('',#4919,#4918,#2641,.T.);
#6296=EDGE_CURVE('',#4920,#4919,#33,.T.);
#6297=EDGE_CURVE('',#4921,#4920,#2642,.T.);
#6298=EDGE_CURVE('',#4922,#4921,#34,.T.);
#6299=EDGE_CURVE('',#4923,#4922,#2643,.T.);
#6300=EDGE_CURVE('',#4924,#4923,#2644,.T.);
#6301=EDGE_CURVE('',#4925,#4924,#2645,.T.);
#6302=EDGE_CURVE('',#4926,#4925,#2646,.T.);
#6303=EDGE_CURVE('',#4927,#4926,#2647,.T.);
#6304=EDGE_CURVE('',#4928,#4927,#2648,.T.);
#6305=EDGE_CURVE('',#4929,#4928,#2649,.T.);
#6306=EDGE_CURVE('',#4915,#4929,#2650,.T.);
#6307=EDGE_CURVE('',#4930,#4930,#35,.T.);
#6308=EDGE_CURVE('',#4921,#4931,#2651,.T.);
#6309=EDGE_CURVE('',#4932,#4931,#36,.T.);
#6310=EDGE_CURVE('',#4922,#4932,#2652,.T.);
#6311=EDGE_CURVE('',#4920,#4933,#2653,.T.);
#6312=EDGE_CURVE('',#4931,#4933,#2654,.T.);
#6313=EDGE_CURVE('',#4919,#4934,#2655,.T.);
#6314=EDGE_CURVE('',#4933,#4934,#37,.T.);
#6315=EDGE_CURVE('',#4918,#4935,#2656,.T.);
#6316=EDGE_CURVE('',#4934,#4935,#2657,.T.);
#6317=EDGE_CURVE('',#4917,#4936,#2658,.T.);
#6318=EDGE_CURVE('',#4935,#4936,#38,.T.);
#6319=EDGE_CURVE('',#4916,#4937,#2659,.T.);
#6320=EDGE_CURVE('',#4936,#4937,#2660,.T.);
#6321=EDGE_CURVE('',#4914,#4938,#2661,.T.);
#6322=EDGE_CURVE('',#4937,#4938,#39,.T.);
#6323=EDGE_CURVE('',#4915,#4939,#2662,.T.);
#6324=EDGE_CURVE('',#4938,#4939,#2663,.T.);
#6325=EDGE_CURVE('',#4940,#4940,#40,.T.);
#6326=EDGE_CURVE('',#4940,#4930,#2664,.T.);
#6327=EDGE_CURVE('',#4941,#4932,#2665,.T.);
#6328=EDGE_CURVE('',#4923,#4941,#2666,.T.);
#6329=EDGE_CURVE('',#4942,#4941,#2667,.T.);
#6330=EDGE_CURVE('',#4924,#4942,#2668,.T.);
#6331=EDGE_CURVE('',#4943,#4942,#2669,.T.);
#6332=EDGE_CURVE('',#4925,#4943,#2670,.T.);
#6333=EDGE_CURVE('',#4944,#4943,#2671,.T.);
#6334=EDGE_CURVE('',#4926,#4944,#2672,.T.);
#6335=EDGE_CURVE('',#4945,#4944,#2673,.T.);
#6336=EDGE_CURVE('',#4927,#4945,#2674,.T.);
#6337=EDGE_CURVE('',#4946,#4945,#2675,.T.);
#6338=EDGE_CURVE('',#4928,#4946,#2676,.T.);
#6339=EDGE_CURVE('',#4947,#4946,#2677,.T.);
#6340=EDGE_CURVE('',#4929,#4947,#2678,.T.);
#6341=EDGE_CURVE('',#4939,#4947,#2679,.T.);
#6342=EDGE_CURVE('',#4948,#4948,#41,.T.);
#6343=EDGE_CURVE('',#4948,#4949,#2680,.T.);
#6344=EDGE_CURVE('',#4949,#4949,#42,.T.);
#6345=EDGE_CURVE('',#4950,#4951,#2681,.T.);
#6346=EDGE_CURVE('',#4951,#4952,#2682,.T.);
#6347=EDGE_CURVE('',#4953,#4952,#2683,.T.);
#6348=EDGE_CURVE('',#4950,#4953,#2684,.T.);
#6349=EDGE_CURVE('',#4954,#4950,#2685,.T.);
#6350=EDGE_CURVE('',#4955,#4953,#2686,.T.);
#6351=EDGE_CURVE('',#4954,#4955,#2687,.T.);
#6352=EDGE_CURVE('',#4956,#4954,#2688,.T.);
#6353=EDGE_CURVE('',#4957,#4955,#2689,.T.);
#6354=EDGE_CURVE('',#4956,#4957,#2690,.T.);
#6355=EDGE_CURVE('',#4958,#4956,#2691,.T.);
#6356=EDGE_CURVE('',#4959,#4957,#2692,.T.);
#6357=EDGE_CURVE('',#4958,#4959,#2693,.T.);
#6358=EDGE_CURVE('',#4960,#4958,#2694,.T.);
#6359=EDGE_CURVE('',#4961,#4959,#2695,.T.);
#6360=EDGE_CURVE('',#4960,#4961,#2696,.T.);
#6361=EDGE_CURVE('',#4962,#4960,#2697,.T.);
#6362=EDGE_CURVE('',#4963,#4961,#2698,.T.);
#6363=EDGE_CURVE('',#4962,#4963,#2699,.T.);
#6364=EDGE_CURVE('',#4964,#4962,#2700,.T.);
#6365=EDGE_CURVE('',#4965,#4963,#2701,.T.);
#6366=EDGE_CURVE('',#4964,#4965,#2702,.T.);
#6367=EDGE_CURVE('',#4966,#4964,#2703,.T.);
#6368=EDGE_CURVE('',#4967,#4965,#2704,.T.);
#6369=EDGE_CURVE('',#4966,#4967,#2705,.T.);
#6370=EDGE_CURVE('',#4968,#4966,#2706,.T.);
#6371=EDGE_CURVE('',#4969,#4967,#2707,.T.);
#6372=EDGE_CURVE('',#4968,#4969,#2708,.T.);
#6373=EDGE_CURVE('',#4970,#4968,#2709,.T.);
#6374=EDGE_CURVE('',#4971,#4969,#2710,.T.);
#6375=EDGE_CURVE('',#4970,#4971,#2711,.T.);
#6376=EDGE_CURVE('',#4972,#4970,#2712,.T.);
#6377=EDGE_CURVE('',#4973,#4971,#2713,.T.);
#6378=EDGE_CURVE('',#4972,#4973,#2714,.T.);
#6379=EDGE_CURVE('',#4974,#4972,#2715,.T.);
#6380=EDGE_CURVE('',#4975,#4973,#2716,.T.);
#6381=EDGE_CURVE('',#4974,#4975,#2717,.T.);
#6382=EDGE_CURVE('',#4976,#4974,#2718,.T.);
#6383=EDGE_CURVE('',#4977,#4975,#2719,.T.);
#6384=EDGE_CURVE('',#4976,#4977,#2720,.T.);
#6385=EDGE_CURVE('',#4978,#4976,#2721,.T.);
#6386=EDGE_CURVE('',#4979,#4977,#2722,.T.);
#6387=EDGE_CURVE('',#4978,#4979,#2723,.T.);
#6388=EDGE_CURVE('',#4980,#4978,#2724,.T.);
#6389=EDGE_CURVE('',#4981,#4979,#2725,.T.);
#6390=EDGE_CURVE('',#4980,#4981,#2726,.T.);
#6391=EDGE_CURVE('',#4982,#4980,#2727,.T.);
#6392=EDGE_CURVE('',#4983,#4981,#2728,.T.);
#6393=EDGE_CURVE('',#4982,#4983,#2729,.T.);
#6394=EDGE_CURVE('',#4984,#4982,#2730,.T.);
#6395=EDGE_CURVE('',#4985,#4983,#2731,.T.);
#6396=EDGE_CURVE('',#4984,#4985,#2732,.T.);
#6397=EDGE_CURVE('',#4986,#4984,#2733,.T.);
#6398=EDGE_CURVE('',#4987,#4985,#2734,.T.);
#6399=EDGE_CURVE('',#4986,#4987,#2735,.T.);
#6400=EDGE_CURVE('',#4988,#4986,#2736,.T.);
#6401=EDGE_CURVE('',#4989,#4987,#2737,.T.);
#6402=EDGE_CURVE('',#4988,#4989,#2738,.T.);
#6403=EDGE_CURVE('',#4990,#4988,#2739,.T.);
#6404=EDGE_CURVE('',#4991,#4989,#2740,.T.);
#6405=EDGE_CURVE('',#4990,#4991,#2741,.T.);
#6406=EDGE_CURVE('',#4992,#4990,#2742,.T.);
#6407=EDGE_CURVE('',#4993,#4991,#2743,.T.);
#6408=EDGE_CURVE('',#4992,#4993,#2744,.T.);
#6409=EDGE_CURVE('',#4994,#4992,#2745,.T.);
#6410=EDGE_CURVE('',#4995,#4993,#2746,.T.);
#6411=EDGE_CURVE('',#4994,#4995,#2747,.T.);
#6412=EDGE_CURVE('',#4996,#4994,#2748,.T.);
#6413=EDGE_CURVE('',#4997,#4995,#2749,.T.);
#6414=EDGE_CURVE('',#4996,#4997,#2750,.T.);
#6415=EDGE_CURVE('',#4998,#4996,#2751,.T.);
#6416=EDGE_CURVE('',#4999,#4997,#2752,.T.);
#6417=EDGE_CURVE('',#4998,#4999,#2753,.T.);
#6418=EDGE_CURVE('',#5000,#4998,#2754,.T.);
#6419=EDGE_CURVE('',#5001,#4999,#2755,.T.);
#6420=EDGE_CURVE('',#5000,#5001,#2756,.T.);
#6421=EDGE_CURVE('',#5002,#5000,#2757,.T.);
#6422=EDGE_CURVE('',#5003,#5001,#2758,.T.);
#6423=EDGE_CURVE('',#5002,#5003,#2759,.T.);
#6424=EDGE_CURVE('',#5004,#5002,#2760,.T.);
#6425=EDGE_CURVE('',#5005,#5003,#2761,.T.);
#6426=EDGE_CURVE('',#5004,#5005,#2762,.T.);
#6427=EDGE_CURVE('',#5006,#5004,#2763,.T.);
#6428=EDGE_CURVE('',#5007,#5005,#2764,.T.);
#6429=EDGE_CURVE('',#5006,#5007,#2765,.T.);
#6430=EDGE_CURVE('',#5008,#5006,#2766,.T.);
#6431=EDGE_CURVE('',#5009,#5007,#2767,.T.);
#6432=EDGE_CURVE('',#5008,#5009,#2768,.T.);
#6433=EDGE_CURVE('',#5010,#5008,#2769,.T.);
#6434=EDGE_CURVE('',#5011,#5009,#2770,.T.);
#6435=EDGE_CURVE('',#5010,#5011,#2771,.T.);
#6436=EDGE_CURVE('',#5012,#5010,#2772,.T.);
#6437=EDGE_CURVE('',#5013,#5011,#2773,.T.);
#6438=EDGE_CURVE('',#5012,#5013,#2774,.T.);
#6439=EDGE_CURVE('',#5014,#5012,#2775,.T.);
#6440=EDGE_CURVE('',#5015,#5013,#2776,.T.);
#6441=EDGE_CURVE('',#5014,#5015,#2777,.T.);
#6442=EDGE_CURVE('',#5016,#5014,#2778,.T.);
#6443=EDGE_CURVE('',#5017,#5015,#2779,.T.);
#6444=EDGE_CURVE('',#5016,#5017,#2780,.T.);
#6445=EDGE_CURVE('',#5018,#5016,#2781,.T.);
#6446=EDGE_CURVE('',#5019,#5017,#2782,.T.);
#6447=EDGE_CURVE('',#5018,#5019,#2783,.T.);
#6448=EDGE_CURVE('',#5020,#5018,#2784,.T.);
#6449=EDGE_CURVE('',#5021,#5019,#2785,.T.);
#6450=EDGE_CURVE('',#5020,#5021,#2786,.T.);
#6451=EDGE_CURVE('',#5022,#5020,#2787,.T.);
#6452=EDGE_CURVE('',#5023,#5021,#2788,.T.);
#6453=EDGE_CURVE('',#5022,#5023,#2789,.T.);
#6454=EDGE_CURVE('',#5024,#5022,#2790,.T.);
#6455=EDGE_CURVE('',#5025,#5023,#2791,.T.);
#6456=EDGE_CURVE('',#5024,#5025,#2792,.T.);
#6457=EDGE_CURVE('',#5026,#5024,#2793,.T.);
#6458=EDGE_CURVE('',#5027,#5025,#2794,.T.);
#6459=EDGE_CURVE('',#5026,#5027,#2795,.T.);
#6460=EDGE_CURVE('',#5028,#5026,#2796,.T.);
#6461=EDGE_CURVE('',#5029,#5027,#2797,.T.);
#6462=EDGE_CURVE('',#5028,#5029,#2798,.T.);
#6463=EDGE_CURVE('',#5030,#5028,#2799,.T.);
#6464=EDGE_CURVE('',#5031,#5029,#2800,.T.);
#6465=EDGE_CURVE('',#5030,#5031,#2801,.T.);
#6466=EDGE_CURVE('',#5032,#5030,#2802,.T.);
#6467=EDGE_CURVE('',#5033,#5031,#2803,.T.);
#6468=EDGE_CURVE('',#5032,#5033,#2804,.T.);
#6469=EDGE_CURVE('',#5034,#5032,#2805,.T.);
#6470=EDGE_CURVE('',#5035,#5033,#2806,.T.);
#6471=EDGE_CURVE('',#5034,#5035,#2807,.T.);
#6472=EDGE_CURVE('',#5036,#5034,#2808,.T.);
#6473=EDGE_CURVE('',#5037,#5035,#2809,.T.);
#6474=EDGE_CURVE('',#5036,#5037,#2810,.T.);
#6475=EDGE_CURVE('',#5038,#5036,#2811,.T.);
#6476=EDGE_CURVE('',#5039,#5037,#2812,.T.);
#6477=EDGE_CURVE('',#5038,#5039,#2813,.T.);
#6478=EDGE_CURVE('',#5040,#5038,#2814,.T.);
#6479=EDGE_CURVE('',#5041,#5039,#2815,.T.);
#6480=EDGE_CURVE('',#5040,#5041,#2816,.T.);
#6481=EDGE_CURVE('',#5042,#5040,#2817,.T.);
#6482=EDGE_CURVE('',#5043,#5041,#2818,.T.);
#6483=EDGE_CURVE('',#5042,#5043,#2819,.T.);
#6484=EDGE_CURVE('',#5044,#5042,#2820,.T.);
#6485=EDGE_CURVE('',#5045,#5043,#2821,.T.);
#6486=EDGE_CURVE('',#5044,#5045,#2822,.T.);
#6487=EDGE_CURVE('',#5046,#5044,#2823,.T.);
#6488=EDGE_CURVE('',#5047,#5045,#2824,.T.);
#6489=EDGE_CURVE('',#5046,#5047,#2825,.T.);
#6490=EDGE_CURVE('',#5048,#5046,#2826,.T.);
#6491=EDGE_CURVE('',#5049,#5047,#2827,.T.);
#6492=EDGE_CURVE('',#5048,#5049,#2828,.T.);
#6493=EDGE_CURVE('',#5050,#5048,#2829,.T.);
#6494=EDGE_CURVE('',#5051,#5049,#2830,.T.);
#6495=EDGE_CURVE('',#5050,#5051,#2831,.T.);
#6496=EDGE_CURVE('',#5052,#5050,#2832,.T.);
#6497=EDGE_CURVE('',#5053,#5051,#2833,.T.);
#6498=EDGE_CURVE('',#5052,#5053,#2834,.T.);
#6499=EDGE_CURVE('',#4951,#5052,#2835,.T.);
#6500=EDGE_CURVE('',#4952,#5053,#2836,.T.);
#6501=ORIENTED_EDGE('',*,*,#5054,.F.);
#6502=ORIENTED_EDGE('',*,*,#5055,.T.);
#6503=ORIENTED_EDGE('',*,*,#5056,.F.);
#6504=ORIENTED_EDGE('',*,*,#5057,.F.);
#6505=ORIENTED_EDGE('',*,*,#5058,.T.);
#6506=ORIENTED_EDGE('',*,*,#5059,.F.);
#6507=ORIENTED_EDGE('',*,*,#5055,.F.);
#6508=ORIENTED_EDGE('',*,*,#5060,.F.);
#6509=ORIENTED_EDGE('',*,*,#5061,.T.);
#6510=ORIENTED_EDGE('',*,*,#5062,.F.);
#6511=ORIENTED_EDGE('',*,*,#5058,.F.);
#6512=ORIENTED_EDGE('',*,*,#5063,.F.);
#6513=ORIENTED_EDGE('',*,*,#5064,.T.);
#6514=ORIENTED_EDGE('',*,*,#5065,.F.);
#6515=ORIENTED_EDGE('',*,*,#5061,.F.);
#6516=ORIENTED_EDGE('',*,*,#5066,.F.);
#6517=ORIENTED_EDGE('',*,*,#5067,.F.);
#6518=ORIENTED_EDGE('',*,*,#5068,.T.);
#6519=ORIENTED_EDGE('',*,*,#5069,.F.);
#6520=ORIENTED_EDGE('',*,*,#5070,.F.);
#6521=ORIENTED_EDGE('',*,*,#5071,.F.);
#6522=ORIENTED_EDGE('',*,*,#5072,.F.);
#6523=ORIENTED_EDGE('',*,*,#5073,.F.);
#6524=ORIENTED_EDGE('',*,*,#5074,.F.);
#6525=ORIENTED_EDGE('',*,*,#5075,.F.);
#6526=ORIENTED_EDGE('',*,*,#5076,.F.);
#6527=ORIENTED_EDGE('',*,*,#5077,.F.);
#6528=ORIENTED_EDGE('',*,*,#5078,.F.);
#6529=ORIENTED_EDGE('',*,*,#5079,.F.);
#6530=ORIENTED_EDGE('',*,*,#5080,.F.);
#6531=ORIENTED_EDGE('',*,*,#5081,.F.);
#6532=ORIENTED_EDGE('',*,*,#5082,.T.);
#6533=ORIENTED_EDGE('',*,*,#5083,.F.);
#6534=ORIENTED_EDGE('',*,*,#5084,.F.);
#6535=ORIENTED_EDGE('',*,*,#5085,.F.);
#6536=ORIENTED_EDGE('',*,*,#5086,.F.);
#6537=ORIENTED_EDGE('',*,*,#5087,.F.);
#6538=ORIENTED_EDGE('',*,*,#5088,.F.);
#6539=ORIENTED_EDGE('',*,*,#5089,.F.);
#6540=ORIENTED_EDGE('',*,*,#5090,.F.);
#6541=ORIENTED_EDGE('',*,*,#5091,.F.);
#6542=ORIENTED_EDGE('',*,*,#5092,.F.);
#6543=ORIENTED_EDGE('',*,*,#5093,.F.);
#6544=ORIENTED_EDGE('',*,*,#5094,.F.);
#6545=ORIENTED_EDGE('',*,*,#5095,.F.);
#6546=ORIENTED_EDGE('',*,*,#5096,.F.);
#6547=ORIENTED_EDGE('',*,*,#5097,.F.);
#6548=ORIENTED_EDGE('',*,*,#5098,.F.);
#6549=ORIENTED_EDGE('',*,*,#5099,.F.);
#6550=ORIENTED_EDGE('',*,*,#5100,.F.);
#6551=ORIENTED_EDGE('',*,*,#5101,.T.);
#6552=ORIENTED_EDGE('',*,*,#5102,.T.);
#6553=ORIENTED_EDGE('',*,*,#5103,.T.);
#6554=ORIENTED_EDGE('',*,*,#5104,.T.);
#6555=ORIENTED_EDGE('',*,*,#5105,.T.);
#6556=ORIENTED_EDGE('',*,*,#5106,.T.);
#6557=ORIENTED_EDGE('',*,*,#5107,.T.);
#6558=ORIENTED_EDGE('',*,*,#5108,.T.);
#6559=ORIENTED_EDGE('',*,*,#5109,.T.);
#6560=ORIENTED_EDGE('',*,*,#5110,.T.);
#6561=ORIENTED_EDGE('',*,*,#5111,.T.);
#6562=ORIENTED_EDGE('',*,*,#5112,.T.);
#6563=ORIENTED_EDGE('',*,*,#5113,.F.);
#6564=ORIENTED_EDGE('',*,*,#5114,.F.);
#6565=ORIENTED_EDGE('',*,*,#5115,.F.);
#6566=ORIENTED_EDGE('',*,*,#5116,.F.);
#6567=ORIENTED_EDGE('',*,*,#5117,.F.);
#6568=ORIENTED_EDGE('',*,*,#5118,.F.);
#6569=ORIENTED_EDGE('',*,*,#5119,.F.);
#6570=ORIENTED_EDGE('',*,*,#5120,.T.);
#6571=ORIENTED_EDGE('',*,*,#5121,.T.);
#6572=ORIENTED_EDGE('',*,*,#5122,.F.);
#6573=ORIENTED_EDGE('',*,*,#5123,.F.);
#6574=ORIENTED_EDGE('',*,*,#5124,.F.);
#6575=ORIENTED_EDGE('',*,*,#5125,.T.);
#6576=ORIENTED_EDGE('',*,*,#5126,.T.);
#6577=ORIENTED_EDGE('',*,*,#5127,.F.);
#6578=ORIENTED_EDGE('',*,*,#5128,.T.);
#6579=ORIENTED_EDGE('',*,*,#5129,.T.);
#6580=ORIENTED_EDGE('',*,*,#5130,.F.);
#6581=ORIENTED_EDGE('',*,*,#5131,.T.);
#6582=ORIENTED_EDGE('',*,*,#5085,.T.);
#6583=ORIENTED_EDGE('',*,*,#5132,.F.);
#6584=ORIENTED_EDGE('',*,*,#5133,.F.);
#6585=ORIENTED_EDGE('',*,*,#5134,.F.);
#6586=ORIENTED_EDGE('',*,*,#5135,.T.);
#6587=ORIENTED_EDGE('',*,*,#5136,.T.);
#6588=ORIENTED_EDGE('',*,*,#5101,.F.);
#6589=ORIENTED_EDGE('',*,*,#5137,.T.);
#6590=ORIENTED_EDGE('',*,*,#5111,.F.);
#6591=ORIENTED_EDGE('',*,*,#5138,.F.);
#6592=ORIENTED_EDGE('',*,*,#5139,.T.);
#6593=ORIENTED_EDGE('',*,*,#5140,.F.);
#6594=ORIENTED_EDGE('',*,*,#5141,.T.);
#6595=ORIENTED_EDGE('',*,*,#5142,.T.);
#6596=ORIENTED_EDGE('',*,*,#5143,.T.);
#6597=ORIENTED_EDGE('',*,*,#5144,.T.);
#6598=ORIENTED_EDGE('',*,*,#5145,.T.);
#6599=ORIENTED_EDGE('',*,*,#5146,.T.);
#6600=ORIENTED_EDGE('',*,*,#5147,.T.);
#6601=ORIENTED_EDGE('',*,*,#5148,.T.);
#6602=ORIENTED_EDGE('',*,*,#5149,.T.);
#6603=ORIENTED_EDGE('',*,*,#5150,.T.);
#6604=ORIENTED_EDGE('',*,*,#5133,.T.);
#6605=ORIENTED_EDGE('',*,*,#5151,.T.);
#6606=ORIENTED_EDGE('',*,*,#5152,.T.);
#6607=ORIENTED_EDGE('',*,*,#5153,.T.);
#6608=ORIENTED_EDGE('',*,*,#5154,.F.);
#6609=ORIENTED_EDGE('',*,*,#5155,.F.);
#6610=ORIENTED_EDGE('',*,*,#5156,.F.);
#6611=ORIENTED_EDGE('',*,*,#5157,.F.);
#6612=ORIENTED_EDGE('',*,*,#5158,.F.);
#6613=ORIENTED_EDGE('',*,*,#5159,.F.);
#6614=ORIENTED_EDGE('',*,*,#5160,.F.);
#6615=ORIENTED_EDGE('',*,*,#5161,.F.);
#6616=ORIENTED_EDGE('',*,*,#5162,.F.);
#6617=ORIENTED_EDGE('',*,*,#5163,.F.);
#6618=ORIENTED_EDGE('',*,*,#5164,.F.);
#6619=ORIENTED_EDGE('',*,*,#5129,.F.);
#6620=ORIENTED_EDGE('',*,*,#5165,.F.);
#6621=ORIENTED_EDGE('',*,*,#5166,.F.);
#6622=ORIENTED_EDGE('',*,*,#5167,.F.);
#6623=ORIENTED_EDGE('',*,*,#5168,.F.);
#6624=ORIENTED_EDGE('',*,*,#5169,.F.);
#6625=ORIENTED_EDGE('',*,*,#5170,.F.);
#6626=ORIENTED_EDGE('',*,*,#5171,.F.);
#6627=ORIENTED_EDGE('',*,*,#5172,.F.);
#6628=ORIENTED_EDGE('',*,*,#5173,.F.);
#6629=ORIENTED_EDGE('',*,*,#5174,.F.);
#6630=ORIENTED_EDGE('',*,*,#5175,.F.);
#6631=ORIENTED_EDGE('',*,*,#5176,.F.);
#6632=ORIENTED_EDGE('',*,*,#5177,.F.);
#6633=ORIENTED_EDGE('',*,*,#5178,.F.);
#6634=ORIENTED_EDGE('',*,*,#5179,.F.);
#6635=ORIENTED_EDGE('',*,*,#5180,.F.);
#6636=ORIENTED_EDGE('',*,*,#5181,.F.);
#6637=ORIENTED_EDGE('',*,*,#5182,.F.);
#6638=ORIENTED_EDGE('',*,*,#5183,.T.);
#6639=ORIENTED_EDGE('',*,*,#5174,.T.);
#6640=ORIENTED_EDGE('',*,*,#5184,.F.);
#6641=ORIENTED_EDGE('',*,*,#5185,.F.);
#6642=ORIENTED_EDGE('',*,*,#5186,.F.);
#6643=ORIENTED_EDGE('',*,*,#5187,.T.);
#6644=ORIENTED_EDGE('',*,*,#5181,.T.);
#6645=ORIENTED_EDGE('',*,*,#5188,.F.);
#6646=ORIENTED_EDGE('',*,*,#5189,.T.);
#6647=ORIENTED_EDGE('',*,*,#5190,.T.);
#6648=ORIENTED_EDGE('',*,*,#5191,.F.);
#6649=ORIENTED_EDGE('',*,*,#5147,.F.);
#6650=ORIENTED_EDGE('',*,*,#5192,.T.);
#6651=ORIENTED_EDGE('',*,*,#5089,.T.);
#6652=ORIENTED_EDGE('',*,*,#5193,.F.);
#6653=ORIENTED_EDGE('',*,*,#5194,.T.);
#6654=ORIENTED_EDGE('',*,*,#5195,.T.);
#6655=ORIENTED_EDGE('',*,*,#5109,.F.);
#6656=ORIENTED_EDGE('',*,*,#5196,.F.);
#6657=ORIENTED_EDGE('',*,*,#5197,.F.);
#6658=ORIENTED_EDGE('',*,*,#5198,.T.);
#6659=ORIENTED_EDGE('',*,*,#5168,.T.);
#6660=ORIENTED_EDGE('',*,*,#5199,.F.);
#6661=ORIENTED_EDGE('',*,*,#5200,.F.);
#6662=ORIENTED_EDGE('',*,*,#5201,.F.);
#6663=ORIENTED_EDGE('',*,*,#5202,.T.);
#6664=ORIENTED_EDGE('',*,*,#5099,.T.);
#6665=ORIENTED_EDGE('',*,*,#5203,.F.);
#6666=ORIENTED_EDGE('',*,*,#5204,.T.);
#6667=ORIENTED_EDGE('',*,*,#5161,.T.);
#6668=ORIENTED_EDGE('',*,*,#5205,.F.);
#6669=ORIENTED_EDGE('',*,*,#5206,.T.);
#6670=ORIENTED_EDGE('',*,*,#5156,.T.);
#6671=ORIENTED_EDGE('',*,*,#5207,.F.);
#6672=ORIENTED_EDGE('',*,*,#5208,.F.);
#6673=ORIENTED_EDGE('',*,*,#5209,.T.);
#6674=ORIENTED_EDGE('',*,*,#5114,.T.);
#6675=ORIENTED_EDGE('',*,*,#5210,.F.);
#6676=ORIENTED_EDGE('',*,*,#5211,.F.);
#6677=ORIENTED_EDGE('',*,*,#5212,.F.);
#6678=ORIENTED_EDGE('',*,*,#5199,.T.);
#6679=ORIENTED_EDGE('',*,*,#5167,.T.);
#6680=ORIENTED_EDGE('',*,*,#5213,.F.);
#6681=ORIENTED_EDGE('',*,*,#5214,.T.);
#6682=ORIENTED_EDGE('',*,*,#5215,.T.);
#6683=ORIENTED_EDGE('',*,*,#5106,.F.);
#6684=ORIENTED_EDGE('',*,*,#5216,.F.);
#6685=ORIENTED_EDGE('',*,*,#5217,.F.);
#6686=ORIENTED_EDGE('',*,*,#5218,.T.);
#6687=ORIENTED_EDGE('',*,*,#5219,.T.);
#6688=ORIENTED_EDGE('',*,*,#5220,.F.);
#6689=ORIENTED_EDGE('',*,*,#5221,.F.);
#6690=ORIENTED_EDGE('',*,*,#5222,.T.);
#6691=ORIENTED_EDGE('',*,*,#5223,.T.);
#6692=ORIENTED_EDGE('',*,*,#5224,.F.);
#6693=ORIENTED_EDGE('',*,*,#5225,.T.);
#6694=ORIENTED_EDGE('',*,*,#5083,.T.);
#6695=ORIENTED_EDGE('',*,*,#5226,.F.);
#6696=ORIENTED_EDGE('',*,*,#5152,.F.);
#6697=ORIENTED_EDGE('',*,*,#5226,.T.);
#6698=ORIENTED_EDGE('',*,*,#5118,.T.);
#6699=ORIENTED_EDGE('',*,*,#5227,.F.);
#6700=ORIENTED_EDGE('',*,*,#5153,.F.);
#6701=ORIENTED_EDGE('',*,*,#5228,.F.);
#6702=ORIENTED_EDGE('',*,*,#5229,.F.);
#6703=ORIENTED_EDGE('',*,*,#5230,.T.);
#6704=ORIENTED_EDGE('',*,*,#5096,.T.);
#6705=ORIENTED_EDGE('',*,*,#5231,.F.);
#6706=ORIENTED_EDGE('',*,*,#5232,.T.);
#6707=ORIENTED_EDGE('',*,*,#5216,.T.);
#6708=ORIENTED_EDGE('',*,*,#5105,.F.);
#6709=ORIENTED_EDGE('',*,*,#5233,.F.);
#6710=ORIENTED_EDGE('',*,*,#5122,.T.);
#6711=ORIENTED_EDGE('',*,*,#5234,.T.);
#6712=ORIENTED_EDGE('',*,*,#5235,.F.);
#6713=ORIENTED_EDGE('',*,*,#5236,.F.);
#6714=ORIENTED_EDGE('',*,*,#5237,.T.);
#6715=ORIENTED_EDGE('',*,*,#5154,.T.);
#6716=ORIENTED_EDGE('',*,*,#5238,.F.);
#6717=ORIENTED_EDGE('',*,*,#5239,.F.);
#6718=ORIENTED_EDGE('',*,*,#5240,.T.);
#6719=ORIENTED_EDGE('',*,*,#5157,.T.);
#6720=ORIENTED_EDGE('',*,*,#5206,.F.);
#6721=ORIENTED_EDGE('',*,*,#5241,.F.);
#6722=ORIENTED_EDGE('',*,*,#5242,.T.);
#6723=ORIENTED_EDGE('',*,*,#5196,.T.);
#6724=ORIENTED_EDGE('',*,*,#5108,.F.);
#6725=ORIENTED_EDGE('',*,*,#5243,.F.);
#6726=ORIENTED_EDGE('',*,*,#5244,.F.);
#6727=ORIENTED_EDGE('',*,*,#5130,.T.);
#6728=ORIENTED_EDGE('',*,*,#5164,.T.);
#6729=ORIENTED_EDGE('',*,*,#5245,.F.);
#6730=ORIENTED_EDGE('',*,*,#5246,.T.);
#6731=ORIENTED_EDGE('',*,*,#5243,.T.);
#6732=ORIENTED_EDGE('',*,*,#5107,.F.);
#6733=ORIENTED_EDGE('',*,*,#5215,.F.);
#6734=ORIENTED_EDGE('',*,*,#5146,.F.);
#6735=ORIENTED_EDGE('',*,*,#5247,.T.);
#6736=ORIENTED_EDGE('',*,*,#5090,.T.);
#6737=ORIENTED_EDGE('',*,*,#5192,.F.);
#6738=ORIENTED_EDGE('',*,*,#5248,.F.);
#6739=ORIENTED_EDGE('',*,*,#5184,.T.);
#6740=ORIENTED_EDGE('',*,*,#5173,.T.);
#6741=ORIENTED_EDGE('',*,*,#5249,.F.);
#6742=ORIENTED_EDGE('',*,*,#5250,.F.);
#6743=ORIENTED_EDGE('',*,*,#5251,.F.);
#6744=ORIENTED_EDGE('',*,*,#5252,.T.);
#6745=ORIENTED_EDGE('',*,*,#5178,.T.);
#6746=ORIENTED_EDGE('',*,*,#5136,.F.);
#6747=ORIENTED_EDGE('',*,*,#5253,.T.);
#6748=ORIENTED_EDGE('',*,*,#5254,.T.);
#6749=ORIENTED_EDGE('',*,*,#5102,.F.);
#6750=ORIENTED_EDGE('',*,*,#5255,.F.);
#6751=ORIENTED_EDGE('',*,*,#5143,.F.);
#6752=ORIENTED_EDGE('',*,*,#5256,.T.);
#6753=ORIENTED_EDGE('',*,*,#5093,.T.);
#6754=ORIENTED_EDGE('',*,*,#5257,.F.);
#6755=ORIENTED_EDGE('',*,*,#5258,.T.);
#6756=ORIENTED_EDGE('',*,*,#5259,.T.);
#6757=ORIENTED_EDGE('',*,*,#5260,.F.);
#6758=ORIENTED_EDGE('',*,*,#5261,.F.);
#6759=ORIENTED_EDGE('',*,*,#5245,.T.);
#6760=ORIENTED_EDGE('',*,*,#5163,.T.);
#6761=ORIENTED_EDGE('',*,*,#5262,.F.);
#6762=ORIENTED_EDGE('',*,*,#5132,.T.);
#6763=ORIENTED_EDGE('',*,*,#5084,.T.);
#6764=ORIENTED_EDGE('',*,*,#5225,.F.);
#6765=ORIENTED_EDGE('',*,*,#5151,.F.);
#6766=ORIENTED_EDGE('',*,*,#5263,.F.);
#6767=ORIENTED_EDGE('',*,*,#5264,.T.);
#6768=ORIENTED_EDGE('',*,*,#5169,.T.);
#6769=ORIENTED_EDGE('',*,*,#5198,.F.);
#6770=ORIENTED_EDGE('',*,*,#5265,.T.);
#6771=ORIENTED_EDGE('',*,*,#5158,.T.);
#6772=ORIENTED_EDGE('',*,*,#5240,.F.);
#6773=ORIENTED_EDGE('',*,*,#5266,.F.);
#6774=ORIENTED_EDGE('',*,*,#5267,.F.);
#6775=ORIENTED_EDGE('',*,*,#5191,.T.);
#6776=ORIENTED_EDGE('',*,*,#5268,.T.);
#6777=ORIENTED_EDGE('',*,*,#5222,.F.);
#6778=ORIENTED_EDGE('',*,*,#5269,.F.);
#6779=ORIENTED_EDGE('',*,*,#5270,.T.);
#6780=ORIENTED_EDGE('',*,*,#5176,.T.);
#6781=ORIENTED_EDGE('',*,*,#5271,.F.);
#6782=ORIENTED_EDGE('',*,*,#5272,.F.);
#6783=ORIENTED_EDGE('',*,*,#5220,.T.);
#6784=ORIENTED_EDGE('',*,*,#5273,.T.);
#6785=ORIENTED_EDGE('',*,*,#5189,.F.);
#6786=ORIENTED_EDGE('',*,*,#5274,.T.);
#6787=ORIENTED_EDGE('',*,*,#5115,.T.);
#6788=ORIENTED_EDGE('',*,*,#5209,.F.);
#6789=ORIENTED_EDGE('',*,*,#5275,.F.);
#6790=ORIENTED_EDGE('',*,*,#5256,.F.);
#6791=ORIENTED_EDGE('',*,*,#5142,.F.);
#6792=ORIENTED_EDGE('',*,*,#5276,.T.);
#6793=ORIENTED_EDGE('',*,*,#5094,.T.);
#6794=ORIENTED_EDGE('',*,*,#5148,.F.);
#6795=ORIENTED_EDGE('',*,*,#5193,.T.);
#6796=ORIENTED_EDGE('',*,*,#5088,.T.);
#6797=ORIENTED_EDGE('',*,*,#5277,.F.);
#6798=ORIENTED_EDGE('',*,*,#5276,.F.);
#6799=ORIENTED_EDGE('',*,*,#5141,.F.);
#6800=ORIENTED_EDGE('',*,*,#5231,.T.);
#6801=ORIENTED_EDGE('',*,*,#5095,.T.);
#6802=ORIENTED_EDGE('',*,*,#5235,.T.);
#6803=ORIENTED_EDGE('',*,*,#5278,.T.);
#6804=ORIENTED_EDGE('',*,*,#5218,.F.);
#6805=ORIENTED_EDGE('',*,*,#5279,.F.);
#6806=ORIENTED_EDGE('',*,*,#5150,.F.);
#6807=ORIENTED_EDGE('',*,*,#5280,.T.);
#6808=ORIENTED_EDGE('',*,*,#5086,.T.);
#6809=ORIENTED_EDGE('',*,*,#5131,.F.);
#6810=ORIENTED_EDGE('',*,*,#5145,.F.);
#6811=ORIENTED_EDGE('',*,*,#5281,.T.);
#6812=ORIENTED_EDGE('',*,*,#5091,.T.);
#6813=ORIENTED_EDGE('',*,*,#5247,.F.);
#6814=ORIENTED_EDGE('',*,*,#5202,.F.);
#6815=ORIENTED_EDGE('',*,*,#5282,.F.);
#6816=ORIENTED_EDGE('',*,*,#5134,.T.);
#6817=ORIENTED_EDGE('',*,*,#5100,.T.);
#6818=ORIENTED_EDGE('',*,*,#5283,.F.);
#6819=ORIENTED_EDGE('',*,*,#5249,.T.);
#6820=ORIENTED_EDGE('',*,*,#5172,.T.);
#6821=ORIENTED_EDGE('',*,*,#5284,.F.);
#6822=ORIENTED_EDGE('',*,*,#5254,.F.);
#6823=ORIENTED_EDGE('',*,*,#5285,.T.);
#6824=ORIENTED_EDGE('',*,*,#5286,.T.);
#6825=ORIENTED_EDGE('',*,*,#5103,.F.);
#6826=ORIENTED_EDGE('',*,*,#5125,.F.);
#6827=ORIENTED_EDGE('',*,*,#5287,.F.);
#6828=ORIENTED_EDGE('',*,*,#5260,.T.);
#6829=ORIENTED_EDGE('',*,*,#5288,.T.);
#6830=ORIENTED_EDGE('',*,*,#5252,.F.);
#6831=ORIENTED_EDGE('',*,*,#5289,.F.);
#6832=ORIENTED_EDGE('',*,*,#5290,.T.);
#6833=ORIENTED_EDGE('',*,*,#5179,.T.);
#6834=ORIENTED_EDGE('',*,*,#5291,.F.);
#6835=ORIENTED_EDGE('',*,*,#5292,.T.);
#6836=ORIENTED_EDGE('',*,*,#5159,.T.);
#6837=ORIENTED_EDGE('',*,*,#5265,.F.);
#6838=ORIENTED_EDGE('',*,*,#5293,.F.);
#6839=ORIENTED_EDGE('',*,*,#5205,.T.);
#6840=ORIENTED_EDGE('',*,*,#5160,.T.);
#6841=ORIENTED_EDGE('',*,*,#5292,.F.);
#6842=ORIENTED_EDGE('',*,*,#5294,.F.);
#6843=ORIENTED_EDGE('',*,*,#5250,.T.);
#6844=ORIENTED_EDGE('',*,*,#5177,.T.);
#6845=ORIENTED_EDGE('',*,*,#5270,.F.);
#6846=ORIENTED_EDGE('',*,*,#5295,.F.);
#6847=ORIENTED_EDGE('',*,*,#5271,.T.);
#6848=ORIENTED_EDGE('',*,*,#5175,.T.);
#6849=ORIENTED_EDGE('',*,*,#5183,.F.);
#6850=ORIENTED_EDGE('',*,*,#5296,.F.);
#6851=ORIENTED_EDGE('',*,*,#5284,.T.);
#6852=ORIENTED_EDGE('',*,*,#5171,.T.);
#6853=ORIENTED_EDGE('',*,*,#5297,.F.);
#6854=ORIENTED_EDGE('',*,*,#5298,.F.);
#6855=ORIENTED_EDGE('',*,*,#5262,.T.);
#6856=ORIENTED_EDGE('',*,*,#5162,.T.);
#6857=ORIENTED_EDGE('',*,*,#5204,.F.);
#6858=ORIENTED_EDGE('',*,*,#5227,.T.);
#6859=ORIENTED_EDGE('',*,*,#5117,.T.);
#6860=ORIENTED_EDGE('',*,*,#5299,.F.);
#6861=ORIENTED_EDGE('',*,*,#5300,.F.);
#6862=ORIENTED_EDGE('',*,*,#5238,.T.);
#6863=ORIENTED_EDGE('',*,*,#5290,.F.);
#6864=ORIENTED_EDGE('',*,*,#5301,.F.);
#6865=ORIENTED_EDGE('',*,*,#5185,.T.);
#6866=ORIENTED_EDGE('',*,*,#5180,.T.);
#6867=ORIENTED_EDGE('',*,*,#5187,.F.);
#6868=ORIENTED_EDGE('',*,*,#5302,.F.);
#6869=ORIENTED_EDGE('',*,*,#5228,.T.);
#6870=ORIENTED_EDGE('',*,*,#5140,.T.);
#6871=ORIENTED_EDGE('',*,*,#5303,.F.);
#6872=ORIENTED_EDGE('',*,*,#5304,.F.);
#6873=ORIENTED_EDGE('',*,*,#5123,.T.);
#6874=ORIENTED_EDGE('',*,*,#5305,.T.);
#6875=ORIENTED_EDGE('',*,*,#5299,.T.);
#6876=ORIENTED_EDGE('',*,*,#5116,.T.);
#6877=ORIENTED_EDGE('',*,*,#5274,.F.);
#6878=ORIENTED_EDGE('',*,*,#5306,.F.);
#6879=ORIENTED_EDGE('',*,*,#5207,.T.);
#6880=ORIENTED_EDGE('',*,*,#5155,.T.);
#6881=ORIENTED_EDGE('',*,*,#5237,.F.);
#6882=ORIENTED_EDGE('',*,*,#5307,.F.);
#6883=ORIENTED_EDGE('',*,*,#5308,.T.);
#6884=ORIENTED_EDGE('',*,*,#5112,.F.);
#6885=ORIENTED_EDGE('',*,*,#5137,.F.);
#6886=ORIENTED_EDGE('',*,*,#5309,.T.);
#6887=ORIENTED_EDGE('',*,*,#5149,.F.);
#6888=ORIENTED_EDGE('',*,*,#5277,.T.);
#6889=ORIENTED_EDGE('',*,*,#5087,.T.);
#6890=ORIENTED_EDGE('',*,*,#5280,.F.);
#6891=ORIENTED_EDGE('',*,*,#5281,.F.);
#6892=ORIENTED_EDGE('',*,*,#5144,.F.);
#6893=ORIENTED_EDGE('',*,*,#5255,.T.);
#6894=ORIENTED_EDGE('',*,*,#5092,.T.);
#6895=ORIENTED_EDGE('',*,*,#5310,.F.);
#6896=ORIENTED_EDGE('',*,*,#5297,.T.);
#6897=ORIENTED_EDGE('',*,*,#5170,.T.);
#6898=ORIENTED_EDGE('',*,*,#5264,.F.);
#6899=ORIENTED_EDGE('',*,*,#5311,.T.);
#6900=ORIENTED_EDGE('',*,*,#5233,.T.);
#6901=ORIENTED_EDGE('',*,*,#5104,.F.);
#6902=ORIENTED_EDGE('',*,*,#5286,.F.);
#6903=ORIENTED_EDGE('',*,*,#5312,.F.);
#6904=ORIENTED_EDGE('',*,*,#5224,.T.);
#6905=ORIENTED_EDGE('',*,*,#5313,.T.);
#6906=ORIENTED_EDGE('',*,*,#5258,.F.);
#6907=ORIENTED_EDGE('',*,*,#5314,.F.);
#6908=ORIENTED_EDGE('',*,*,#5213,.T.);
#6909=ORIENTED_EDGE('',*,*,#5166,.T.);
#6910=ORIENTED_EDGE('',*,*,#5315,.F.);
#6911=ORIENTED_EDGE('',*,*,#5316,.F.);
#6912=ORIENTED_EDGE('',*,*,#5317,.F.);
#6913=ORIENTED_EDGE('',*,*,#5200,.T.);
#6914=ORIENTED_EDGE('',*,*,#5098,.T.);
#6915=ORIENTED_EDGE('',*,*,#5138,.T.);
#6916=ORIENTED_EDGE('',*,*,#5110,.F.);
#6917=ORIENTED_EDGE('',*,*,#5195,.F.);
#6918=ORIENTED_EDGE('',*,*,#5318,.T.);
#6919=ORIENTED_EDGE('',*,*,#5230,.F.);
#6920=ORIENTED_EDGE('',*,*,#5319,.F.);
#6921=ORIENTED_EDGE('',*,*,#5316,.T.);
#6922=ORIENTED_EDGE('',*,*,#5097,.T.);
#6923=ORIENTED_EDGE('',*,*,#5320,.F.);
#6924=ORIENTED_EDGE('',*,*,#5315,.T.);
#6925=ORIENTED_EDGE('',*,*,#5165,.T.);
#6926=ORIENTED_EDGE('',*,*,#5128,.F.);
#6927=ORIENTED_EDGE('',*,*,#5210,.T.);
#6928=ORIENTED_EDGE('',*,*,#5113,.T.);
#6929=ORIENTED_EDGE('',*,*,#5308,.F.);
#6930=ORIENTED_EDGE('',*,*,#5321,.F.);
#6931=ORIENTED_EDGE('',*,*,#5119,.T.);
#6932=ORIENTED_EDGE('',*,*,#5236,.T.);
#6933=ORIENTED_EDGE('',*,*,#5279,.T.);
#6934=ORIENTED_EDGE('',*,*,#5217,.T.);
#6935=ORIENTED_EDGE('',*,*,#5272,.T.);
#6936=ORIENTED_EDGE('',*,*,#5188,.T.);
#6937=ORIENTED_EDGE('',*,*,#5267,.T.);
#6938=ORIENTED_EDGE('',*,*,#5221,.T.);
#6939=ORIENTED_EDGE('',*,*,#5312,.T.);
#6940=ORIENTED_EDGE('',*,*,#5257,.T.);
#6941=ORIENTED_EDGE('',*,*,#5287,.T.);
#6942=ORIENTED_EDGE('',*,*,#5124,.T.);
#6943=ORIENTED_EDGE('',*,*,#5304,.T.);
#6944=ORIENTED_EDGE('',*,*,#5322,.T.);
#6945=ORIENTED_EDGE('',*,*,#5323,.T.);
#6946=ORIENTED_EDGE('',*,*,#5324,.T.);
#6947=ORIENTED_EDGE('',*,*,#5325,.T.);
#6948=ORIENTED_EDGE('',*,*,#5326,.T.);
#6949=ORIENTED_EDGE('',*,*,#5327,.T.);
#6950=ORIENTED_EDGE('',*,*,#5328,.T.);
#6951=ORIENTED_EDGE('',*,*,#5309,.F.);
#6952=ORIENTED_EDGE('',*,*,#5139,.F.);
#6953=ORIENTED_EDGE('',*,*,#5318,.F.);
#6954=ORIENTED_EDGE('',*,*,#5194,.F.);
#6955=ORIENTED_EDGE('',*,*,#5242,.F.);
#6956=ORIENTED_EDGE('',*,*,#5246,.F.);
#6957=ORIENTED_EDGE('',*,*,#5214,.F.);
#6958=ORIENTED_EDGE('',*,*,#5232,.F.);
#6959=ORIENTED_EDGE('',*,*,#5311,.F.);
#6960=ORIENTED_EDGE('',*,*,#5285,.F.);
#6961=ORIENTED_EDGE('',*,*,#5253,.F.);
#6962=ORIENTED_EDGE('',*,*,#5135,.F.);
#6963=ORIENTED_EDGE('',*,*,#5282,.T.);
#6964=ORIENTED_EDGE('',*,*,#5201,.T.);
#6965=ORIENTED_EDGE('',*,*,#5317,.T.);
#6966=ORIENTED_EDGE('',*,*,#5319,.T.);
#6967=ORIENTED_EDGE('',*,*,#5229,.T.);
#6968=ORIENTED_EDGE('',*,*,#5302,.T.);
#6969=ORIENTED_EDGE('',*,*,#5186,.T.);
#6970=ORIENTED_EDGE('',*,*,#5301,.T.);
#6971=ORIENTED_EDGE('',*,*,#5289,.T.);
#6972=ORIENTED_EDGE('',*,*,#5251,.T.);
#6973=ORIENTED_EDGE('',*,*,#5294,.T.);
#6974=ORIENTED_EDGE('',*,*,#5269,.T.);
#6975=ORIENTED_EDGE('',*,*,#5295,.T.);
#6976=ORIENTED_EDGE('',*,*,#5182,.T.);
#6977=ORIENTED_EDGE('',*,*,#5248,.T.);
#6978=ORIENTED_EDGE('',*,*,#5283,.T.);
#6979=ORIENTED_EDGE('',*,*,#5296,.T.);
#6980=ORIENTED_EDGE('',*,*,#5310,.T.);
#6981=ORIENTED_EDGE('',*,*,#5263,.T.);
#6982=ORIENTED_EDGE('',*,*,#5197,.T.);
#6983=ORIENTED_EDGE('',*,*,#5212,.T.);
#6984=ORIENTED_EDGE('',*,*,#5314,.T.);
#6985=ORIENTED_EDGE('',*,*,#5320,.T.);
#6986=ORIENTED_EDGE('',*,*,#5127,.T.);
#6987=ORIENTED_EDGE('',*,*,#5244,.T.);
#6988=ORIENTED_EDGE('',*,*,#5261,.T.);
#6989=ORIENTED_EDGE('',*,*,#5298,.T.);
#6990=ORIENTED_EDGE('',*,*,#5203,.T.);
#6991=ORIENTED_EDGE('',*,*,#5293,.T.);
#6992=ORIENTED_EDGE('',*,*,#5291,.T.);
#6993=ORIENTED_EDGE('',*,*,#5266,.T.);
#6994=ORIENTED_EDGE('',*,*,#5241,.T.);
#6995=ORIENTED_EDGE('',*,*,#5208,.T.);
#6996=ORIENTED_EDGE('',*,*,#5307,.T.);
#6997=ORIENTED_EDGE('',*,*,#5239,.T.);
#6998=ORIENTED_EDGE('',*,*,#5300,.T.);
#6999=ORIENTED_EDGE('',*,*,#5306,.T.);
#7000=ORIENTED_EDGE('',*,*,#5275,.T.);
#7001=ORIENTED_EDGE('',*,*,#5211,.T.);
#7002=ORIENTED_EDGE('',*,*,#5321,.T.);
#7003=ORIENTED_EDGE('',*,*,#5329,.F.);
#7004=ORIENTED_EDGE('',*,*,#5330,.T.);
#7005=ORIENTED_EDGE('',*,*,#5331,.F.);
#7006=ORIENTED_EDGE('',*,*,#5329,.T.);
#7007=ORIENTED_EDGE('',*,*,#5332,.F.);
#7008=ORIENTED_EDGE('',*,*,#5333,.T.);
#7009=ORIENTED_EDGE('',*,*,#5334,.F.);
#7010=ORIENTED_EDGE('',*,*,#5335,.T.);
#7011=ORIENTED_EDGE('',*,*,#5336,.F.);
#7012=ORIENTED_EDGE('',*,*,#5334,.T.);
#7013=ORIENTED_EDGE('',*,*,#5330,.F.);
#7014=ORIENTED_EDGE('',*,*,#5337,.T.);
#7015=ORIENTED_EDGE('',*,*,#5338,.F.);
#7016=ORIENTED_EDGE('',*,*,#5079,.T.);
#7017=ORIENTED_EDGE('',*,*,#5339,.F.);
#7018=ORIENTED_EDGE('',*,*,#5338,.T.);
#7019=ORIENTED_EDGE('',*,*,#5335,.F.);
#7020=ORIENTED_EDGE('',*,*,#5340,.T.);
#7021=ORIENTED_EDGE('',*,*,#5341,.T.);
#7022=ORIENTED_EDGE('',*,*,#5342,.F.);
#7023=ORIENTED_EDGE('',*,*,#5343,.F.);
#7024=ORIENTED_EDGE('',*,*,#5341,.F.);
#7025=ORIENTED_EDGE('',*,*,#5344,.T.);
#7026=ORIENTED_EDGE('',*,*,#5332,.T.);
#7027=ORIENTED_EDGE('',*,*,#5345,.T.);
#7028=ORIENTED_EDGE('',*,*,#5346,.F.);
#7029=ORIENTED_EDGE('',*,*,#5278,.F.);
#7030=ORIENTED_EDGE('',*,*,#5345,.F.);
#7031=ORIENTED_EDGE('',*,*,#5347,.T.);
#7032=ORIENTED_EDGE('',*,*,#5343,.T.);
#7033=ORIENTED_EDGE('',*,*,#5348,.F.);
#7034=ORIENTED_EDGE('',*,*,#5078,.T.);
#7035=ORIENTED_EDGE('',*,*,#5349,.F.);
#7036=ORIENTED_EDGE('',*,*,#5348,.T.);
#7037=ORIENTED_EDGE('',*,*,#5350,.F.);
#7038=ORIENTED_EDGE('',*,*,#5339,.T.);
#7039=ORIENTED_EDGE('',*,*,#5351,.F.);
#7040=ORIENTED_EDGE('',*,*,#5350,.T.);
#7041=ORIENTED_EDGE('',*,*,#5352,.F.);
#7042=ORIENTED_EDGE('',*,*,#5351,.T.);
#7043=ORIENTED_EDGE('',*,*,#5353,.F.);
#7044=ORIENTED_EDGE('',*,*,#5336,.T.);
#7045=ORIENTED_EDGE('',*,*,#5354,.F.);
#7046=ORIENTED_EDGE('',*,*,#5353,.T.);
#7047=ORIENTED_EDGE('',*,*,#5355,.F.);
#7048=ORIENTED_EDGE('',*,*,#5354,.T.);
#7049=ORIENTED_EDGE('',*,*,#5356,.F.);
#7050=ORIENTED_EDGE('',*,*,#5331,.T.);
#7051=ORIENTED_EDGE('',*,*,#5357,.T.);
#7052=ORIENTED_EDGE('',*,*,#5358,.F.);
#7053=ORIENTED_EDGE('',*,*,#5359,.F.);
#7054=ORIENTED_EDGE('',*,*,#5357,.F.);
#7055=ORIENTED_EDGE('',*,*,#5342,.T.);
#7056=ORIENTED_EDGE('',*,*,#5356,.T.);
#7057=ORIENTED_EDGE('',*,*,#5360,.T.);
#7058=ORIENTED_EDGE('',*,*,#5361,.F.);
#7059=ORIENTED_EDGE('',*,*,#5219,.F.);
#7060=ORIENTED_EDGE('',*,*,#5360,.F.);
#7061=ORIENTED_EDGE('',*,*,#5346,.T.);
#7062=ORIENTED_EDGE('',*,*,#5359,.T.);
#7063=ORIENTED_EDGE('',*,*,#5362,.F.);
#7064=ORIENTED_EDGE('',*,*,#5077,.T.);
#7065=ORIENTED_EDGE('',*,*,#5363,.F.);
#7066=ORIENTED_EDGE('',*,*,#5362,.T.);
#7067=ORIENTED_EDGE('',*,*,#5364,.F.);
#7068=ORIENTED_EDGE('',*,*,#5349,.T.);
#7069=ORIENTED_EDGE('',*,*,#5365,.F.);
#7070=ORIENTED_EDGE('',*,*,#5364,.T.);
#7071=ORIENTED_EDGE('',*,*,#5366,.F.);
#7072=ORIENTED_EDGE('',*,*,#5365,.T.);
#7073=ORIENTED_EDGE('',*,*,#5367,.F.);
#7074=ORIENTED_EDGE('',*,*,#5352,.T.);
#7075=ORIENTED_EDGE('',*,*,#5368,.F.);
#7076=ORIENTED_EDGE('',*,*,#5367,.T.);
#7077=ORIENTED_EDGE('',*,*,#5369,.F.);
#7078=ORIENTED_EDGE('',*,*,#5368,.T.);
#7079=ORIENTED_EDGE('',*,*,#5370,.F.);
#7080=ORIENTED_EDGE('',*,*,#5355,.T.);
#7081=ORIENTED_EDGE('',*,*,#5371,.F.);
#7082=ORIENTED_EDGE('',*,*,#5370,.T.);
#7083=ORIENTED_EDGE('',*,*,#5372,.F.);
#7084=ORIENTED_EDGE('',*,*,#5371,.T.);
#7085=ORIENTED_EDGE('',*,*,#5373,.F.);
#7086=ORIENTED_EDGE('',*,*,#5358,.T.);
#7087=ORIENTED_EDGE('',*,*,#5374,.F.);
#7088=ORIENTED_EDGE('',*,*,#5373,.T.);
#7089=ORIENTED_EDGE('',*,*,#5375,.F.);
#7090=ORIENTED_EDGE('',*,*,#5374,.T.);
#7091=ORIENTED_EDGE('',*,*,#5273,.F.);
#7092=ORIENTED_EDGE('',*,*,#5361,.T.);
#7093=ORIENTED_EDGE('',*,*,#5376,.F.);
#7094=ORIENTED_EDGE('',*,*,#5075,.T.);
#7095=ORIENTED_EDGE('',*,*,#5377,.T.);
#7096=ORIENTED_EDGE('',*,*,#5376,.T.);
#7097=ORIENTED_EDGE('',*,*,#5378,.F.);
#7098=ORIENTED_EDGE('',*,*,#5379,.T.);
#7099=ORIENTED_EDGE('',*,*,#5380,.F.);
#7100=ORIENTED_EDGE('',*,*,#5378,.T.);
#7101=ORIENTED_EDGE('',*,*,#5381,.T.);
#7102=ORIENTED_EDGE('',*,*,#5380,.T.);
#7103=ORIENTED_EDGE('',*,*,#5382,.F.);
#7104=ORIENTED_EDGE('',*,*,#5383,.T.);
#7105=ORIENTED_EDGE('',*,*,#5384,.F.);
#7106=ORIENTED_EDGE('',*,*,#5382,.T.);
#7107=ORIENTED_EDGE('',*,*,#5385,.T.);
#7108=ORIENTED_EDGE('',*,*,#5384,.T.);
#7109=ORIENTED_EDGE('',*,*,#5386,.F.);
#7110=ORIENTED_EDGE('',*,*,#5387,.T.);
#7111=ORIENTED_EDGE('',*,*,#5388,.F.);
#7112=ORIENTED_EDGE('',*,*,#5386,.T.);
#7113=ORIENTED_EDGE('',*,*,#5389,.T.);
#7114=ORIENTED_EDGE('',*,*,#5388,.T.);
#7115=ORIENTED_EDGE('',*,*,#5390,.F.);
#7116=ORIENTED_EDGE('',*,*,#5391,.T.);
#7117=ORIENTED_EDGE('',*,*,#5392,.F.);
#7118=ORIENTED_EDGE('',*,*,#5390,.T.);
#7119=ORIENTED_EDGE('',*,*,#5393,.T.);
#7120=ORIENTED_EDGE('',*,*,#5392,.T.);
#7121=ORIENTED_EDGE('',*,*,#5268,.F.);
#7122=ORIENTED_EDGE('',*,*,#5394,.T.);
#7123=ORIENTED_EDGE('',*,*,#5395,.F.);
#7124=ORIENTED_EDGE('',*,*,#5076,.T.);
#7125=ORIENTED_EDGE('',*,*,#5379,.F.);
#7126=ORIENTED_EDGE('',*,*,#5395,.T.);
#7127=ORIENTED_EDGE('',*,*,#5396,.F.);
#7128=ORIENTED_EDGE('',*,*,#5363,.T.);
#7129=ORIENTED_EDGE('',*,*,#5397,.F.);
#7130=ORIENTED_EDGE('',*,*,#5396,.T.);
#7131=ORIENTED_EDGE('',*,*,#5383,.F.);
#7132=ORIENTED_EDGE('',*,*,#5397,.T.);
#7133=ORIENTED_EDGE('',*,*,#5398,.F.);
#7134=ORIENTED_EDGE('',*,*,#5366,.T.);
#7135=ORIENTED_EDGE('',*,*,#5399,.F.);
#7136=ORIENTED_EDGE('',*,*,#5398,.T.);
#7137=ORIENTED_EDGE('',*,*,#5387,.F.);
#7138=ORIENTED_EDGE('',*,*,#5399,.T.);
#7139=ORIENTED_EDGE('',*,*,#5400,.F.);
#7140=ORIENTED_EDGE('',*,*,#5369,.T.);
#7141=ORIENTED_EDGE('',*,*,#5401,.F.);
#7142=ORIENTED_EDGE('',*,*,#5400,.T.);
#7143=ORIENTED_EDGE('',*,*,#5391,.F.);
#7144=ORIENTED_EDGE('',*,*,#5401,.T.);
#7145=ORIENTED_EDGE('',*,*,#5402,.F.);
#7146=ORIENTED_EDGE('',*,*,#5372,.T.);
#7147=ORIENTED_EDGE('',*,*,#5403,.F.);
#7148=ORIENTED_EDGE('',*,*,#5402,.T.);
#7149=ORIENTED_EDGE('',*,*,#5394,.F.);
#7150=ORIENTED_EDGE('',*,*,#5403,.T.);
#7151=ORIENTED_EDGE('',*,*,#5190,.F.);
#7152=ORIENTED_EDGE('',*,*,#5375,.T.);
#7153=ORIENTED_EDGE('',*,*,#5404,.F.);
#7154=ORIENTED_EDGE('',*,*,#5074,.T.);
#7155=ORIENTED_EDGE('',*,*,#5405,.T.);
#7156=ORIENTED_EDGE('',*,*,#5404,.T.);
#7157=ORIENTED_EDGE('',*,*,#5406,.F.);
#7158=ORIENTED_EDGE('',*,*,#5377,.F.);
#7159=ORIENTED_EDGE('',*,*,#5407,.F.);
#7160=ORIENTED_EDGE('',*,*,#5406,.T.);
#7161=ORIENTED_EDGE('',*,*,#5408,.T.);
#7162=ORIENTED_EDGE('',*,*,#5407,.T.);
#7163=ORIENTED_EDGE('',*,*,#5409,.F.);
#7164=ORIENTED_EDGE('',*,*,#5381,.F.);
#7165=ORIENTED_EDGE('',*,*,#5410,.F.);
#7166=ORIENTED_EDGE('',*,*,#5409,.T.);
#7167=ORIENTED_EDGE('',*,*,#5411,.T.);
#7168=ORIENTED_EDGE('',*,*,#5410,.T.);
#7169=ORIENTED_EDGE('',*,*,#5412,.F.);
#7170=ORIENTED_EDGE('',*,*,#5385,.F.);
#7171=ORIENTED_EDGE('',*,*,#5413,.F.);
#7172=ORIENTED_EDGE('',*,*,#5412,.T.);
#7173=ORIENTED_EDGE('',*,*,#5414,.T.);
#7174=ORIENTED_EDGE('',*,*,#5413,.T.);
#7175=ORIENTED_EDGE('',*,*,#5415,.F.);
#7176=ORIENTED_EDGE('',*,*,#5389,.F.);
#7177=ORIENTED_EDGE('',*,*,#5416,.F.);
#7178=ORIENTED_EDGE('',*,*,#5415,.T.);
#7179=ORIENTED_EDGE('',*,*,#5417,.T.);
#7180=ORIENTED_EDGE('',*,*,#5416,.T.);
#7181=ORIENTED_EDGE('',*,*,#5223,.F.);
#7182=ORIENTED_EDGE('',*,*,#5393,.F.);
#7183=ORIENTED_EDGE('',*,*,#5418,.T.);
#7184=ORIENTED_EDGE('',*,*,#5419,.T.);
#7185=ORIENTED_EDGE('',*,*,#5420,.F.);
#7186=ORIENTED_EDGE('',*,*,#5418,.F.);
#7187=ORIENTED_EDGE('',*,*,#5405,.F.);
#7188=ORIENTED_EDGE('',*,*,#5073,.T.);
#7189=ORIENTED_EDGE('',*,*,#5421,.T.);
#7190=ORIENTED_EDGE('',*,*,#5422,.T.);
#7191=ORIENTED_EDGE('',*,*,#5423,.F.);
#7192=ORIENTED_EDGE('',*,*,#5421,.F.);
#7193=ORIENTED_EDGE('',*,*,#5408,.F.);
#7194=ORIENTED_EDGE('',*,*,#5420,.T.);
#7195=ORIENTED_EDGE('',*,*,#5424,.T.);
#7196=ORIENTED_EDGE('',*,*,#5425,.T.);
#7197=ORIENTED_EDGE('',*,*,#5426,.F.);
#7198=ORIENTED_EDGE('',*,*,#5424,.F.);
#7199=ORIENTED_EDGE('',*,*,#5411,.F.);
#7200=ORIENTED_EDGE('',*,*,#5423,.T.);
#7201=ORIENTED_EDGE('',*,*,#5427,.F.);
#7202=ORIENTED_EDGE('',*,*,#5426,.T.);
#7203=ORIENTED_EDGE('',*,*,#5428,.T.);
#7204=ORIENTED_EDGE('',*,*,#5427,.T.);
#7205=ORIENTED_EDGE('',*,*,#5429,.F.);
#7206=ORIENTED_EDGE('',*,*,#5414,.F.);
#7207=ORIENTED_EDGE('',*,*,#5430,.F.);
#7208=ORIENTED_EDGE('',*,*,#5429,.T.);
#7209=ORIENTED_EDGE('',*,*,#5431,.T.);
#7210=ORIENTED_EDGE('',*,*,#5430,.T.);
#7211=ORIENTED_EDGE('',*,*,#5313,.F.);
#7212=ORIENTED_EDGE('',*,*,#5417,.F.);
#7213=ORIENTED_EDGE('',*,*,#5326,.F.);
#7214=ORIENTED_EDGE('',*,*,#5432,.T.);
#7215=ORIENTED_EDGE('',*,*,#5433,.F.);
#7216=ORIENTED_EDGE('',*,*,#5434,.F.);
#7217=ORIENTED_EDGE('',*,*,#5327,.F.);
#7218=ORIENTED_EDGE('',*,*,#5434,.T.);
#7219=ORIENTED_EDGE('',*,*,#5435,.F.);
#7220=ORIENTED_EDGE('',*,*,#5436,.F.);
#7221=ORIENTED_EDGE('',*,*,#5328,.F.);
#7222=ORIENTED_EDGE('',*,*,#5436,.T.);
#7223=ORIENTED_EDGE('',*,*,#5437,.F.);
#7224=ORIENTED_EDGE('',*,*,#5120,.F.);
#7225=ORIENTED_EDGE('',*,*,#5438,.F.);
#7226=ORIENTED_EDGE('',*,*,#5439,.T.);
#7227=ORIENTED_EDGE('',*,*,#5081,.T.);
#7228=ORIENTED_EDGE('',*,*,#5440,.F.);
#7229=ORIENTED_EDGE('',*,*,#5441,.F.);
#7230=ORIENTED_EDGE('',*,*,#5442,.T.);
#7231=ORIENTED_EDGE('',*,*,#5438,.T.);
#7232=ORIENTED_EDGE('',*,*,#5443,.F.);
#7233=ORIENTED_EDGE('',*,*,#5444,.F.);
#7234=ORIENTED_EDGE('',*,*,#5445,.T.);
#7235=ORIENTED_EDGE('',*,*,#5441,.T.);
#7236=ORIENTED_EDGE('',*,*,#5446,.F.);
#7237=ORIENTED_EDGE('',*,*,#5447,.T.);
#7238=ORIENTED_EDGE('',*,*,#5444,.T.);
#7239=ORIENTED_EDGE('',*,*,#5448,.F.);
#7240=ORIENTED_EDGE('',*,*,#5449,.F.);
#7241=ORIENTED_EDGE('',*,*,#5450,.T.);
#7242=ORIENTED_EDGE('',*,*,#5449,.T.);
#7243=ORIENTED_EDGE('',*,*,#5451,.F.);
#7244=ORIENTED_EDGE('',*,*,#5121,.F.);
#7245=ORIENTED_EDGE('',*,*,#5452,.T.);
#7246=ORIENTED_EDGE('',*,*,#5080,.T.);
#7247=ORIENTED_EDGE('',*,*,#5340,.F.);
#7248=ORIENTED_EDGE('',*,*,#5452,.F.);
#7249=ORIENTED_EDGE('',*,*,#5453,.F.);
#7250=ORIENTED_EDGE('',*,*,#5440,.T.);
#7251=ORIENTED_EDGE('',*,*,#5454,.T.);
#7252=ORIENTED_EDGE('',*,*,#5453,.T.);
#7253=ORIENTED_EDGE('',*,*,#5337,.F.);
#7254=ORIENTED_EDGE('',*,*,#5454,.F.);
#7255=ORIENTED_EDGE('',*,*,#5455,.F.);
#7256=ORIENTED_EDGE('',*,*,#5443,.T.);
#7257=ORIENTED_EDGE('',*,*,#5456,.F.);
#7258=ORIENTED_EDGE('',*,*,#5455,.T.);
#7259=ORIENTED_EDGE('',*,*,#5333,.F.);
#7260=ORIENTED_EDGE('',*,*,#5456,.T.);
#7261=ORIENTED_EDGE('',*,*,#5457,.F.);
#7262=ORIENTED_EDGE('',*,*,#5446,.T.);
#7263=ORIENTED_EDGE('',*,*,#5458,.T.);
#7264=ORIENTED_EDGE('',*,*,#5344,.F.);
#7265=ORIENTED_EDGE('',*,*,#5459,.F.);
#7266=ORIENTED_EDGE('',*,*,#5458,.F.);
#7267=ORIENTED_EDGE('',*,*,#5448,.T.);
#7268=ORIENTED_EDGE('',*,*,#5457,.T.);
#7269=ORIENTED_EDGE('',*,*,#5460,.T.);
#7270=ORIENTED_EDGE('',*,*,#5347,.F.);
#7271=ORIENTED_EDGE('',*,*,#5234,.F.);
#7272=ORIENTED_EDGE('',*,*,#5460,.F.);
#7273=ORIENTED_EDGE('',*,*,#5451,.T.);
#7274=ORIENTED_EDGE('',*,*,#5459,.T.);
#7275=ORIENTED_EDGE('',*,*,#5461,.F.);
#7276=ORIENTED_EDGE('',*,*,#5066,.T.);
#7277=ORIENTED_EDGE('',*,*,#5462,.F.);
#7278=ORIENTED_EDGE('',*,*,#5064,.F.);
#7279=ORIENTED_EDGE('',*,*,#5463,.T.);
#7280=ORIENTED_EDGE('',*,*,#5056,.T.);
#7281=ORIENTED_EDGE('',*,*,#5464,.F.);
#7282=ORIENTED_EDGE('',*,*,#5465,.F.);
#7283=ORIENTED_EDGE('',*,*,#5464,.T.);
#7284=ORIENTED_EDGE('',*,*,#5059,.T.);
#7285=ORIENTED_EDGE('',*,*,#5466,.F.);
#7286=ORIENTED_EDGE('',*,*,#5467,.F.);
#7287=ORIENTED_EDGE('',*,*,#5466,.T.);
#7288=ORIENTED_EDGE('',*,*,#5062,.T.);
#7289=ORIENTED_EDGE('',*,*,#5468,.F.);
#7290=ORIENTED_EDGE('',*,*,#5469,.F.);
#7291=ORIENTED_EDGE('',*,*,#5470,.F.);
#7292=ORIENTED_EDGE('',*,*,#5468,.T.);
#7293=ORIENTED_EDGE('',*,*,#5065,.T.);
#7294=ORIENTED_EDGE('',*,*,#5471,.F.);
#7295=ORIENTED_EDGE('',*,*,#5472,.F.);
#7296=ORIENTED_EDGE('',*,*,#5471,.T.);
#7297=ORIENTED_EDGE('',*,*,#5462,.T.);
#7298=ORIENTED_EDGE('',*,*,#5082,.F.);
#7299=ORIENTED_EDGE('',*,*,#5473,.F.);
#7300=ORIENTED_EDGE('',*,*,#5474,.T.);
#7301=ORIENTED_EDGE('',*,*,#5475,.F.);
#7302=ORIENTED_EDGE('',*,*,#5476,.F.);
#7303=ORIENTED_EDGE('',*,*,#5477,.F.);
#7304=ORIENTED_EDGE('',*,*,#5476,.T.);
#7305=ORIENTED_EDGE('',*,*,#5478,.F.);
#7306=ORIENTED_EDGE('',*,*,#5479,.F.);
#7307=ORIENTED_EDGE('',*,*,#5480,.F.);
#7308=ORIENTED_EDGE('',*,*,#5479,.T.);
#7309=ORIENTED_EDGE('',*,*,#5481,.F.);
#7310=ORIENTED_EDGE('',*,*,#5482,.F.);
#7311=ORIENTED_EDGE('',*,*,#5483,.F.);
#7312=ORIENTED_EDGE('',*,*,#5482,.T.);
#7313=ORIENTED_EDGE('',*,*,#5484,.F.);
#7314=ORIENTED_EDGE('',*,*,#5485,.F.);
#7315=ORIENTED_EDGE('',*,*,#5486,.F.);
#7316=ORIENTED_EDGE('',*,*,#5485,.T.);
#7317=ORIENTED_EDGE('',*,*,#5487,.F.);
#7318=ORIENTED_EDGE('',*,*,#5068,.F.);
#7319=ORIENTED_EDGE('',*,*,#5488,.T.);
#7320=ORIENTED_EDGE('',*,*,#5305,.F.);
#7321=ORIENTED_EDGE('',*,*,#5489,.F.);
#7322=ORIENTED_EDGE('',*,*,#5488,.F.);
#7323=ORIENTED_EDGE('',*,*,#5490,.T.);
#7324=ORIENTED_EDGE('',*,*,#5475,.T.);
#7325=ORIENTED_EDGE('',*,*,#5491,.T.);
#7326=ORIENTED_EDGE('',*,*,#5490,.F.);
#7327=ORIENTED_EDGE('',*,*,#5492,.F.);
#7328=ORIENTED_EDGE('',*,*,#5491,.F.);
#7329=ORIENTED_EDGE('',*,*,#5493,.T.);
#7330=ORIENTED_EDGE('',*,*,#5478,.T.);
#7331=ORIENTED_EDGE('',*,*,#5494,.T.);
#7332=ORIENTED_EDGE('',*,*,#5481,.T.);
#7333=ORIENTED_EDGE('',*,*,#5493,.F.);
#7334=ORIENTED_EDGE('',*,*,#5494,.F.);
#7335=ORIENTED_EDGE('',*,*,#5495,.F.);
#7336=ORIENTED_EDGE('',*,*,#5496,.T.);
#7337=ORIENTED_EDGE('',*,*,#5497,.F.);
#7338=ORIENTED_EDGE('',*,*,#5484,.T.);
#7339=ORIENTED_EDGE('',*,*,#5496,.F.);
#7340=ORIENTED_EDGE('',*,*,#5497,.T.);
#7341=ORIENTED_EDGE('',*,*,#5498,.F.);
#7342=ORIENTED_EDGE('',*,*,#5499,.T.);
#7343=ORIENTED_EDGE('',*,*,#5500,.F.);
#7344=ORIENTED_EDGE('',*,*,#5487,.T.);
#7345=ORIENTED_EDGE('',*,*,#5499,.F.);
#7346=ORIENTED_EDGE('',*,*,#5500,.T.);
#7347=ORIENTED_EDGE('',*,*,#5501,.F.);
#7348=ORIENTED_EDGE('',*,*,#5069,.T.);
#7349=ORIENTED_EDGE('',*,*,#5502,.T.);
#7350=ORIENTED_EDGE('',*,*,#5126,.F.);
#7351=ORIENTED_EDGE('',*,*,#5503,.F.);
#7352=ORIENTED_EDGE('',*,*,#5502,.F.);
#7353=ORIENTED_EDGE('',*,*,#5504,.T.);
#7354=ORIENTED_EDGE('',*,*,#5489,.T.);
#7355=ORIENTED_EDGE('',*,*,#5505,.T.);
#7356=ORIENTED_EDGE('',*,*,#5504,.F.);
#7357=ORIENTED_EDGE('',*,*,#5506,.F.);
#7358=ORIENTED_EDGE('',*,*,#5505,.F.);
#7359=ORIENTED_EDGE('',*,*,#5507,.T.);
#7360=ORIENTED_EDGE('',*,*,#5492,.T.);
#7361=ORIENTED_EDGE('',*,*,#5508,.T.);
#7362=ORIENTED_EDGE('',*,*,#5495,.T.);
#7363=ORIENTED_EDGE('',*,*,#5507,.F.);
#7364=ORIENTED_EDGE('',*,*,#5508,.F.);
#7365=ORIENTED_EDGE('',*,*,#5509,.F.);
#7366=ORIENTED_EDGE('',*,*,#5510,.T.);
#7367=ORIENTED_EDGE('',*,*,#5511,.T.);
#7368=ORIENTED_EDGE('',*,*,#5498,.T.);
#7369=ORIENTED_EDGE('',*,*,#5510,.F.);
#7370=ORIENTED_EDGE('',*,*,#5511,.F.);
#7371=ORIENTED_EDGE('',*,*,#5512,.F.);
#7372=ORIENTED_EDGE('',*,*,#5513,.T.);
#7373=ORIENTED_EDGE('',*,*,#5514,.T.);
#7374=ORIENTED_EDGE('',*,*,#5501,.T.);
#7375=ORIENTED_EDGE('',*,*,#5513,.F.);
#7376=ORIENTED_EDGE('',*,*,#5514,.F.);
#7377=ORIENTED_EDGE('',*,*,#5515,.F.);
#7378=ORIENTED_EDGE('',*,*,#5070,.T.);
#7379=ORIENTED_EDGE('',*,*,#5516,.T.);
#7380=ORIENTED_EDGE('',*,*,#5288,.F.);
#7381=ORIENTED_EDGE('',*,*,#5517,.F.);
#7382=ORIENTED_EDGE('',*,*,#5516,.F.);
#7383=ORIENTED_EDGE('',*,*,#5518,.T.);
#7384=ORIENTED_EDGE('',*,*,#5503,.T.);
#7385=ORIENTED_EDGE('',*,*,#5519,.T.);
#7386=ORIENTED_EDGE('',*,*,#5518,.F.);
#7387=ORIENTED_EDGE('',*,*,#5520,.F.);
#7388=ORIENTED_EDGE('',*,*,#5519,.F.);
#7389=ORIENTED_EDGE('',*,*,#5521,.T.);
#7390=ORIENTED_EDGE('',*,*,#5506,.T.);
#7391=ORIENTED_EDGE('',*,*,#5522,.T.);
#7392=ORIENTED_EDGE('',*,*,#5509,.T.);
#7393=ORIENTED_EDGE('',*,*,#5521,.F.);
#7394=ORIENTED_EDGE('',*,*,#5522,.F.);
#7395=ORIENTED_EDGE('',*,*,#5523,.F.);
#7396=ORIENTED_EDGE('',*,*,#5524,.T.);
#7397=ORIENTED_EDGE('',*,*,#5525,.T.);
#7398=ORIENTED_EDGE('',*,*,#5512,.T.);
#7399=ORIENTED_EDGE('',*,*,#5524,.F.);
#7400=ORIENTED_EDGE('',*,*,#5525,.F.);
#7401=ORIENTED_EDGE('',*,*,#5526,.F.);
#7402=ORIENTED_EDGE('',*,*,#5527,.T.);
#7403=ORIENTED_EDGE('',*,*,#5528,.T.);
#7404=ORIENTED_EDGE('',*,*,#5515,.T.);
#7405=ORIENTED_EDGE('',*,*,#5527,.F.);
#7406=ORIENTED_EDGE('',*,*,#5528,.F.);
#7407=ORIENTED_EDGE('',*,*,#5529,.F.);
#7408=ORIENTED_EDGE('',*,*,#5071,.T.);
#7409=ORIENTED_EDGE('',*,*,#5530,.F.);
#7410=ORIENTED_EDGE('',*,*,#5531,.T.);
#7411=ORIENTED_EDGE('',*,*,#5517,.T.);
#7412=ORIENTED_EDGE('',*,*,#5530,.T.);
#7413=ORIENTED_EDGE('',*,*,#5259,.F.);
#7414=ORIENTED_EDGE('',*,*,#5431,.F.);
#7415=ORIENTED_EDGE('',*,*,#5532,.F.);
#7416=ORIENTED_EDGE('',*,*,#5533,.T.);
#7417=ORIENTED_EDGE('',*,*,#5520,.T.);
#7418=ORIENTED_EDGE('',*,*,#5532,.T.);
#7419=ORIENTED_EDGE('',*,*,#5531,.F.);
#7420=ORIENTED_EDGE('',*,*,#5428,.F.);
#7421=ORIENTED_EDGE('',*,*,#5534,.T.);
#7422=ORIENTED_EDGE('',*,*,#5523,.T.);
#7423=ORIENTED_EDGE('',*,*,#5533,.F.);
#7424=ORIENTED_EDGE('',*,*,#5534,.F.);
#7425=ORIENTED_EDGE('',*,*,#5425,.F.);
#7426=ORIENTED_EDGE('',*,*,#5535,.T.);
#7427=ORIENTED_EDGE('',*,*,#5536,.T.);
#7428=ORIENTED_EDGE('',*,*,#5526,.T.);
#7429=ORIENTED_EDGE('',*,*,#5535,.F.);
#7430=ORIENTED_EDGE('',*,*,#5536,.F.);
#7431=ORIENTED_EDGE('',*,*,#5422,.F.);
#7432=ORIENTED_EDGE('',*,*,#5537,.T.);
#7433=ORIENTED_EDGE('',*,*,#5538,.T.);
#7434=ORIENTED_EDGE('',*,*,#5529,.T.);
#7435=ORIENTED_EDGE('',*,*,#5537,.F.);
#7436=ORIENTED_EDGE('',*,*,#5538,.F.);
#7437=ORIENTED_EDGE('',*,*,#5419,.F.);
#7438=ORIENTED_EDGE('',*,*,#5072,.T.);
#7439=ORIENTED_EDGE('',*,*,#5539,.T.);
#7440=ORIENTED_EDGE('',*,*,#5540,.F.);
#7441=ORIENTED_EDGE('',*,*,#5450,.F.);
#7442=ORIENTED_EDGE('',*,*,#5539,.F.);
#7443=ORIENTED_EDGE('',*,*,#5437,.T.);
#7444=ORIENTED_EDGE('',*,*,#5541,.T.);
#7445=ORIENTED_EDGE('',*,*,#5542,.T.);
#7446=ORIENTED_EDGE('',*,*,#5543,.F.);
#7447=ORIENTED_EDGE('',*,*,#5544,.F.);
#7448=ORIENTED_EDGE('',*,*,#5542,.F.);
#7449=ORIENTED_EDGE('',*,*,#5545,.T.);
#7450=ORIENTED_EDGE('',*,*,#5546,.T.);
#7451=ORIENTED_EDGE('',*,*,#5547,.T.);
#7452=ORIENTED_EDGE('',*,*,#5545,.F.);
#7453=ORIENTED_EDGE('',*,*,#5541,.F.);
#7454=ORIENTED_EDGE('',*,*,#5547,.F.);
#7455=ORIENTED_EDGE('',*,*,#5435,.T.);
#7456=ORIENTED_EDGE('',*,*,#5548,.T.);
#7457=ORIENTED_EDGE('',*,*,#5549,.T.);
#7458=ORIENTED_EDGE('',*,*,#5550,.F.);
#7459=ORIENTED_EDGE('',*,*,#5546,.F.);
#7460=ORIENTED_EDGE('',*,*,#5549,.F.);
#7461=ORIENTED_EDGE('',*,*,#5551,.T.);
#7462=ORIENTED_EDGE('',*,*,#5552,.T.);
#7463=ORIENTED_EDGE('',*,*,#5553,.T.);
#7464=ORIENTED_EDGE('',*,*,#5551,.F.);
#7465=ORIENTED_EDGE('',*,*,#5548,.F.);
#7466=ORIENTED_EDGE('',*,*,#5553,.F.);
#7467=ORIENTED_EDGE('',*,*,#5433,.T.);
#7468=ORIENTED_EDGE('',*,*,#5554,.T.);
#7469=ORIENTED_EDGE('',*,*,#5555,.T.);
#7470=ORIENTED_EDGE('',*,*,#5556,.F.);
#7471=ORIENTED_EDGE('',*,*,#5552,.F.);
#7472=ORIENTED_EDGE('',*,*,#5555,.F.);
#7473=ORIENTED_EDGE('',*,*,#5557,.T.);
#7474=ORIENTED_EDGE('',*,*,#5558,.T.);
#7475=ORIENTED_EDGE('',*,*,#5559,.T.);
#7476=ORIENTED_EDGE('',*,*,#5557,.F.);
#7477=ORIENTED_EDGE('',*,*,#5554,.F.);
#7478=ORIENTED_EDGE('',*,*,#5559,.F.);
#7479=ORIENTED_EDGE('',*,*,#5560,.T.);
#7480=ORIENTED_EDGE('',*,*,#5561,.T.);
#7481=ORIENTED_EDGE('',*,*,#5562,.T.);
#7482=ORIENTED_EDGE('',*,*,#5563,.F.);
#7483=ORIENTED_EDGE('',*,*,#5558,.F.);
#7484=ORIENTED_EDGE('',*,*,#5562,.F.);
#7485=ORIENTED_EDGE('',*,*,#5564,.T.);
#7486=ORIENTED_EDGE('',*,*,#5467,.T.);
#7487=ORIENTED_EDGE('',*,*,#5565,.T.);
#7488=ORIENTED_EDGE('',*,*,#5564,.F.);
#7489=ORIENTED_EDGE('',*,*,#5561,.F.);
#7490=ORIENTED_EDGE('',*,*,#5565,.F.);
#7491=ORIENTED_EDGE('',*,*,#5566,.T.);
#7492=ORIENTED_EDGE('',*,*,#5465,.T.);
#7493=ORIENTED_EDGE('',*,*,#5567,.F.);
#7494=ORIENTED_EDGE('',*,*,#5568,.T.);
#7495=ORIENTED_EDGE('',*,*,#5569,.F.);
#7496=ORIENTED_EDGE('',*,*,#5567,.T.);
#7497=ORIENTED_EDGE('',*,*,#5570,.F.);
#7498=ORIENTED_EDGE('',*,*,#5571,.T.);
#7499=ORIENTED_EDGE('',*,*,#5572,.F.);
#7500=ORIENTED_EDGE('',*,*,#5570,.T.);
#7501=ORIENTED_EDGE('',*,*,#5573,.F.);
#7502=ORIENTED_EDGE('',*,*,#5572,.T.);
#7503=ORIENTED_EDGE('',*,*,#5574,.F.);
#7504=ORIENTED_EDGE('',*,*,#5575,.T.);
#7505=ORIENTED_EDGE('',*,*,#5576,.F.);
#7506=ORIENTED_EDGE('',*,*,#5577,.T.);
#7507=ORIENTED_EDGE('',*,*,#5575,.F.);
#7508=ORIENTED_EDGE('',*,*,#5576,.T.);
#7509=ORIENTED_EDGE('',*,*,#5578,.F.);
#7510=ORIENTED_EDGE('',*,*,#5543,.T.);
#7511=ORIENTED_EDGE('',*,*,#5579,.F.);
#7512=ORIENTED_EDGE('',*,*,#5580,.T.);
#7513=ORIENTED_EDGE('',*,*,#5571,.F.);
#7514=ORIENTED_EDGE('',*,*,#5579,.T.);
#7515=ORIENTED_EDGE('',*,*,#5577,.F.);
#7516=ORIENTED_EDGE('',*,*,#5550,.T.);
#7517=ORIENTED_EDGE('',*,*,#5439,.F.);
#7518=ORIENTED_EDGE('',*,*,#5581,.T.);
#7519=ORIENTED_EDGE('',*,*,#5582,.T.);
#7520=ORIENTED_EDGE('',*,*,#5583,.F.);
#7521=ORIENTED_EDGE('',*,*,#5574,.T.);
#7522=ORIENTED_EDGE('',*,*,#5581,.F.);
#7523=ORIENTED_EDGE('',*,*,#5583,.T.);
#7524=ORIENTED_EDGE('',*,*,#5442,.F.);
#7525=ORIENTED_EDGE('',*,*,#5584,.T.);
#7526=ORIENTED_EDGE('',*,*,#5582,.F.);
#7527=ORIENTED_EDGE('',*,*,#5573,.T.);
#7528=ORIENTED_EDGE('',*,*,#5585,.T.);
#7529=ORIENTED_EDGE('',*,*,#5586,.F.);
#7530=ORIENTED_EDGE('',*,*,#5587,.T.);
#7531=ORIENTED_EDGE('',*,*,#5588,.T.);
#7532=ORIENTED_EDGE('',*,*,#5589,.F.);
#7533=ORIENTED_EDGE('',*,*,#5590,.T.);
#7534=ORIENTED_EDGE('',*,*,#5587,.F.);
#7535=ORIENTED_EDGE('',*,*,#5589,.T.);
#7536=ORIENTED_EDGE('',*,*,#5568,.F.);
#7537=ORIENTED_EDGE('',*,*,#5591,.T.);
#7538=ORIENTED_EDGE('',*,*,#5592,.T.);
#7539=ORIENTED_EDGE('',*,*,#5593,.T.);
#7540=ORIENTED_EDGE('',*,*,#5591,.F.);
#7541=ORIENTED_EDGE('',*,*,#5592,.F.);
#7542=ORIENTED_EDGE('',*,*,#5580,.F.);
#7543=ORIENTED_EDGE('',*,*,#5556,.T.);
#7544=ORIENTED_EDGE('',*,*,#5588,.F.);
#7545=ORIENTED_EDGE('',*,*,#5594,.T.);
#7546=ORIENTED_EDGE('',*,*,#5472,.T.);
#7547=ORIENTED_EDGE('',*,*,#5595,.T.);
#7548=ORIENTED_EDGE('',*,*,#5470,.T.);
#7549=ORIENTED_EDGE('',*,*,#5594,.F.);
#7550=ORIENTED_EDGE('',*,*,#5595,.F.);
#7551=ORIENTED_EDGE('',*,*,#5590,.F.);
#7552=ORIENTED_EDGE('',*,*,#5596,.T.);
#7553=ORIENTED_EDGE('',*,*,#5597,.T.);
#7554=ORIENTED_EDGE('',*,*,#5596,.F.);
#7555=ORIENTED_EDGE('',*,*,#5593,.F.);
#7556=ORIENTED_EDGE('',*,*,#5597,.F.);
#7557=ORIENTED_EDGE('',*,*,#5563,.T.);
#7558=ORIENTED_EDGE('',*,*,#5469,.T.);
#7559=ORIENTED_EDGE('',*,*,#5598,.T.);
#7560=ORIENTED_EDGE('',*,*,#5584,.F.);
#7561=ORIENTED_EDGE('',*,*,#5445,.F.);
#7562=ORIENTED_EDGE('',*,*,#5598,.F.);
#7563=ORIENTED_EDGE('',*,*,#5599,.T.);
#7564=ORIENTED_EDGE('',*,*,#5578,.T.);
#7565=ORIENTED_EDGE('',*,*,#5600,.T.);
#7566=ORIENTED_EDGE('',*,*,#5599,.F.);
#7567=ORIENTED_EDGE('',*,*,#5447,.F.);
#7568=ORIENTED_EDGE('',*,*,#5600,.F.);
#7569=ORIENTED_EDGE('',*,*,#5540,.T.);
#7570=ORIENTED_EDGE('',*,*,#5544,.T.);
#7571=ORIENTED_EDGE('',*,*,#5585,.F.);
#7572=ORIENTED_EDGE('',*,*,#5569,.T.);
#7573=ORIENTED_EDGE('',*,*,#5586,.T.);
#7574=ORIENTED_EDGE('',*,*,#5322,.F.);
#7575=ORIENTED_EDGE('',*,*,#5303,.T.);
#7576=ORIENTED_EDGE('',*,*,#5474,.F.);
#7577=ORIENTED_EDGE('',*,*,#5601,.F.);
#7578=ORIENTED_EDGE('',*,*,#5323,.F.);
#7579=ORIENTED_EDGE('',*,*,#5601,.T.);
#7580=ORIENTED_EDGE('',*,*,#5473,.T.);
#7581=ORIENTED_EDGE('',*,*,#5477,.T.);
#7582=ORIENTED_EDGE('',*,*,#5480,.T.);
#7583=ORIENTED_EDGE('',*,*,#5483,.T.);
#7584=ORIENTED_EDGE('',*,*,#5486,.T.);
#7585=ORIENTED_EDGE('',*,*,#5067,.T.);
#7586=ORIENTED_EDGE('',*,*,#5461,.T.);
#7587=ORIENTED_EDGE('',*,*,#5063,.T.);
#7588=ORIENTED_EDGE('',*,*,#5060,.T.);
#7589=ORIENTED_EDGE('',*,*,#5057,.T.);
#7590=ORIENTED_EDGE('',*,*,#5054,.T.);
#7591=ORIENTED_EDGE('',*,*,#5463,.F.);
#7592=ORIENTED_EDGE('',*,*,#5602,.F.);
#7593=ORIENTED_EDGE('',*,*,#5324,.F.);
#7594=ORIENTED_EDGE('',*,*,#5602,.T.);
#7595=ORIENTED_EDGE('',*,*,#5566,.F.);
#7596=ORIENTED_EDGE('',*,*,#5603,.F.);
#7597=ORIENTED_EDGE('',*,*,#5325,.F.);
#7598=ORIENTED_EDGE('',*,*,#5603,.T.);
#7599=ORIENTED_EDGE('',*,*,#5560,.F.);
#7600=ORIENTED_EDGE('',*,*,#5432,.F.);
#7601=ORIENTED_EDGE('',*,*,#5604,.F.);
#7602=ORIENTED_EDGE('',*,*,#5605,.F.);
#7603=ORIENTED_EDGE('',*,*,#5606,.F.);
#7604=ORIENTED_EDGE('',*,*,#5607,.F.);
#7605=ORIENTED_EDGE('',*,*,#5608,.F.);
#7606=ORIENTED_EDGE('',*,*,#5609,.F.);
#7607=ORIENTED_EDGE('',*,*,#5610,.F.);
#7608=ORIENTED_EDGE('',*,*,#5611,.F.);
#7609=ORIENTED_EDGE('',*,*,#5612,.F.);
#7610=ORIENTED_EDGE('',*,*,#5613,.F.);
#7611=ORIENTED_EDGE('',*,*,#5614,.F.);
#7612=ORIENTED_EDGE('',*,*,#5615,.F.);
#7613=ORIENTED_EDGE('',*,*,#5616,.F.);
#7614=ORIENTED_EDGE('',*,*,#5617,.F.);
#7615=ORIENTED_EDGE('',*,*,#5618,.F.);
#7616=ORIENTED_EDGE('',*,*,#5619,.F.);
#7617=ORIENTED_EDGE('',*,*,#5620,.F.);
#7618=ORIENTED_EDGE('',*,*,#5621,.F.);
#7619=ORIENTED_EDGE('',*,*,#5622,.F.);
#7620=ORIENTED_EDGE('',*,*,#5623,.F.);
#7621=ORIENTED_EDGE('',*,*,#5624,.F.);
#7622=ORIENTED_EDGE('',*,*,#5625,.F.);
#7623=ORIENTED_EDGE('',*,*,#5626,.F.);
#7624=ORIENTED_EDGE('',*,*,#5627,.F.);
#7625=ORIENTED_EDGE('',*,*,#5628,.F.);
#7626=ORIENTED_EDGE('',*,*,#5629,.F.);
#7627=ORIENTED_EDGE('',*,*,#5630,.F.);
#7628=ORIENTED_EDGE('',*,*,#5631,.F.);
#7629=ORIENTED_EDGE('',*,*,#5632,.F.);
#7630=ORIENTED_EDGE('',*,*,#5633,.F.);
#7631=ORIENTED_EDGE('',*,*,#5630,.T.);
#7632=ORIENTED_EDGE('',*,*,#5634,.F.);
#7633=ORIENTED_EDGE('',*,*,#5635,.F.);
#7634=ORIENTED_EDGE('',*,*,#5636,.F.);
#7635=ORIENTED_EDGE('',*,*,#5637,.F.);
#7636=ORIENTED_EDGE('',*,*,#5638,.F.);
#7637=ORIENTED_EDGE('',*,*,#5632,.T.);
#7638=ORIENTED_EDGE('',*,*,#5636,.T.);
#7639=ORIENTED_EDGE('',*,*,#5631,.T.);
#7640=ORIENTED_EDGE('',*,*,#5638,.T.);
#7641=ORIENTED_EDGE('',*,*,#5639,.T.);
#7642=ORIENTED_EDGE('',*,*,#5640,.F.);
#7643=ORIENTED_EDGE('',*,*,#5641,.F.);
#7644=ORIENTED_EDGE('',*,*,#5642,.T.);
#7645=ORIENTED_EDGE('',*,*,#5643,.T.);
#7646=ORIENTED_EDGE('',*,*,#5644,.F.);
#7647=ORIENTED_EDGE('',*,*,#5645,.F.);
#7648=ORIENTED_EDGE('',*,*,#5646,.T.);
#7649=ORIENTED_EDGE('',*,*,#5647,.T.);
#7650=ORIENTED_EDGE('',*,*,#5607,.T.);
#7651=ORIENTED_EDGE('',*,*,#5648,.F.);
#7652=ORIENTED_EDGE('',*,*,#5649,.F.);
#7653=ORIENTED_EDGE('',*,*,#5650,.T.);
#7654=ORIENTED_EDGE('',*,*,#5651,.F.);
#7655=ORIENTED_EDGE('',*,*,#5652,.T.);
#7656=ORIENTED_EDGE('',*,*,#5645,.T.);
#7657=ORIENTED_EDGE('',*,*,#5653,.F.);
#7658=ORIENTED_EDGE('',*,*,#5606,.T.);
#7659=ORIENTED_EDGE('',*,*,#5654,.F.);
#7660=ORIENTED_EDGE('',*,*,#5655,.F.);
#7661=ORIENTED_EDGE('',*,*,#5648,.T.);
#7662=ORIENTED_EDGE('',*,*,#5656,.F.);
#7663=ORIENTED_EDGE('',*,*,#5657,.T.);
#7664=ORIENTED_EDGE('',*,*,#5651,.T.);
#7665=ORIENTED_EDGE('',*,*,#5658,.F.);
#7666=ORIENTED_EDGE('',*,*,#5605,.T.);
#7667=ORIENTED_EDGE('',*,*,#5659,.F.);
#7668=ORIENTED_EDGE('',*,*,#5660,.F.);
#7669=ORIENTED_EDGE('',*,*,#5654,.T.);
#7670=ORIENTED_EDGE('',*,*,#5661,.F.);
#7671=ORIENTED_EDGE('',*,*,#5662,.F.);
#7672=ORIENTED_EDGE('',*,*,#5656,.T.);
#7673=ORIENTED_EDGE('',*,*,#5663,.T.);
#7674=ORIENTED_EDGE('',*,*,#5604,.T.);
#7675=ORIENTED_EDGE('',*,*,#5633,.T.);
#7676=ORIENTED_EDGE('',*,*,#5664,.T.);
#7677=ORIENTED_EDGE('',*,*,#5642,.F.);
#7678=ORIENTED_EDGE('',*,*,#5665,.F.);
#7679=ORIENTED_EDGE('',*,*,#5659,.T.);
#7680=ORIENTED_EDGE('',*,*,#5666,.F.);
#7681=ORIENTED_EDGE('',*,*,#5667,.F.);
#7682=ORIENTED_EDGE('',*,*,#5661,.T.);
#7683=ORIENTED_EDGE('',*,*,#5668,.T.);
#7684=ORIENTED_EDGE('',*,*,#5669,.F.);
#7685=ORIENTED_EDGE('',*,*,#5670,.F.);
#7686=ORIENTED_EDGE('',*,*,#5666,.T.);
#7687=ORIENTED_EDGE('',*,*,#5671,.T.);
#7688=ORIENTED_EDGE('',*,*,#5672,.F.);
#7689=ORIENTED_EDGE('',*,*,#5673,.F.);
#7690=ORIENTED_EDGE('',*,*,#5669,.T.);
#7691=ORIENTED_EDGE('',*,*,#5674,.T.);
#7692=ORIENTED_EDGE('',*,*,#5675,.F.);
#7693=ORIENTED_EDGE('',*,*,#5676,.F.);
#7694=ORIENTED_EDGE('',*,*,#5672,.T.);
#7695=ORIENTED_EDGE('',*,*,#5677,.T.);
#7696=ORIENTED_EDGE('',*,*,#5678,.F.);
#7697=ORIENTED_EDGE('',*,*,#5628,.T.);
#7698=ORIENTED_EDGE('',*,*,#5679,.F.);
#7699=ORIENTED_EDGE('',*,*,#5680,.F.);
#7700=ORIENTED_EDGE('',*,*,#5675,.T.);
#7701=ORIENTED_EDGE('',*,*,#5627,.T.);
#7702=ORIENTED_EDGE('',*,*,#5681,.F.);
#7703=ORIENTED_EDGE('',*,*,#5682,.F.);
#7704=ORIENTED_EDGE('',*,*,#5679,.T.);
#7705=ORIENTED_EDGE('',*,*,#5626,.T.);
#7706=ORIENTED_EDGE('',*,*,#5683,.F.);
#7707=ORIENTED_EDGE('',*,*,#5684,.F.);
#7708=ORIENTED_EDGE('',*,*,#5681,.T.);
#7709=ORIENTED_EDGE('',*,*,#5625,.T.);
#7710=ORIENTED_EDGE('',*,*,#5685,.F.);
#7711=ORIENTED_EDGE('',*,*,#5686,.F.);
#7712=ORIENTED_EDGE('',*,*,#5683,.T.);
#7713=ORIENTED_EDGE('',*,*,#5624,.T.);
#7714=ORIENTED_EDGE('',*,*,#5687,.F.);
#7715=ORIENTED_EDGE('',*,*,#5688,.F.);
#7716=ORIENTED_EDGE('',*,*,#5685,.T.);
#7717=ORIENTED_EDGE('',*,*,#5623,.T.);
#7718=ORIENTED_EDGE('',*,*,#5689,.F.);
#7719=ORIENTED_EDGE('',*,*,#5690,.F.);
#7720=ORIENTED_EDGE('',*,*,#5687,.T.);
#7721=ORIENTED_EDGE('',*,*,#5691,.F.);
#7722=ORIENTED_EDGE('',*,*,#5692,.T.);
#7723=ORIENTED_EDGE('',*,*,#5693,.F.);
#7724=ORIENTED_EDGE('',*,*,#5694,.F.);
#7725=ORIENTED_EDGE('',*,*,#5695,.T.);
#7726=ORIENTED_EDGE('',*,*,#5696,.F.);
#7727=ORIENTED_EDGE('',*,*,#5692,.F.);
#7728=ORIENTED_EDGE('',*,*,#5697,.F.);
#7729=ORIENTED_EDGE('',*,*,#5698,.T.);
#7730=ORIENTED_EDGE('',*,*,#5699,.F.);
#7731=ORIENTED_EDGE('',*,*,#5695,.F.);
#7732=ORIENTED_EDGE('',*,*,#5700,.F.);
#7733=ORIENTED_EDGE('',*,*,#5701,.T.);
#7734=ORIENTED_EDGE('',*,*,#5702,.F.);
#7735=ORIENTED_EDGE('',*,*,#5698,.F.);
#7736=ORIENTED_EDGE('',*,*,#5703,.F.);
#7737=ORIENTED_EDGE('',*,*,#5704,.F.);
#7738=ORIENTED_EDGE('',*,*,#5705,.T.);
#7739=ORIENTED_EDGE('',*,*,#5706,.F.);
#7740=ORIENTED_EDGE('',*,*,#5707,.F.);
#7741=ORIENTED_EDGE('',*,*,#5708,.F.);
#7742=ORIENTED_EDGE('',*,*,#5709,.F.);
#7743=ORIENTED_EDGE('',*,*,#5710,.F.);
#7744=ORIENTED_EDGE('',*,*,#5711,.F.);
#7745=ORIENTED_EDGE('',*,*,#5712,.F.);
#7746=ORIENTED_EDGE('',*,*,#5713,.F.);
#7747=ORIENTED_EDGE('',*,*,#5714,.F.);
#7748=ORIENTED_EDGE('',*,*,#5715,.F.);
#7749=ORIENTED_EDGE('',*,*,#5716,.F.);
#7750=ORIENTED_EDGE('',*,*,#5717,.F.);
#7751=ORIENTED_EDGE('',*,*,#5718,.F.);
#7752=ORIENTED_EDGE('',*,*,#5719,.T.);
#7753=ORIENTED_EDGE('',*,*,#5720,.F.);
#7754=ORIENTED_EDGE('',*,*,#5721,.F.);
#7755=ORIENTED_EDGE('',*,*,#5722,.F.);
#7756=ORIENTED_EDGE('',*,*,#5723,.F.);
#7757=ORIENTED_EDGE('',*,*,#5724,.F.);
#7758=ORIENTED_EDGE('',*,*,#5725,.F.);
#7759=ORIENTED_EDGE('',*,*,#5726,.F.);
#7760=ORIENTED_EDGE('',*,*,#5727,.F.);
#7761=ORIENTED_EDGE('',*,*,#5728,.F.);
#7762=ORIENTED_EDGE('',*,*,#5729,.F.);
#7763=ORIENTED_EDGE('',*,*,#5730,.F.);
#7764=ORIENTED_EDGE('',*,*,#5731,.F.);
#7765=ORIENTED_EDGE('',*,*,#5732,.F.);
#7766=ORIENTED_EDGE('',*,*,#5677,.F.);
#7767=ORIENTED_EDGE('',*,*,#5674,.F.);
#7768=ORIENTED_EDGE('',*,*,#5671,.F.);
#7769=ORIENTED_EDGE('',*,*,#5668,.F.);
#7770=ORIENTED_EDGE('',*,*,#5663,.F.);
#7771=ORIENTED_EDGE('',*,*,#5658,.T.);
#7772=ORIENTED_EDGE('',*,*,#5653,.T.);
#7773=ORIENTED_EDGE('',*,*,#5644,.T.);
#7774=ORIENTED_EDGE('',*,*,#5733,.T.);
#7775=ORIENTED_EDGE('',*,*,#5734,.T.);
#7776=ORIENTED_EDGE('',*,*,#5735,.T.);
#7777=ORIENTED_EDGE('',*,*,#5736,.T.);
#7778=ORIENTED_EDGE('',*,*,#5737,.T.);
#7779=ORIENTED_EDGE('',*,*,#5738,.T.);
#7780=ORIENTED_EDGE('',*,*,#5739,.T.);
#7781=ORIENTED_EDGE('',*,*,#5740,.T.);
#7782=ORIENTED_EDGE('',*,*,#5741,.T.);
#7783=ORIENTED_EDGE('',*,*,#5742,.F.);
#7784=ORIENTED_EDGE('',*,*,#5743,.F.);
#7785=ORIENTED_EDGE('',*,*,#5744,.F.);
#7786=ORIENTED_EDGE('',*,*,#5745,.F.);
#7787=ORIENTED_EDGE('',*,*,#5746,.F.);
#7788=ORIENTED_EDGE('',*,*,#5747,.F.);
#7789=ORIENTED_EDGE('',*,*,#5748,.F.);
#7790=ORIENTED_EDGE('',*,*,#5749,.T.);
#7791=ORIENTED_EDGE('',*,*,#5750,.T.);
#7792=ORIENTED_EDGE('',*,*,#5751,.F.);
#7793=ORIENTED_EDGE('',*,*,#5752,.F.);
#7794=ORIENTED_EDGE('',*,*,#5753,.F.);
#7795=ORIENTED_EDGE('',*,*,#5754,.T.);
#7796=ORIENTED_EDGE('',*,*,#5755,.T.);
#7797=ORIENTED_EDGE('',*,*,#5610,.T.);
#7798=ORIENTED_EDGE('',*,*,#5756,.F.);
#7799=ORIENTED_EDGE('',*,*,#5757,.F.);
#7800=ORIENTED_EDGE('',*,*,#5758,.T.);
#7801=ORIENTED_EDGE('',*,*,#5759,.T.);
#7802=ORIENTED_EDGE('',*,*,#5722,.T.);
#7803=ORIENTED_EDGE('',*,*,#5760,.F.);
#7804=ORIENTED_EDGE('',*,*,#5761,.F.);
#7805=ORIENTED_EDGE('',*,*,#5762,.T.);
#7806=ORIENTED_EDGE('',*,*,#5740,.F.);
#7807=ORIENTED_EDGE('',*,*,#5763,.F.);
#7808=ORIENTED_EDGE('',*,*,#5764,.T.);
#7809=ORIENTED_EDGE('',*,*,#5637,.T.);
#7810=ORIENTED_EDGE('',*,*,#5643,.F.);
#7811=ORIENTED_EDGE('',*,*,#5664,.F.);
#7812=ORIENTED_EDGE('',*,*,#5635,.T.);
#7813=ORIENTED_EDGE('',*,*,#5765,.T.);
#7814=ORIENTED_EDGE('',*,*,#5766,.T.);
#7815=ORIENTED_EDGE('',*,*,#5767,.T.);
#7816=ORIENTED_EDGE('',*,*,#5768,.T.);
#7817=ORIENTED_EDGE('',*,*,#5769,.T.);
#7818=ORIENTED_EDGE('',*,*,#5770,.T.);
#7819=ORIENTED_EDGE('',*,*,#5771,.T.);
#7820=ORIENTED_EDGE('',*,*,#5772,.T.);
#7821=ORIENTED_EDGE('',*,*,#5773,.T.);
#7822=ORIENTED_EDGE('',*,*,#5774,.T.);
#7823=ORIENTED_EDGE('',*,*,#5761,.T.);
#7824=ORIENTED_EDGE('',*,*,#5775,.T.);
#7825=ORIENTED_EDGE('',*,*,#5776,.T.);
#7826=ORIENTED_EDGE('',*,*,#5777,.T.);
#7827=ORIENTED_EDGE('',*,*,#5778,.F.);
#7828=ORIENTED_EDGE('',*,*,#5779,.F.);
#7829=ORIENTED_EDGE('',*,*,#5780,.F.);
#7830=ORIENTED_EDGE('',*,*,#5781,.F.);
#7831=ORIENTED_EDGE('',*,*,#5639,.F.);
#7832=ORIENTED_EDGE('',*,*,#5620,.T.);
#7833=ORIENTED_EDGE('',*,*,#5782,.F.);
#7834=ORIENTED_EDGE('',*,*,#5783,.F.);
#7835=ORIENTED_EDGE('',*,*,#5784,.T.);
#7836=ORIENTED_EDGE('',*,*,#5785,.F.);
#7837=ORIENTED_EDGE('',*,*,#5786,.T.);
#7838=ORIENTED_EDGE('',*,*,#5787,.T.);
#7839=ORIENTED_EDGE('',*,*,#5788,.F.);
#7840=ORIENTED_EDGE('',*,*,#5771,.F.);
#7841=ORIENTED_EDGE('',*,*,#5789,.T.);
#7842=ORIENTED_EDGE('',*,*,#5726,.T.);
#7843=ORIENTED_EDGE('',*,*,#5790,.F.);
#7844=ORIENTED_EDGE('',*,*,#5791,.T.);
#7845=ORIENTED_EDGE('',*,*,#5792,.T.);
#7846=ORIENTED_EDGE('',*,*,#5738,.F.);
#7847=ORIENTED_EDGE('',*,*,#5793,.F.);
#7848=ORIENTED_EDGE('',*,*,#5614,.T.);
#7849=ORIENTED_EDGE('',*,*,#5794,.F.);
#7850=ORIENTED_EDGE('',*,*,#5795,.F.);
#7851=ORIENTED_EDGE('',*,*,#5796,.T.);
#7852=ORIENTED_EDGE('',*,*,#5797,.T.);
#7853=ORIENTED_EDGE('',*,*,#5780,.T.);
#7854=ORIENTED_EDGE('',*,*,#5798,.F.);
#7855=ORIENTED_EDGE('',*,*,#5799,.F.);
#7856=ORIENTED_EDGE('',*,*,#5800,.T.);
#7857=ORIENTED_EDGE('',*,*,#5743,.T.);
#7858=ORIENTED_EDGE('',*,*,#5801,.F.);
#7859=ORIENTED_EDGE('',*,*,#5802,.F.);
#7860=ORIENTED_EDGE('',*,*,#5613,.T.);
#7861=ORIENTED_EDGE('',*,*,#5803,.F.);
#7862=ORIENTED_EDGE('',*,*,#5804,.F.);
#7863=ORIENTED_EDGE('',*,*,#5794,.T.);
#7864=ORIENTED_EDGE('',*,*,#5735,.F.);
#7865=ORIENTED_EDGE('',*,*,#5805,.F.);
#7866=ORIENTED_EDGE('',*,*,#5806,.T.);
#7867=ORIENTED_EDGE('',*,*,#5807,.T.);
#7868=ORIENTED_EDGE('',*,*,#5808,.F.);
#7869=ORIENTED_EDGE('',*,*,#5809,.T.);
#7870=ORIENTED_EDGE('',*,*,#5810,.T.);
#7871=ORIENTED_EDGE('',*,*,#5811,.F.);
#7872=ORIENTED_EDGE('',*,*,#5812,.F.);
#7873=ORIENTED_EDGE('',*,*,#5813,.T.);
#7874=ORIENTED_EDGE('',*,*,#5814,.T.);
#7875=ORIENTED_EDGE('',*,*,#5815,.F.);
#7876=ORIENTED_EDGE('',*,*,#5816,.T.);
#7877=ORIENTED_EDGE('',*,*,#5720,.T.);
#7878=ORIENTED_EDGE('',*,*,#5817,.F.);
#7879=ORIENTED_EDGE('',*,*,#5776,.F.);
#7880=ORIENTED_EDGE('',*,*,#5817,.T.);
#7881=ORIENTED_EDGE('',*,*,#5747,.T.);
#7882=ORIENTED_EDGE('',*,*,#5818,.F.);
#7883=ORIENTED_EDGE('',*,*,#5777,.F.);
#7884=ORIENTED_EDGE('',*,*,#5734,.F.);
#7885=ORIENTED_EDGE('',*,*,#5819,.F.);
#7886=ORIENTED_EDGE('',*,*,#5820,.T.);
#7887=ORIENTED_EDGE('',*,*,#5805,.T.);
#7888=ORIENTED_EDGE('',*,*,#5751,.T.);
#7889=ORIENTED_EDGE('',*,*,#5821,.T.);
#7890=ORIENTED_EDGE('',*,*,#5822,.F.);
#7891=ORIENTED_EDGE('',*,*,#5823,.F.);
#7892=ORIENTED_EDGE('',*,*,#5824,.T.);
#7893=ORIENTED_EDGE('',*,*,#5778,.T.);
#7894=ORIENTED_EDGE('',*,*,#5825,.F.);
#7895=ORIENTED_EDGE('',*,*,#5826,.F.);
#7896=ORIENTED_EDGE('',*,*,#5640,.T.);
#7897=ORIENTED_EDGE('',*,*,#5781,.T.);
#7898=ORIENTED_EDGE('',*,*,#5797,.F.);
#7899=ORIENTED_EDGE('',*,*,#5827,.F.);
#7900=ORIENTED_EDGE('',*,*,#5828,.T.);
#7901=ORIENTED_EDGE('',*,*,#5793,.T.);
#7902=ORIENTED_EDGE('',*,*,#5737,.F.);
#7903=ORIENTED_EDGE('',*,*,#5829,.F.);
#7904=ORIENTED_EDGE('',*,*,#5609,.T.);
#7905=ORIENTED_EDGE('',*,*,#5830,.F.);
#7906=ORIENTED_EDGE('',*,*,#5831,.F.);
#7907=ORIENTED_EDGE('',*,*,#5756,.T.);
#7908=ORIENTED_EDGE('',*,*,#5832,.T.);
#7909=ORIENTED_EDGE('',*,*,#5829,.T.);
#7910=ORIENTED_EDGE('',*,*,#5736,.F.);
#7911=ORIENTED_EDGE('',*,*,#5807,.F.);
#7912=ORIENTED_EDGE('',*,*,#5770,.F.);
#7913=ORIENTED_EDGE('',*,*,#5833,.T.);
#7914=ORIENTED_EDGE('',*,*,#5727,.T.);
#7915=ORIENTED_EDGE('',*,*,#5789,.F.);
#7916=ORIENTED_EDGE('',*,*,#5619,.T.);
#7917=ORIENTED_EDGE('',*,*,#5834,.F.);
#7918=ORIENTED_EDGE('',*,*,#5835,.F.);
#7919=ORIENTED_EDGE('',*,*,#5782,.T.);
#7920=ORIENTED_EDGE('',*,*,#5836,.F.);
#7921=ORIENTED_EDGE('',*,*,#5767,.F.);
#7922=ORIENTED_EDGE('',*,*,#5837,.T.);
#7923=ORIENTED_EDGE('',*,*,#5730,.T.);
#7924=ORIENTED_EDGE('',*,*,#5838,.F.);
#7925=ORIENTED_EDGE('',*,*,#5839,.T.);
#7926=ORIENTED_EDGE('',*,*,#5840,.T.);
#7927=ORIENTED_EDGE('',*,*,#5841,.F.);
#7928=ORIENTED_EDGE('',*,*,#5608,.T.);
#7929=ORIENTED_EDGE('',*,*,#5650,.F.);
#7930=ORIENTED_EDGE('',*,*,#5842,.F.);
#7931=ORIENTED_EDGE('',*,*,#5830,.T.);
#7932=ORIENTED_EDGE('',*,*,#5760,.T.);
#7933=ORIENTED_EDGE('',*,*,#5721,.T.);
#7934=ORIENTED_EDGE('',*,*,#5816,.F.);
#7935=ORIENTED_EDGE('',*,*,#5775,.F.);
#7936=ORIENTED_EDGE('',*,*,#5615,.T.);
#7937=ORIENTED_EDGE('',*,*,#5796,.F.);
#7938=ORIENTED_EDGE('',*,*,#5843,.F.);
#7939=ORIENTED_EDGE('',*,*,#5844,.T.);
#7940=ORIENTED_EDGE('',*,*,#5845,.F.);
#7941=ORIENTED_EDGE('',*,*,#5788,.T.);
#7942=ORIENTED_EDGE('',*,*,#5846,.T.);
#7943=ORIENTED_EDGE('',*,*,#5813,.F.);
#7944=ORIENTED_EDGE('',*,*,#5622,.T.);
#7945=ORIENTED_EDGE('',*,*,#5847,.F.);
#7946=ORIENTED_EDGE('',*,*,#5848,.F.);
#7947=ORIENTED_EDGE('',*,*,#5689,.T.);
#7948=ORIENTED_EDGE('',*,*,#5849,.F.);
#7949=ORIENTED_EDGE('',*,*,#5811,.T.);
#7950=ORIENTED_EDGE('',*,*,#5850,.T.);
#7951=ORIENTED_EDGE('',*,*,#5786,.F.);
#7952=ORIENTED_EDGE('',*,*,#5851,.T.);
#7953=ORIENTED_EDGE('',*,*,#5744,.T.);
#7954=ORIENTED_EDGE('',*,*,#5800,.F.);
#7955=ORIENTED_EDGE('',*,*,#5852,.F.);
#7956=ORIENTED_EDGE('',*,*,#5837,.F.);
#7957=ORIENTED_EDGE('',*,*,#5766,.F.);
#7958=ORIENTED_EDGE('',*,*,#5853,.T.);
#7959=ORIENTED_EDGE('',*,*,#5731,.T.);
#7960=ORIENTED_EDGE('',*,*,#5772,.F.);
#7961=ORIENTED_EDGE('',*,*,#5790,.T.);
#7962=ORIENTED_EDGE('',*,*,#5725,.T.);
#7963=ORIENTED_EDGE('',*,*,#5854,.F.);
#7964=ORIENTED_EDGE('',*,*,#5732,.T.);
#7965=ORIENTED_EDGE('',*,*,#5853,.F.);
#7966=ORIENTED_EDGE('',*,*,#5765,.F.);
#7967=ORIENTED_EDGE('',*,*,#5634,.T.);
#7968=ORIENTED_EDGE('',*,*,#5629,.T.);
#7969=ORIENTED_EDGE('',*,*,#5678,.T.);
#7970=ORIENTED_EDGE('',*,*,#5822,.T.);
#7971=ORIENTED_EDGE('',*,*,#5855,.T.);
#7972=ORIENTED_EDGE('',*,*,#5809,.F.);
#7973=ORIENTED_EDGE('',*,*,#5856,.F.);
#7974=ORIENTED_EDGE('',*,*,#5774,.F.);
#7975=ORIENTED_EDGE('',*,*,#5857,.T.);
#7976=ORIENTED_EDGE('',*,*,#5723,.T.);
#7977=ORIENTED_EDGE('',*,*,#5759,.F.);
#7978=ORIENTED_EDGE('',*,*,#5769,.F.);
#7979=ORIENTED_EDGE('',*,*,#5858,.T.);
#7980=ORIENTED_EDGE('',*,*,#5728,.T.);
#7981=ORIENTED_EDGE('',*,*,#5833,.F.);
#7982=ORIENTED_EDGE('',*,*,#5618,.T.);
#7983=ORIENTED_EDGE('',*,*,#5859,.F.);
#7984=ORIENTED_EDGE('',*,*,#5860,.F.);
#7985=ORIENTED_EDGE('',*,*,#5834,.T.);
#7986=ORIENTED_EDGE('',*,*,#5754,.F.);
#7987=ORIENTED_EDGE('',*,*,#5861,.F.);
#7988=ORIENTED_EDGE('',*,*,#5841,.T.);
#7989=ORIENTED_EDGE('',*,*,#5862,.T.);
#7990=ORIENTED_EDGE('',*,*,#5621,.T.);
#7991=ORIENTED_EDGE('',*,*,#5784,.F.);
#7992=ORIENTED_EDGE('',*,*,#5863,.F.);
#7993=ORIENTED_EDGE('',*,*,#5847,.T.);
#7994=ORIENTED_EDGE('',*,*,#5617,.T.);
#7995=ORIENTED_EDGE('',*,*,#5864,.F.);
#7996=ORIENTED_EDGE('',*,*,#5865,.F.);
#7997=ORIENTED_EDGE('',*,*,#5859,.T.);
#7998=ORIENTED_EDGE('',*,*,#5818,.T.);
#7999=ORIENTED_EDGE('',*,*,#5746,.T.);
#8000=ORIENTED_EDGE('',*,*,#5866,.F.);
#8001=ORIENTED_EDGE('',*,*,#5867,.F.);
#8002=ORIENTED_EDGE('',*,*,#5825,.T.);
#8003=ORIENTED_EDGE('',*,*,#5868,.F.);
#8004=ORIENTED_EDGE('',*,*,#5869,.F.);
#8005=ORIENTED_EDGE('',*,*,#5752,.T.);
#8006=ORIENTED_EDGE('',*,*,#5870,.T.);
#8007=ORIENTED_EDGE('',*,*,#5866,.T.);
#8008=ORIENTED_EDGE('',*,*,#5745,.T.);
#8009=ORIENTED_EDGE('',*,*,#5851,.F.);
#8010=ORIENTED_EDGE('',*,*,#5871,.F.);
#8011=ORIENTED_EDGE('',*,*,#5798,.T.);
#8012=ORIENTED_EDGE('',*,*,#5779,.T.);
#8013=ORIENTED_EDGE('',*,*,#5824,.F.);
#8014=ORIENTED_EDGE('',*,*,#5872,.F.);
#8015=ORIENTED_EDGE('',*,*,#5873,.T.);
#8016=ORIENTED_EDGE('',*,*,#5741,.F.);
#8017=ORIENTED_EDGE('',*,*,#5762,.F.);
#8018=ORIENTED_EDGE('',*,*,#5874,.T.);
#8019=ORIENTED_EDGE('',*,*,#5773,.F.);
#8020=ORIENTED_EDGE('',*,*,#5854,.T.);
#8021=ORIENTED_EDGE('',*,*,#5724,.T.);
#8022=ORIENTED_EDGE('',*,*,#5857,.F.);
#8023=ORIENTED_EDGE('',*,*,#5858,.F.);
#8024=ORIENTED_EDGE('',*,*,#5768,.F.);
#8025=ORIENTED_EDGE('',*,*,#5836,.T.);
#8026=ORIENTED_EDGE('',*,*,#5729,.T.);
#8027=ORIENTED_EDGE('',*,*,#5616,.T.);
#8028=ORIENTED_EDGE('',*,*,#5844,.F.);
#8029=ORIENTED_EDGE('',*,*,#5875,.F.);
#8030=ORIENTED_EDGE('',*,*,#5864,.T.);
#8031=ORIENTED_EDGE('',*,*,#5733,.F.);
#8032=ORIENTED_EDGE('',*,*,#5647,.F.);
#8033=ORIENTED_EDGE('',*,*,#5876,.T.);
#8034=ORIENTED_EDGE('',*,*,#5819,.T.);
#8035=ORIENTED_EDGE('',*,*,#5877,.F.);
#8036=ORIENTED_EDGE('',*,*,#5815,.T.);
#8037=ORIENTED_EDGE('',*,*,#5878,.T.);
#8038=ORIENTED_EDGE('',*,*,#5839,.F.);
#8039=ORIENTED_EDGE('',*,*,#5612,.T.);
#8040=ORIENTED_EDGE('',*,*,#5879,.F.);
#8041=ORIENTED_EDGE('',*,*,#5880,.F.);
#8042=ORIENTED_EDGE('',*,*,#5803,.T.);
#8043=ORIENTED_EDGE('',*,*,#5763,.T.);
#8044=ORIENTED_EDGE('',*,*,#5739,.F.);
#8045=ORIENTED_EDGE('',*,*,#5792,.F.);
#8046=ORIENTED_EDGE('',*,*,#5881,.T.);
#8047=ORIENTED_EDGE('',*,*,#5611,.T.);
#8048=ORIENTED_EDGE('',*,*,#5758,.F.);
#8049=ORIENTED_EDGE('',*,*,#5882,.F.);
#8050=ORIENTED_EDGE('',*,*,#5879,.T.);
#8051=ORIENTED_EDGE('',*,*,#5801,.T.);
#8052=ORIENTED_EDGE('',*,*,#5742,.T.);
#8053=ORIENTED_EDGE('',*,*,#5873,.F.);
#8054=ORIENTED_EDGE('',*,*,#5883,.F.);
#8055=ORIENTED_EDGE('',*,*,#5748,.T.);
#8056=ORIENTED_EDGE('',*,*,#5823,.T.);
#8057=ORIENTED_EDGE('',*,*,#5856,.T.);
#8058=ORIENTED_EDGE('',*,*,#5808,.T.);
#8059=ORIENTED_EDGE('',*,*,#5849,.T.);
#8060=ORIENTED_EDGE('',*,*,#5785,.T.);
#8061=ORIENTED_EDGE('',*,*,#5845,.T.);
#8062=ORIENTED_EDGE('',*,*,#5812,.T.);
#8063=ORIENTED_EDGE('',*,*,#5877,.T.);
#8064=ORIENTED_EDGE('',*,*,#5838,.T.);
#8065=ORIENTED_EDGE('',*,*,#5861,.T.);
#8066=ORIENTED_EDGE('',*,*,#5753,.T.);
#8067=ORIENTED_EDGE('',*,*,#5869,.T.);
#8068=ORIENTED_EDGE('',*,*,#5884,.T.);
#8069=ORIENTED_EDGE('',*,*,#5885,.T.);
#8070=ORIENTED_EDGE('',*,*,#5886,.T.);
#8071=ORIENTED_EDGE('',*,*,#5887,.T.);
#8072=ORIENTED_EDGE('',*,*,#5888,.T.);
#8073=ORIENTED_EDGE('',*,*,#5889,.T.);
#8074=ORIENTED_EDGE('',*,*,#5890,.T.);
#8075=ORIENTED_EDGE('',*,*,#5874,.F.);
#8076=ORIENTED_EDGE('',*,*,#5764,.F.);
#8077=ORIENTED_EDGE('',*,*,#5881,.F.);
#8078=ORIENTED_EDGE('',*,*,#5791,.F.);
#8079=ORIENTED_EDGE('',*,*,#5828,.F.);
#8080=ORIENTED_EDGE('',*,*,#5832,.F.);
#8081=ORIENTED_EDGE('',*,*,#5806,.F.);
#8082=ORIENTED_EDGE('',*,*,#5820,.F.);
#8083=ORIENTED_EDGE('',*,*,#5876,.F.);
#8084=ORIENTED_EDGE('',*,*,#5646,.F.);
#8085=ORIENTED_EDGE('',*,*,#5652,.F.);
#8086=ORIENTED_EDGE('',*,*,#5657,.F.);
#8087=ORIENTED_EDGE('',*,*,#5662,.T.);
#8088=ORIENTED_EDGE('',*,*,#5667,.T.);
#8089=ORIENTED_EDGE('',*,*,#5670,.T.);
#8090=ORIENTED_EDGE('',*,*,#5673,.T.);
#8091=ORIENTED_EDGE('',*,*,#5676,.T.);
#8092=ORIENTED_EDGE('',*,*,#5680,.T.);
#8093=ORIENTED_EDGE('',*,*,#5682,.T.);
#8094=ORIENTED_EDGE('',*,*,#5684,.T.);
#8095=ORIENTED_EDGE('',*,*,#5686,.T.);
#8096=ORIENTED_EDGE('',*,*,#5688,.T.);
#8097=ORIENTED_EDGE('',*,*,#5690,.T.);
#8098=ORIENTED_EDGE('',*,*,#5848,.T.);
#8099=ORIENTED_EDGE('',*,*,#5863,.T.);
#8100=ORIENTED_EDGE('',*,*,#5783,.T.);
#8101=ORIENTED_EDGE('',*,*,#5835,.T.);
#8102=ORIENTED_EDGE('',*,*,#5860,.T.);
#8103=ORIENTED_EDGE('',*,*,#5865,.T.);
#8104=ORIENTED_EDGE('',*,*,#5875,.T.);
#8105=ORIENTED_EDGE('',*,*,#5843,.T.);
#8106=ORIENTED_EDGE('',*,*,#5795,.T.);
#8107=ORIENTED_EDGE('',*,*,#5804,.T.);
#8108=ORIENTED_EDGE('',*,*,#5880,.T.);
#8109=ORIENTED_EDGE('',*,*,#5882,.T.);
#8110=ORIENTED_EDGE('',*,*,#5757,.T.);
#8111=ORIENTED_EDGE('',*,*,#5831,.T.);
#8112=ORIENTED_EDGE('',*,*,#5842,.T.);
#8113=ORIENTED_EDGE('',*,*,#5649,.T.);
#8114=ORIENTED_EDGE('',*,*,#5655,.T.);
#8115=ORIENTED_EDGE('',*,*,#5660,.T.);
#8116=ORIENTED_EDGE('',*,*,#5665,.T.);
#8117=ORIENTED_EDGE('',*,*,#5641,.T.);
#8118=ORIENTED_EDGE('',*,*,#5827,.T.);
#8119=ORIENTED_EDGE('',*,*,#5799,.T.);
#8120=ORIENTED_EDGE('',*,*,#5872,.T.);
#8121=ORIENTED_EDGE('',*,*,#5826,.T.);
#8122=ORIENTED_EDGE('',*,*,#5867,.T.);
#8123=ORIENTED_EDGE('',*,*,#5871,.T.);
#8124=ORIENTED_EDGE('',*,*,#5852,.T.);
#8125=ORIENTED_EDGE('',*,*,#5802,.T.);
#8126=ORIENTED_EDGE('',*,*,#5883,.T.);
#8127=ORIENTED_EDGE('',*,*,#5891,.F.);
#8128=ORIENTED_EDGE('',*,*,#5892,.T.);
#8129=ORIENTED_EDGE('',*,*,#5893,.F.);
#8130=ORIENTED_EDGE('',*,*,#5891,.T.);
#8131=ORIENTED_EDGE('',*,*,#5894,.F.);
#8132=ORIENTED_EDGE('',*,*,#5895,.T.);
#8133=ORIENTED_EDGE('',*,*,#5896,.F.);
#8134=ORIENTED_EDGE('',*,*,#5897,.T.);
#8135=ORIENTED_EDGE('',*,*,#5898,.F.);
#8136=ORIENTED_EDGE('',*,*,#5896,.T.);
#8137=ORIENTED_EDGE('',*,*,#5892,.F.);
#8138=ORIENTED_EDGE('',*,*,#5899,.T.);
#8139=ORIENTED_EDGE('',*,*,#5900,.F.);
#8140=ORIENTED_EDGE('',*,*,#5716,.T.);
#8141=ORIENTED_EDGE('',*,*,#5901,.F.);
#8142=ORIENTED_EDGE('',*,*,#5900,.T.);
#8143=ORIENTED_EDGE('',*,*,#5897,.F.);
#8144=ORIENTED_EDGE('',*,*,#5902,.T.);
#8145=ORIENTED_EDGE('',*,*,#5903,.T.);
#8146=ORIENTED_EDGE('',*,*,#5904,.F.);
#8147=ORIENTED_EDGE('',*,*,#5905,.F.);
#8148=ORIENTED_EDGE('',*,*,#5903,.F.);
#8149=ORIENTED_EDGE('',*,*,#5906,.T.);
#8150=ORIENTED_EDGE('',*,*,#5894,.T.);
#8151=ORIENTED_EDGE('',*,*,#5907,.T.);
#8152=ORIENTED_EDGE('',*,*,#5908,.F.);
#8153=ORIENTED_EDGE('',*,*,#5855,.F.);
#8154=ORIENTED_EDGE('',*,*,#5907,.F.);
#8155=ORIENTED_EDGE('',*,*,#5909,.T.);
#8156=ORIENTED_EDGE('',*,*,#5905,.T.);
#8157=ORIENTED_EDGE('',*,*,#5910,.F.);
#8158=ORIENTED_EDGE('',*,*,#5715,.T.);
#8159=ORIENTED_EDGE('',*,*,#5911,.F.);
#8160=ORIENTED_EDGE('',*,*,#5910,.T.);
#8161=ORIENTED_EDGE('',*,*,#5912,.F.);
#8162=ORIENTED_EDGE('',*,*,#5901,.T.);
#8163=ORIENTED_EDGE('',*,*,#5913,.F.);
#8164=ORIENTED_EDGE('',*,*,#5912,.T.);
#8165=ORIENTED_EDGE('',*,*,#5914,.F.);
#8166=ORIENTED_EDGE('',*,*,#5913,.T.);
#8167=ORIENTED_EDGE('',*,*,#5915,.F.);
#8168=ORIENTED_EDGE('',*,*,#5898,.T.);
#8169=ORIENTED_EDGE('',*,*,#5916,.F.);
#8170=ORIENTED_EDGE('',*,*,#5915,.T.);
#8171=ORIENTED_EDGE('',*,*,#5917,.F.);
#8172=ORIENTED_EDGE('',*,*,#5916,.T.);
#8173=ORIENTED_EDGE('',*,*,#5918,.F.);
#8174=ORIENTED_EDGE('',*,*,#5893,.T.);
#8175=ORIENTED_EDGE('',*,*,#5919,.T.);
#8176=ORIENTED_EDGE('',*,*,#5920,.F.);
#8177=ORIENTED_EDGE('',*,*,#5921,.F.);
#8178=ORIENTED_EDGE('',*,*,#5919,.F.);
#8179=ORIENTED_EDGE('',*,*,#5904,.T.);
#8180=ORIENTED_EDGE('',*,*,#5918,.T.);
#8181=ORIENTED_EDGE('',*,*,#5922,.T.);
#8182=ORIENTED_EDGE('',*,*,#5923,.F.);
#8183=ORIENTED_EDGE('',*,*,#5810,.F.);
#8184=ORIENTED_EDGE('',*,*,#5922,.F.);
#8185=ORIENTED_EDGE('',*,*,#5908,.T.);
#8186=ORIENTED_EDGE('',*,*,#5921,.T.);
#8187=ORIENTED_EDGE('',*,*,#5924,.F.);
#8188=ORIENTED_EDGE('',*,*,#5714,.T.);
#8189=ORIENTED_EDGE('',*,*,#5925,.F.);
#8190=ORIENTED_EDGE('',*,*,#5924,.T.);
#8191=ORIENTED_EDGE('',*,*,#5926,.F.);
#8192=ORIENTED_EDGE('',*,*,#5911,.T.);
#8193=ORIENTED_EDGE('',*,*,#5927,.F.);
#8194=ORIENTED_EDGE('',*,*,#5926,.T.);
#8195=ORIENTED_EDGE('',*,*,#5928,.F.);
#8196=ORIENTED_EDGE('',*,*,#5927,.T.);
#8197=ORIENTED_EDGE('',*,*,#5929,.F.);
#8198=ORIENTED_EDGE('',*,*,#5914,.T.);
#8199=ORIENTED_EDGE('',*,*,#5930,.F.);
#8200=ORIENTED_EDGE('',*,*,#5929,.T.);
#8201=ORIENTED_EDGE('',*,*,#5931,.F.);
#8202=ORIENTED_EDGE('',*,*,#5930,.T.);
#8203=ORIENTED_EDGE('',*,*,#5932,.F.);
#8204=ORIENTED_EDGE('',*,*,#5917,.T.);
#8205=ORIENTED_EDGE('',*,*,#5933,.F.);
#8206=ORIENTED_EDGE('',*,*,#5932,.T.);
#8207=ORIENTED_EDGE('',*,*,#5934,.F.);
#8208=ORIENTED_EDGE('',*,*,#5933,.T.);
#8209=ORIENTED_EDGE('',*,*,#5935,.F.);
#8210=ORIENTED_EDGE('',*,*,#5920,.T.);
#8211=ORIENTED_EDGE('',*,*,#5936,.F.);
#8212=ORIENTED_EDGE('',*,*,#5935,.T.);
#8213=ORIENTED_EDGE('',*,*,#5937,.F.);
#8214=ORIENTED_EDGE('',*,*,#5936,.T.);
#8215=ORIENTED_EDGE('',*,*,#5850,.F.);
#8216=ORIENTED_EDGE('',*,*,#5923,.T.);
#8217=ORIENTED_EDGE('',*,*,#5938,.F.);
#8218=ORIENTED_EDGE('',*,*,#5712,.T.);
#8219=ORIENTED_EDGE('',*,*,#5939,.T.);
#8220=ORIENTED_EDGE('',*,*,#5938,.T.);
#8221=ORIENTED_EDGE('',*,*,#5940,.F.);
#8222=ORIENTED_EDGE('',*,*,#5941,.T.);
#8223=ORIENTED_EDGE('',*,*,#5942,.F.);
#8224=ORIENTED_EDGE('',*,*,#5940,.T.);
#8225=ORIENTED_EDGE('',*,*,#5943,.T.);
#8226=ORIENTED_EDGE('',*,*,#5942,.T.);
#8227=ORIENTED_EDGE('',*,*,#5944,.F.);
#8228=ORIENTED_EDGE('',*,*,#5945,.T.);
#8229=ORIENTED_EDGE('',*,*,#5946,.F.);
#8230=ORIENTED_EDGE('',*,*,#5944,.T.);
#8231=ORIENTED_EDGE('',*,*,#5947,.T.);
#8232=ORIENTED_EDGE('',*,*,#5946,.T.);
#8233=ORIENTED_EDGE('',*,*,#5948,.F.);
#8234=ORIENTED_EDGE('',*,*,#5949,.T.);
#8235=ORIENTED_EDGE('',*,*,#5950,.F.);
#8236=ORIENTED_EDGE('',*,*,#5948,.T.);
#8237=ORIENTED_EDGE('',*,*,#5951,.T.);
#8238=ORIENTED_EDGE('',*,*,#5950,.T.);
#8239=ORIENTED_EDGE('',*,*,#5952,.F.);
#8240=ORIENTED_EDGE('',*,*,#5953,.T.);
#8241=ORIENTED_EDGE('',*,*,#5954,.F.);
#8242=ORIENTED_EDGE('',*,*,#5952,.T.);
#8243=ORIENTED_EDGE('',*,*,#5955,.T.);
#8244=ORIENTED_EDGE('',*,*,#5954,.T.);
#8245=ORIENTED_EDGE('',*,*,#5846,.F.);
#8246=ORIENTED_EDGE('',*,*,#5956,.T.);
#8247=ORIENTED_EDGE('',*,*,#5957,.F.);
#8248=ORIENTED_EDGE('',*,*,#5713,.T.);
#8249=ORIENTED_EDGE('',*,*,#5941,.F.);
#8250=ORIENTED_EDGE('',*,*,#5957,.T.);
#8251=ORIENTED_EDGE('',*,*,#5958,.F.);
#8252=ORIENTED_EDGE('',*,*,#5925,.T.);
#8253=ORIENTED_EDGE('',*,*,#5959,.F.);
#8254=ORIENTED_EDGE('',*,*,#5958,.T.);
#8255=ORIENTED_EDGE('',*,*,#5945,.F.);
#8256=ORIENTED_EDGE('',*,*,#5959,.T.);
#8257=ORIENTED_EDGE('',*,*,#5960,.F.);
#8258=ORIENTED_EDGE('',*,*,#5928,.T.);
#8259=ORIENTED_EDGE('',*,*,#5961,.F.);
#8260=ORIENTED_EDGE('',*,*,#5960,.T.);
#8261=ORIENTED_EDGE('',*,*,#5949,.F.);
#8262=ORIENTED_EDGE('',*,*,#5961,.T.);
#8263=ORIENTED_EDGE('',*,*,#5962,.F.);
#8264=ORIENTED_EDGE('',*,*,#5931,.T.);
#8265=ORIENTED_EDGE('',*,*,#5963,.F.);
#8266=ORIENTED_EDGE('',*,*,#5962,.T.);
#8267=ORIENTED_EDGE('',*,*,#5953,.F.);
#8268=ORIENTED_EDGE('',*,*,#5963,.T.);
#8269=ORIENTED_EDGE('',*,*,#5964,.F.);
#8270=ORIENTED_EDGE('',*,*,#5934,.T.);
#8271=ORIENTED_EDGE('',*,*,#5965,.F.);
#8272=ORIENTED_EDGE('',*,*,#5964,.T.);
#8273=ORIENTED_EDGE('',*,*,#5956,.F.);
#8274=ORIENTED_EDGE('',*,*,#5965,.T.);
#8275=ORIENTED_EDGE('',*,*,#5787,.F.);
#8276=ORIENTED_EDGE('',*,*,#5937,.T.);
#8277=ORIENTED_EDGE('',*,*,#5966,.F.);
#8278=ORIENTED_EDGE('',*,*,#5711,.T.);
#8279=ORIENTED_EDGE('',*,*,#5967,.T.);
#8280=ORIENTED_EDGE('',*,*,#5966,.T.);
#8281=ORIENTED_EDGE('',*,*,#5968,.F.);
#8282=ORIENTED_EDGE('',*,*,#5939,.F.);
#8283=ORIENTED_EDGE('',*,*,#5969,.F.);
#8284=ORIENTED_EDGE('',*,*,#5968,.T.);
#8285=ORIENTED_EDGE('',*,*,#5970,.T.);
#8286=ORIENTED_EDGE('',*,*,#5969,.T.);
#8287=ORIENTED_EDGE('',*,*,#5971,.F.);
#8288=ORIENTED_EDGE('',*,*,#5943,.F.);
#8289=ORIENTED_EDGE('',*,*,#5972,.F.);
#8290=ORIENTED_EDGE('',*,*,#5971,.T.);
#8291=ORIENTED_EDGE('',*,*,#5973,.T.);
#8292=ORIENTED_EDGE('',*,*,#5972,.T.);
#8293=ORIENTED_EDGE('',*,*,#5974,.F.);
#8294=ORIENTED_EDGE('',*,*,#5947,.F.);
#8295=ORIENTED_EDGE('',*,*,#5975,.F.);
#8296=ORIENTED_EDGE('',*,*,#5974,.T.);
#8297=ORIENTED_EDGE('',*,*,#5976,.T.);
#8298=ORIENTED_EDGE('',*,*,#5975,.T.);
#8299=ORIENTED_EDGE('',*,*,#5977,.F.);
#8300=ORIENTED_EDGE('',*,*,#5951,.F.);
#8301=ORIENTED_EDGE('',*,*,#5978,.F.);
#8302=ORIENTED_EDGE('',*,*,#5977,.T.);
#8303=ORIENTED_EDGE('',*,*,#5979,.T.);
#8304=ORIENTED_EDGE('',*,*,#5978,.T.);
#8305=ORIENTED_EDGE('',*,*,#5814,.F.);
#8306=ORIENTED_EDGE('',*,*,#5955,.F.);
#8307=ORIENTED_EDGE('',*,*,#5980,.T.);
#8308=ORIENTED_EDGE('',*,*,#5981,.T.);
#8309=ORIENTED_EDGE('',*,*,#5982,.F.);
#8310=ORIENTED_EDGE('',*,*,#5980,.F.);
#8311=ORIENTED_EDGE('',*,*,#5967,.F.);
#8312=ORIENTED_EDGE('',*,*,#5710,.T.);
#8313=ORIENTED_EDGE('',*,*,#5983,.T.);
#8314=ORIENTED_EDGE('',*,*,#5984,.T.);
#8315=ORIENTED_EDGE('',*,*,#5985,.F.);
#8316=ORIENTED_EDGE('',*,*,#5983,.F.);
#8317=ORIENTED_EDGE('',*,*,#5970,.F.);
#8318=ORIENTED_EDGE('',*,*,#5982,.T.);
#8319=ORIENTED_EDGE('',*,*,#5986,.T.);
#8320=ORIENTED_EDGE('',*,*,#5987,.T.);
#8321=ORIENTED_EDGE('',*,*,#5988,.F.);
#8322=ORIENTED_EDGE('',*,*,#5986,.F.);
#8323=ORIENTED_EDGE('',*,*,#5973,.F.);
#8324=ORIENTED_EDGE('',*,*,#5985,.T.);
#8325=ORIENTED_EDGE('',*,*,#5989,.F.);
#8326=ORIENTED_EDGE('',*,*,#5988,.T.);
#8327=ORIENTED_EDGE('',*,*,#5990,.T.);
#8328=ORIENTED_EDGE('',*,*,#5989,.T.);
#8329=ORIENTED_EDGE('',*,*,#5991,.F.);
#8330=ORIENTED_EDGE('',*,*,#5976,.F.);
#8331=ORIENTED_EDGE('',*,*,#5992,.F.);
#8332=ORIENTED_EDGE('',*,*,#5991,.T.);
#8333=ORIENTED_EDGE('',*,*,#5993,.T.);
#8334=ORIENTED_EDGE('',*,*,#5992,.T.);
#8335=ORIENTED_EDGE('',*,*,#5878,.F.);
#8336=ORIENTED_EDGE('',*,*,#5979,.F.);
#8337=ORIENTED_EDGE('',*,*,#5888,.F.);
#8338=ORIENTED_EDGE('',*,*,#5994,.T.);
#8339=ORIENTED_EDGE('',*,*,#5995,.F.);
#8340=ORIENTED_EDGE('',*,*,#5996,.F.);
#8341=ORIENTED_EDGE('',*,*,#5889,.F.);
#8342=ORIENTED_EDGE('',*,*,#5996,.T.);
#8343=ORIENTED_EDGE('',*,*,#5997,.F.);
#8344=ORIENTED_EDGE('',*,*,#5998,.F.);
#8345=ORIENTED_EDGE('',*,*,#5890,.F.);
#8346=ORIENTED_EDGE('',*,*,#5998,.T.);
#8347=ORIENTED_EDGE('',*,*,#5999,.F.);
#8348=ORIENTED_EDGE('',*,*,#5749,.F.);
#8349=ORIENTED_EDGE('',*,*,#6000,.F.);
#8350=ORIENTED_EDGE('',*,*,#6001,.T.);
#8351=ORIENTED_EDGE('',*,*,#5718,.T.);
#8352=ORIENTED_EDGE('',*,*,#6002,.F.);
#8353=ORIENTED_EDGE('',*,*,#6003,.F.);
#8354=ORIENTED_EDGE('',*,*,#6004,.T.);
#8355=ORIENTED_EDGE('',*,*,#6000,.T.);
#8356=ORIENTED_EDGE('',*,*,#6005,.F.);
#8357=ORIENTED_EDGE('',*,*,#6006,.F.);
#8358=ORIENTED_EDGE('',*,*,#6007,.T.);
#8359=ORIENTED_EDGE('',*,*,#6003,.T.);
#8360=ORIENTED_EDGE('',*,*,#6008,.F.);
#8361=ORIENTED_EDGE('',*,*,#6009,.T.);
#8362=ORIENTED_EDGE('',*,*,#6006,.T.);
#8363=ORIENTED_EDGE('',*,*,#6010,.F.);
#8364=ORIENTED_EDGE('',*,*,#6011,.F.);
#8365=ORIENTED_EDGE('',*,*,#6012,.T.);
#8366=ORIENTED_EDGE('',*,*,#6011,.T.);
#8367=ORIENTED_EDGE('',*,*,#6013,.F.);
#8368=ORIENTED_EDGE('',*,*,#5750,.F.);
#8369=ORIENTED_EDGE('',*,*,#6014,.T.);
#8370=ORIENTED_EDGE('',*,*,#5717,.T.);
#8371=ORIENTED_EDGE('',*,*,#5902,.F.);
#8372=ORIENTED_EDGE('',*,*,#6014,.F.);
#8373=ORIENTED_EDGE('',*,*,#6015,.F.);
#8374=ORIENTED_EDGE('',*,*,#6002,.T.);
#8375=ORIENTED_EDGE('',*,*,#6016,.T.);
#8376=ORIENTED_EDGE('',*,*,#6015,.T.);
#8377=ORIENTED_EDGE('',*,*,#5899,.F.);
#8378=ORIENTED_EDGE('',*,*,#6016,.F.);
#8379=ORIENTED_EDGE('',*,*,#6017,.F.);
#8380=ORIENTED_EDGE('',*,*,#6005,.T.);
#8381=ORIENTED_EDGE('',*,*,#6018,.F.);
#8382=ORIENTED_EDGE('',*,*,#6017,.T.);
#8383=ORIENTED_EDGE('',*,*,#5895,.F.);
#8384=ORIENTED_EDGE('',*,*,#6018,.T.);
#8385=ORIENTED_EDGE('',*,*,#6019,.F.);
#8386=ORIENTED_EDGE('',*,*,#6008,.T.);
#8387=ORIENTED_EDGE('',*,*,#6020,.T.);
#8388=ORIENTED_EDGE('',*,*,#5906,.F.);
#8389=ORIENTED_EDGE('',*,*,#6021,.F.);
#8390=ORIENTED_EDGE('',*,*,#6020,.F.);
#8391=ORIENTED_EDGE('',*,*,#6010,.T.);
#8392=ORIENTED_EDGE('',*,*,#6019,.T.);
#8393=ORIENTED_EDGE('',*,*,#6022,.T.);
#8394=ORIENTED_EDGE('',*,*,#5909,.F.);
#8395=ORIENTED_EDGE('',*,*,#5821,.F.);
#8396=ORIENTED_EDGE('',*,*,#6022,.F.);
#8397=ORIENTED_EDGE('',*,*,#6013,.T.);
#8398=ORIENTED_EDGE('',*,*,#6021,.T.);
#8399=ORIENTED_EDGE('',*,*,#6023,.F.);
#8400=ORIENTED_EDGE('',*,*,#5703,.T.);
#8401=ORIENTED_EDGE('',*,*,#6024,.F.);
#8402=ORIENTED_EDGE('',*,*,#5701,.F.);
#8403=ORIENTED_EDGE('',*,*,#6025,.T.);
#8404=ORIENTED_EDGE('',*,*,#5693,.T.);
#8405=ORIENTED_EDGE('',*,*,#6026,.F.);
#8406=ORIENTED_EDGE('',*,*,#6027,.F.);
#8407=ORIENTED_EDGE('',*,*,#6026,.T.);
#8408=ORIENTED_EDGE('',*,*,#5696,.T.);
#8409=ORIENTED_EDGE('',*,*,#6028,.F.);
#8410=ORIENTED_EDGE('',*,*,#6029,.F.);
#8411=ORIENTED_EDGE('',*,*,#6028,.T.);
#8412=ORIENTED_EDGE('',*,*,#5699,.T.);
#8413=ORIENTED_EDGE('',*,*,#6030,.F.);
#8414=ORIENTED_EDGE('',*,*,#6031,.F.);
#8415=ORIENTED_EDGE('',*,*,#6032,.F.);
#8416=ORIENTED_EDGE('',*,*,#6030,.T.);
#8417=ORIENTED_EDGE('',*,*,#5702,.T.);
#8418=ORIENTED_EDGE('',*,*,#6033,.F.);
#8419=ORIENTED_EDGE('',*,*,#6034,.F.);
#8420=ORIENTED_EDGE('',*,*,#6033,.T.);
#8421=ORIENTED_EDGE('',*,*,#6024,.T.);
#8422=ORIENTED_EDGE('',*,*,#5719,.F.);
#8423=ORIENTED_EDGE('',*,*,#6035,.F.);
#8424=ORIENTED_EDGE('',*,*,#6036,.T.);
#8425=ORIENTED_EDGE('',*,*,#6037,.F.);
#8426=ORIENTED_EDGE('',*,*,#6038,.F.);
#8427=ORIENTED_EDGE('',*,*,#6039,.F.);
#8428=ORIENTED_EDGE('',*,*,#6038,.T.);
#8429=ORIENTED_EDGE('',*,*,#6040,.F.);
#8430=ORIENTED_EDGE('',*,*,#6041,.F.);
#8431=ORIENTED_EDGE('',*,*,#6042,.F.);
#8432=ORIENTED_EDGE('',*,*,#6041,.T.);
#8433=ORIENTED_EDGE('',*,*,#6043,.F.);
#8434=ORIENTED_EDGE('',*,*,#6044,.F.);
#8435=ORIENTED_EDGE('',*,*,#6045,.F.);
#8436=ORIENTED_EDGE('',*,*,#6044,.T.);
#8437=ORIENTED_EDGE('',*,*,#6046,.F.);
#8438=ORIENTED_EDGE('',*,*,#6047,.F.);
#8439=ORIENTED_EDGE('',*,*,#6048,.F.);
#8440=ORIENTED_EDGE('',*,*,#6047,.T.);
#8441=ORIENTED_EDGE('',*,*,#6049,.F.);
#8442=ORIENTED_EDGE('',*,*,#5705,.F.);
#8443=ORIENTED_EDGE('',*,*,#6050,.T.);
#8444=ORIENTED_EDGE('',*,*,#5870,.F.);
#8445=ORIENTED_EDGE('',*,*,#6051,.F.);
#8446=ORIENTED_EDGE('',*,*,#6050,.F.);
#8447=ORIENTED_EDGE('',*,*,#6052,.T.);
#8448=ORIENTED_EDGE('',*,*,#6037,.T.);
#8449=ORIENTED_EDGE('',*,*,#6053,.T.);
#8450=ORIENTED_EDGE('',*,*,#6052,.F.);
#8451=ORIENTED_EDGE('',*,*,#6054,.F.);
#8452=ORIENTED_EDGE('',*,*,#6053,.F.);
#8453=ORIENTED_EDGE('',*,*,#6055,.T.);
#8454=ORIENTED_EDGE('',*,*,#6040,.T.);
#8455=ORIENTED_EDGE('',*,*,#6056,.T.);
#8456=ORIENTED_EDGE('',*,*,#6043,.T.);
#8457=ORIENTED_EDGE('',*,*,#6055,.F.);
#8458=ORIENTED_EDGE('',*,*,#6056,.F.);
#8459=ORIENTED_EDGE('',*,*,#6057,.F.);
#8460=ORIENTED_EDGE('',*,*,#6058,.T.);
#8461=ORIENTED_EDGE('',*,*,#6059,.F.);
#8462=ORIENTED_EDGE('',*,*,#6046,.T.);
#8463=ORIENTED_EDGE('',*,*,#6058,.F.);
#8464=ORIENTED_EDGE('',*,*,#6059,.T.);
#8465=ORIENTED_EDGE('',*,*,#6060,.F.);
#8466=ORIENTED_EDGE('',*,*,#6061,.T.);
#8467=ORIENTED_EDGE('',*,*,#6062,.F.);
#8468=ORIENTED_EDGE('',*,*,#6049,.T.);
#8469=ORIENTED_EDGE('',*,*,#6061,.F.);
#8470=ORIENTED_EDGE('',*,*,#6062,.T.);
#8471=ORIENTED_EDGE('',*,*,#6063,.F.);
#8472=ORIENTED_EDGE('',*,*,#5706,.T.);
#8473=ORIENTED_EDGE('',*,*,#6064,.T.);
#8474=ORIENTED_EDGE('',*,*,#5755,.F.);
#8475=ORIENTED_EDGE('',*,*,#6065,.F.);
#8476=ORIENTED_EDGE('',*,*,#6064,.F.);
#8477=ORIENTED_EDGE('',*,*,#6066,.T.);
#8478=ORIENTED_EDGE('',*,*,#6051,.T.);
#8479=ORIENTED_EDGE('',*,*,#6067,.T.);
#8480=ORIENTED_EDGE('',*,*,#6066,.F.);
#8481=ORIENTED_EDGE('',*,*,#6068,.F.);
#8482=ORIENTED_EDGE('',*,*,#6067,.F.);
#8483=ORIENTED_EDGE('',*,*,#6069,.T.);
#8484=ORIENTED_EDGE('',*,*,#6054,.T.);
#8485=ORIENTED_EDGE('',*,*,#6070,.T.);
#8486=ORIENTED_EDGE('',*,*,#6057,.T.);
#8487=ORIENTED_EDGE('',*,*,#6069,.F.);
#8488=ORIENTED_EDGE('',*,*,#6070,.F.);
#8489=ORIENTED_EDGE('',*,*,#6071,.F.);
#8490=ORIENTED_EDGE('',*,*,#6072,.T.);
#8491=ORIENTED_EDGE('',*,*,#6073,.T.);
#8492=ORIENTED_EDGE('',*,*,#6060,.T.);
#8493=ORIENTED_EDGE('',*,*,#6072,.F.);
#8494=ORIENTED_EDGE('',*,*,#6073,.F.);
#8495=ORIENTED_EDGE('',*,*,#6074,.F.);
#8496=ORIENTED_EDGE('',*,*,#6075,.T.);
#8497=ORIENTED_EDGE('',*,*,#6076,.T.);
#8498=ORIENTED_EDGE('',*,*,#6063,.T.);
#8499=ORIENTED_EDGE('',*,*,#6075,.F.);
#8500=ORIENTED_EDGE('',*,*,#6076,.F.);
#8501=ORIENTED_EDGE('',*,*,#6077,.F.);
#8502=ORIENTED_EDGE('',*,*,#5707,.T.);
#8503=ORIENTED_EDGE('',*,*,#6078,.T.);
#8504=ORIENTED_EDGE('',*,*,#5862,.F.);
#8505=ORIENTED_EDGE('',*,*,#6079,.F.);
#8506=ORIENTED_EDGE('',*,*,#6078,.F.);
#8507=ORIENTED_EDGE('',*,*,#6080,.T.);
#8508=ORIENTED_EDGE('',*,*,#6065,.T.);
#8509=ORIENTED_EDGE('',*,*,#6081,.T.);
#8510=ORIENTED_EDGE('',*,*,#6080,.F.);
#8511=ORIENTED_EDGE('',*,*,#6082,.F.);
#8512=ORIENTED_EDGE('',*,*,#6081,.F.);
#8513=ORIENTED_EDGE('',*,*,#6083,.T.);
#8514=ORIENTED_EDGE('',*,*,#6068,.T.);
#8515=ORIENTED_EDGE('',*,*,#6084,.T.);
#8516=ORIENTED_EDGE('',*,*,#6071,.T.);
#8517=ORIENTED_EDGE('',*,*,#6083,.F.);
#8518=ORIENTED_EDGE('',*,*,#6084,.F.);
#8519=ORIENTED_EDGE('',*,*,#6085,.F.);
#8520=ORIENTED_EDGE('',*,*,#6086,.T.);
#8521=ORIENTED_EDGE('',*,*,#6087,.T.);
#8522=ORIENTED_EDGE('',*,*,#6074,.T.);
#8523=ORIENTED_EDGE('',*,*,#6086,.F.);
#8524=ORIENTED_EDGE('',*,*,#6087,.F.);
#8525=ORIENTED_EDGE('',*,*,#6088,.F.);
#8526=ORIENTED_EDGE('',*,*,#6089,.T.);
#8527=ORIENTED_EDGE('',*,*,#6090,.T.);
#8528=ORIENTED_EDGE('',*,*,#6077,.T.);
#8529=ORIENTED_EDGE('',*,*,#6089,.F.);
#8530=ORIENTED_EDGE('',*,*,#6090,.F.);
#8531=ORIENTED_EDGE('',*,*,#6091,.F.);
#8532=ORIENTED_EDGE('',*,*,#5708,.T.);
#8533=ORIENTED_EDGE('',*,*,#6092,.F.);
#8534=ORIENTED_EDGE('',*,*,#6093,.T.);
#8535=ORIENTED_EDGE('',*,*,#6079,.T.);
#8536=ORIENTED_EDGE('',*,*,#6092,.T.);
#8537=ORIENTED_EDGE('',*,*,#5840,.F.);
#8538=ORIENTED_EDGE('',*,*,#5993,.F.);
#8539=ORIENTED_EDGE('',*,*,#6094,.F.);
#8540=ORIENTED_EDGE('',*,*,#6095,.T.);
#8541=ORIENTED_EDGE('',*,*,#6082,.T.);
#8542=ORIENTED_EDGE('',*,*,#6094,.T.);
#8543=ORIENTED_EDGE('',*,*,#6093,.F.);
#8544=ORIENTED_EDGE('',*,*,#5990,.F.);
#8545=ORIENTED_EDGE('',*,*,#6096,.T.);
#8546=ORIENTED_EDGE('',*,*,#6085,.T.);
#8547=ORIENTED_EDGE('',*,*,#6095,.F.);
#8548=ORIENTED_EDGE('',*,*,#6096,.F.);
#8549=ORIENTED_EDGE('',*,*,#5987,.F.);
#8550=ORIENTED_EDGE('',*,*,#6097,.T.);
#8551=ORIENTED_EDGE('',*,*,#6098,.T.);
#8552=ORIENTED_EDGE('',*,*,#6088,.T.);
#8553=ORIENTED_EDGE('',*,*,#6097,.F.);
#8554=ORIENTED_EDGE('',*,*,#6098,.F.);
#8555=ORIENTED_EDGE('',*,*,#5984,.F.);
#8556=ORIENTED_EDGE('',*,*,#6099,.T.);
#8557=ORIENTED_EDGE('',*,*,#6100,.T.);
#8558=ORIENTED_EDGE('',*,*,#6091,.T.);
#8559=ORIENTED_EDGE('',*,*,#6099,.F.);
#8560=ORIENTED_EDGE('',*,*,#6100,.F.);
#8561=ORIENTED_EDGE('',*,*,#5981,.F.);
#8562=ORIENTED_EDGE('',*,*,#5709,.T.);
#8563=ORIENTED_EDGE('',*,*,#6101,.T.);
#8564=ORIENTED_EDGE('',*,*,#6102,.F.);
#8565=ORIENTED_EDGE('',*,*,#6012,.F.);
#8566=ORIENTED_EDGE('',*,*,#6101,.F.);
#8567=ORIENTED_EDGE('',*,*,#5999,.T.);
#8568=ORIENTED_EDGE('',*,*,#6103,.T.);
#8569=ORIENTED_EDGE('',*,*,#6104,.T.);
#8570=ORIENTED_EDGE('',*,*,#6105,.F.);
#8571=ORIENTED_EDGE('',*,*,#6106,.F.);
#8572=ORIENTED_EDGE('',*,*,#6104,.F.);
#8573=ORIENTED_EDGE('',*,*,#6107,.T.);
#8574=ORIENTED_EDGE('',*,*,#6108,.T.);
#8575=ORIENTED_EDGE('',*,*,#6109,.T.);
#8576=ORIENTED_EDGE('',*,*,#6107,.F.);
#8577=ORIENTED_EDGE('',*,*,#6103,.F.);
#8578=ORIENTED_EDGE('',*,*,#6109,.F.);
#8579=ORIENTED_EDGE('',*,*,#5997,.T.);
#8580=ORIENTED_EDGE('',*,*,#6110,.T.);
#8581=ORIENTED_EDGE('',*,*,#6111,.T.);
#8582=ORIENTED_EDGE('',*,*,#6112,.F.);
#8583=ORIENTED_EDGE('',*,*,#6108,.F.);
#8584=ORIENTED_EDGE('',*,*,#6111,.F.);
#8585=ORIENTED_EDGE('',*,*,#6113,.T.);
#8586=ORIENTED_EDGE('',*,*,#6114,.T.);
#8587=ORIENTED_EDGE('',*,*,#6115,.T.);
#8588=ORIENTED_EDGE('',*,*,#6113,.F.);
#8589=ORIENTED_EDGE('',*,*,#6110,.F.);
#8590=ORIENTED_EDGE('',*,*,#6115,.F.);
#8591=ORIENTED_EDGE('',*,*,#5995,.T.);
#8592=ORIENTED_EDGE('',*,*,#6116,.T.);
#8593=ORIENTED_EDGE('',*,*,#6117,.T.);
#8594=ORIENTED_EDGE('',*,*,#6118,.F.);
#8595=ORIENTED_EDGE('',*,*,#6114,.F.);
#8596=ORIENTED_EDGE('',*,*,#6117,.F.);
#8597=ORIENTED_EDGE('',*,*,#6119,.T.);
#8598=ORIENTED_EDGE('',*,*,#6120,.T.);
#8599=ORIENTED_EDGE('',*,*,#6121,.T.);
#8600=ORIENTED_EDGE('',*,*,#6119,.F.);
#8601=ORIENTED_EDGE('',*,*,#6116,.F.);
#8602=ORIENTED_EDGE('',*,*,#6121,.F.);
#8603=ORIENTED_EDGE('',*,*,#6122,.T.);
#8604=ORIENTED_EDGE('',*,*,#6123,.T.);
#8605=ORIENTED_EDGE('',*,*,#6124,.T.);
#8606=ORIENTED_EDGE('',*,*,#6125,.F.);
#8607=ORIENTED_EDGE('',*,*,#6120,.F.);
#8608=ORIENTED_EDGE('',*,*,#6124,.F.);
#8609=ORIENTED_EDGE('',*,*,#6126,.T.);
#8610=ORIENTED_EDGE('',*,*,#6029,.T.);
#8611=ORIENTED_EDGE('',*,*,#6127,.T.);
#8612=ORIENTED_EDGE('',*,*,#6126,.F.);
#8613=ORIENTED_EDGE('',*,*,#6123,.F.);
#8614=ORIENTED_EDGE('',*,*,#6127,.F.);
#8615=ORIENTED_EDGE('',*,*,#6128,.T.);
#8616=ORIENTED_EDGE('',*,*,#6027,.T.);
#8617=ORIENTED_EDGE('',*,*,#6129,.F.);
#8618=ORIENTED_EDGE('',*,*,#6130,.T.);
#8619=ORIENTED_EDGE('',*,*,#6131,.F.);
#8620=ORIENTED_EDGE('',*,*,#6129,.T.);
#8621=ORIENTED_EDGE('',*,*,#6132,.F.);
#8622=ORIENTED_EDGE('',*,*,#6133,.T.);
#8623=ORIENTED_EDGE('',*,*,#6134,.F.);
#8624=ORIENTED_EDGE('',*,*,#6132,.T.);
#8625=ORIENTED_EDGE('',*,*,#6135,.F.);
#8626=ORIENTED_EDGE('',*,*,#6134,.T.);
#8627=ORIENTED_EDGE('',*,*,#6136,.F.);
#8628=ORIENTED_EDGE('',*,*,#6137,.T.);
#8629=ORIENTED_EDGE('',*,*,#6138,.F.);
#8630=ORIENTED_EDGE('',*,*,#6139,.T.);
#8631=ORIENTED_EDGE('',*,*,#6137,.F.);
#8632=ORIENTED_EDGE('',*,*,#6138,.T.);
#8633=ORIENTED_EDGE('',*,*,#6140,.F.);
#8634=ORIENTED_EDGE('',*,*,#6105,.T.);
#8635=ORIENTED_EDGE('',*,*,#6141,.F.);
#8636=ORIENTED_EDGE('',*,*,#6142,.T.);
#8637=ORIENTED_EDGE('',*,*,#6133,.F.);
#8638=ORIENTED_EDGE('',*,*,#6141,.T.);
#8639=ORIENTED_EDGE('',*,*,#6139,.F.);
#8640=ORIENTED_EDGE('',*,*,#6112,.T.);
#8641=ORIENTED_EDGE('',*,*,#6001,.F.);
#8642=ORIENTED_EDGE('',*,*,#6143,.T.);
#8643=ORIENTED_EDGE('',*,*,#6144,.T.);
#8644=ORIENTED_EDGE('',*,*,#6145,.F.);
#8645=ORIENTED_EDGE('',*,*,#6136,.T.);
#8646=ORIENTED_EDGE('',*,*,#6143,.F.);
#8647=ORIENTED_EDGE('',*,*,#6145,.T.);
#8648=ORIENTED_EDGE('',*,*,#6004,.F.);
#8649=ORIENTED_EDGE('',*,*,#6146,.T.);
#8650=ORIENTED_EDGE('',*,*,#6144,.F.);
#8651=ORIENTED_EDGE('',*,*,#6135,.T.);
#8652=ORIENTED_EDGE('',*,*,#6147,.T.);
#8653=ORIENTED_EDGE('',*,*,#6148,.F.);
#8654=ORIENTED_EDGE('',*,*,#6149,.T.);
#8655=ORIENTED_EDGE('',*,*,#6150,.T.);
#8656=ORIENTED_EDGE('',*,*,#6151,.F.);
#8657=ORIENTED_EDGE('',*,*,#6152,.T.);
#8658=ORIENTED_EDGE('',*,*,#6149,.F.);
#8659=ORIENTED_EDGE('',*,*,#6151,.T.);
#8660=ORIENTED_EDGE('',*,*,#6130,.F.);
#8661=ORIENTED_EDGE('',*,*,#6153,.T.);
#8662=ORIENTED_EDGE('',*,*,#6154,.T.);
#8663=ORIENTED_EDGE('',*,*,#6155,.T.);
#8664=ORIENTED_EDGE('',*,*,#6153,.F.);
#8665=ORIENTED_EDGE('',*,*,#6154,.F.);
#8666=ORIENTED_EDGE('',*,*,#6142,.F.);
#8667=ORIENTED_EDGE('',*,*,#6118,.T.);
#8668=ORIENTED_EDGE('',*,*,#6150,.F.);
#8669=ORIENTED_EDGE('',*,*,#6156,.T.);
#8670=ORIENTED_EDGE('',*,*,#6034,.T.);
#8671=ORIENTED_EDGE('',*,*,#6157,.T.);
#8672=ORIENTED_EDGE('',*,*,#6032,.T.);
#8673=ORIENTED_EDGE('',*,*,#6156,.F.);
#8674=ORIENTED_EDGE('',*,*,#6157,.F.);
#8675=ORIENTED_EDGE('',*,*,#6152,.F.);
#8676=ORIENTED_EDGE('',*,*,#6158,.T.);
#8677=ORIENTED_EDGE('',*,*,#6159,.T.);
#8678=ORIENTED_EDGE('',*,*,#6158,.F.);
#8679=ORIENTED_EDGE('',*,*,#6155,.F.);
#8680=ORIENTED_EDGE('',*,*,#6159,.F.);
#8681=ORIENTED_EDGE('',*,*,#6125,.T.);
#8682=ORIENTED_EDGE('',*,*,#6031,.T.);
#8683=ORIENTED_EDGE('',*,*,#6160,.T.);
#8684=ORIENTED_EDGE('',*,*,#6146,.F.);
#8685=ORIENTED_EDGE('',*,*,#6007,.F.);
#8686=ORIENTED_EDGE('',*,*,#6160,.F.);
#8687=ORIENTED_EDGE('',*,*,#6161,.T.);
#8688=ORIENTED_EDGE('',*,*,#6140,.T.);
#8689=ORIENTED_EDGE('',*,*,#6162,.T.);
#8690=ORIENTED_EDGE('',*,*,#6161,.F.);
#8691=ORIENTED_EDGE('',*,*,#6009,.F.);
#8692=ORIENTED_EDGE('',*,*,#6162,.F.);
#8693=ORIENTED_EDGE('',*,*,#6102,.T.);
#8694=ORIENTED_EDGE('',*,*,#6106,.T.);
#8695=ORIENTED_EDGE('',*,*,#6147,.F.);
#8696=ORIENTED_EDGE('',*,*,#6131,.T.);
#8697=ORIENTED_EDGE('',*,*,#6148,.T.);
#8698=ORIENTED_EDGE('',*,*,#5884,.F.);
#8699=ORIENTED_EDGE('',*,*,#5868,.T.);
#8700=ORIENTED_EDGE('',*,*,#6036,.F.);
#8701=ORIENTED_EDGE('',*,*,#6163,.F.);
#8702=ORIENTED_EDGE('',*,*,#5885,.F.);
#8703=ORIENTED_EDGE('',*,*,#6163,.T.);
#8704=ORIENTED_EDGE('',*,*,#6035,.T.);
#8705=ORIENTED_EDGE('',*,*,#6039,.T.);
#8706=ORIENTED_EDGE('',*,*,#6042,.T.);
#8707=ORIENTED_EDGE('',*,*,#6045,.T.);
#8708=ORIENTED_EDGE('',*,*,#6048,.T.);
#8709=ORIENTED_EDGE('',*,*,#5704,.T.);
#8710=ORIENTED_EDGE('',*,*,#6023,.T.);
#8711=ORIENTED_EDGE('',*,*,#5700,.T.);
#8712=ORIENTED_EDGE('',*,*,#5697,.T.);
#8713=ORIENTED_EDGE('',*,*,#5694,.T.);
#8714=ORIENTED_EDGE('',*,*,#5691,.T.);
#8715=ORIENTED_EDGE('',*,*,#6025,.F.);
#8716=ORIENTED_EDGE('',*,*,#6164,.F.);
#8717=ORIENTED_EDGE('',*,*,#5886,.F.);
#8718=ORIENTED_EDGE('',*,*,#6164,.T.);
#8719=ORIENTED_EDGE('',*,*,#6128,.F.);
#8720=ORIENTED_EDGE('',*,*,#6165,.F.);
#8721=ORIENTED_EDGE('',*,*,#5887,.F.);
#8722=ORIENTED_EDGE('',*,*,#6165,.T.);
#8723=ORIENTED_EDGE('',*,*,#6122,.F.);
#8724=ORIENTED_EDGE('',*,*,#5994,.F.);
#8725=ORIENTED_EDGE('',*,*,#6166,.T.);
#8726=ORIENTED_EDGE('',*,*,#6167,.T.);
#8727=ORIENTED_EDGE('',*,*,#6168,.T.);
#8728=ORIENTED_EDGE('',*,*,#6169,.T.);
#8729=ORIENTED_EDGE('',*,*,#6170,.T.);
#8730=ORIENTED_EDGE('',*,*,#6171,.T.);
#8731=ORIENTED_EDGE('',*,*,#6172,.F.);
#8732=ORIENTED_EDGE('',*,*,#6173,.F.);
#8733=ORIENTED_EDGE('',*,*,#6174,.T.);
#8734=ORIENTED_EDGE('',*,*,#6175,.T.);
#8735=ORIENTED_EDGE('',*,*,#6176,.F.);
#8736=ORIENTED_EDGE('',*,*,#6177,.F.);
#8737=ORIENTED_EDGE('',*,*,#6178,.T.);
#8738=ORIENTED_EDGE('',*,*,#6173,.T.);
#8739=ORIENTED_EDGE('',*,*,#6179,.F.);
#8740=ORIENTED_EDGE('',*,*,#6180,.F.);
#8741=ORIENTED_EDGE('',*,*,#6181,.T.);
#8742=ORIENTED_EDGE('',*,*,#6177,.T.);
#8743=ORIENTED_EDGE('',*,*,#6182,.F.);
#8744=ORIENTED_EDGE('',*,*,#6183,.F.);
#8745=ORIENTED_EDGE('',*,*,#6184,.T.);
#8746=ORIENTED_EDGE('',*,*,#6180,.T.);
#8747=ORIENTED_EDGE('',*,*,#6185,.F.);
#8748=ORIENTED_EDGE('',*,*,#6186,.F.);
#8749=ORIENTED_EDGE('',*,*,#6187,.T.);
#8750=ORIENTED_EDGE('',*,*,#6183,.T.);
#8751=ORIENTED_EDGE('',*,*,#6171,.F.);
#8752=ORIENTED_EDGE('',*,*,#6188,.F.);
#8753=ORIENTED_EDGE('',*,*,#6189,.T.);
#8754=ORIENTED_EDGE('',*,*,#6186,.T.);
#8755=ORIENTED_EDGE('',*,*,#6190,.F.);
#8756=ORIENTED_EDGE('',*,*,#6170,.F.);
#8757=ORIENTED_EDGE('',*,*,#6191,.F.);
#8758=ORIENTED_EDGE('',*,*,#6192,.F.);
#8759=ORIENTED_EDGE('',*,*,#6188,.T.);
#8760=ORIENTED_EDGE('',*,*,#6169,.F.);
#8761=ORIENTED_EDGE('',*,*,#6193,.F.);
#8762=ORIENTED_EDGE('',*,*,#6194,.F.);
#8763=ORIENTED_EDGE('',*,*,#6191,.T.);
#8764=ORIENTED_EDGE('',*,*,#6195,.F.);
#8765=ORIENTED_EDGE('',*,*,#6196,.F.);
#8766=ORIENTED_EDGE('',*,*,#6197,.F.);
#8767=ORIENTED_EDGE('',*,*,#6193,.T.);
#8768=ORIENTED_EDGE('',*,*,#6168,.F.);
#8769=ORIENTED_EDGE('',*,*,#6198,.F.);
#8770=ORIENTED_EDGE('',*,*,#6199,.F.);
#8771=ORIENTED_EDGE('',*,*,#6200,.T.);
#8772=ORIENTED_EDGE('',*,*,#6196,.T.);
#8773=ORIENTED_EDGE('',*,*,#6201,.F.);
#8774=ORIENTED_EDGE('',*,*,#6202,.F.);
#8775=ORIENTED_EDGE('',*,*,#6203,.T.);
#8776=ORIENTED_EDGE('',*,*,#6199,.T.);
#8777=ORIENTED_EDGE('',*,*,#6204,.F.);
#8778=ORIENTED_EDGE('',*,*,#6205,.F.);
#8779=ORIENTED_EDGE('',*,*,#6206,.T.);
#8780=ORIENTED_EDGE('',*,*,#6202,.T.);
#8781=ORIENTED_EDGE('',*,*,#6207,.F.);
#8782=ORIENTED_EDGE('',*,*,#6208,.F.);
#8783=ORIENTED_EDGE('',*,*,#6209,.T.);
#8784=ORIENTED_EDGE('',*,*,#6205,.T.);
#8785=ORIENTED_EDGE('',*,*,#6210,.F.);
#8786=ORIENTED_EDGE('',*,*,#6211,.F.);
#8787=ORIENTED_EDGE('',*,*,#6212,.T.);
#8788=ORIENTED_EDGE('',*,*,#6208,.T.);
#8789=ORIENTED_EDGE('',*,*,#6213,.F.);
#8790=ORIENTED_EDGE('',*,*,#6175,.F.);
#8791=ORIENTED_EDGE('',*,*,#6214,.T.);
#8792=ORIENTED_EDGE('',*,*,#6211,.T.);
#8793=ORIENTED_EDGE('',*,*,#6192,.T.);
#8794=ORIENTED_EDGE('',*,*,#6194,.T.);
#8795=ORIENTED_EDGE('',*,*,#6197,.T.);
#8796=ORIENTED_EDGE('',*,*,#6200,.F.);
#8797=ORIENTED_EDGE('',*,*,#6203,.F.);
#8798=ORIENTED_EDGE('',*,*,#6206,.F.);
#8799=ORIENTED_EDGE('',*,*,#6209,.F.);
#8800=ORIENTED_EDGE('',*,*,#6212,.F.);
#8801=ORIENTED_EDGE('',*,*,#6214,.F.);
#8802=ORIENTED_EDGE('',*,*,#6174,.F.);
#8803=ORIENTED_EDGE('',*,*,#6178,.F.);
#8804=ORIENTED_EDGE('',*,*,#6181,.F.);
#8805=ORIENTED_EDGE('',*,*,#6184,.F.);
#8806=ORIENTED_EDGE('',*,*,#6187,.F.);
#8807=ORIENTED_EDGE('',*,*,#6189,.F.);
#8808=ORIENTED_EDGE('',*,*,#6190,.T.);
#8809=ORIENTED_EDGE('',*,*,#6185,.T.);
#8810=ORIENTED_EDGE('',*,*,#6182,.T.);
#8811=ORIENTED_EDGE('',*,*,#6179,.T.);
#8812=ORIENTED_EDGE('',*,*,#6176,.T.);
#8813=ORIENTED_EDGE('',*,*,#6172,.T.);
#8814=ORIENTED_EDGE('',*,*,#6213,.T.);
#8815=ORIENTED_EDGE('',*,*,#6210,.T.);
#8816=ORIENTED_EDGE('',*,*,#6207,.T.);
#8817=ORIENTED_EDGE('',*,*,#6204,.T.);
#8818=ORIENTED_EDGE('',*,*,#6201,.T.);
#8819=ORIENTED_EDGE('',*,*,#6198,.T.);
#8820=ORIENTED_EDGE('',*,*,#6195,.T.);
#8821=ORIENTED_EDGE('',*,*,#6215,.T.);
#8822=ORIENTED_EDGE('',*,*,#6216,.T.);
#8823=ORIENTED_EDGE('',*,*,#6217,.F.);
#8824=ORIENTED_EDGE('',*,*,#6218,.F.);
#8825=ORIENTED_EDGE('',*,*,#6219,.F.);
#8826=ORIENTED_EDGE('',*,*,#6220,.F.);
#8827=ORIENTED_EDGE('',*,*,#6221,.F.);
#8828=ORIENTED_EDGE('',*,*,#6222,.F.);
#8829=ORIENTED_EDGE('',*,*,#6223,.F.);
#8830=ORIENTED_EDGE('',*,*,#6224,.F.);
#8831=ORIENTED_EDGE('',*,*,#6225,.F.);
#8832=ORIENTED_EDGE('',*,*,#6226,.F.);
#8833=ORIENTED_EDGE('',*,*,#6227,.F.);
#8834=ORIENTED_EDGE('',*,*,#6228,.F.);
#8835=ORIENTED_EDGE('',*,*,#6229,.T.);
#8836=ORIENTED_EDGE('',*,*,#6230,.F.);
#8837=ORIENTED_EDGE('',*,*,#6231,.F.);
#8838=ORIENTED_EDGE('',*,*,#6232,.F.);
#8839=ORIENTED_EDGE('',*,*,#6233,.F.);
#8840=ORIENTED_EDGE('',*,*,#6234,.F.);
#8841=ORIENTED_EDGE('',*,*,#6235,.F.);
#8842=ORIENTED_EDGE('',*,*,#6236,.F.);
#8843=ORIENTED_EDGE('',*,*,#6237,.F.);
#8844=ORIENTED_EDGE('',*,*,#6238,.F.);
#8845=ORIENTED_EDGE('',*,*,#6239,.F.);
#8846=ORIENTED_EDGE('',*,*,#6240,.T.);
#8847=ORIENTED_EDGE('',*,*,#6241,.T.);
#8848=ORIENTED_EDGE('',*,*,#6231,.T.);
#8849=ORIENTED_EDGE('',*,*,#6242,.T.);
#8850=ORIENTED_EDGE('',*,*,#6239,.T.);
#8851=ORIENTED_EDGE('',*,*,#6230,.T.);
#8852=ORIENTED_EDGE('',*,*,#6243,.T.);
#8853=ORIENTED_EDGE('',*,*,#6244,.F.);
#8854=ORIENTED_EDGE('',*,*,#6245,.F.);
#8855=ORIENTED_EDGE('',*,*,#6222,.T.);
#8856=ORIENTED_EDGE('',*,*,#6246,.T.);
#8857=ORIENTED_EDGE('',*,*,#6238,.T.);
#8858=ORIENTED_EDGE('',*,*,#6247,.T.);
#8859=ORIENTED_EDGE('',*,*,#6248,.F.);
#8860=ORIENTED_EDGE('',*,*,#6243,.F.);
#8861=ORIENTED_EDGE('',*,*,#6237,.T.);
#8862=ORIENTED_EDGE('',*,*,#6249,.T.);
#8863=ORIENTED_EDGE('',*,*,#6250,.F.);
#8864=ORIENTED_EDGE('',*,*,#6247,.F.);
#8865=ORIENTED_EDGE('',*,*,#6236,.T.);
#8866=ORIENTED_EDGE('',*,*,#6251,.T.);
#8867=ORIENTED_EDGE('',*,*,#6252,.F.);
#8868=ORIENTED_EDGE('',*,*,#6249,.F.);
#8869=ORIENTED_EDGE('',*,*,#6235,.T.);
#8870=ORIENTED_EDGE('',*,*,#6253,.T.);
#8871=ORIENTED_EDGE('',*,*,#6254,.F.);
#8872=ORIENTED_EDGE('',*,*,#6251,.F.);
#8873=ORIENTED_EDGE('',*,*,#6234,.T.);
#8874=ORIENTED_EDGE('',*,*,#6255,.F.);
#8875=ORIENTED_EDGE('',*,*,#6253,.F.);
#8876=ORIENTED_EDGE('',*,*,#6256,.F.);
#8877=ORIENTED_EDGE('',*,*,#6257,.T.);
#8878=ORIENTED_EDGE('',*,*,#6258,.T.);
#8879=ORIENTED_EDGE('',*,*,#6240,.F.);
#8880=ORIENTED_EDGE('',*,*,#6242,.F.);
#8881=ORIENTED_EDGE('',*,*,#6259,.F.);
#8882=ORIENTED_EDGE('',*,*,#6260,.F.);
#8883=ORIENTED_EDGE('',*,*,#6261,.F.);
#8884=ORIENTED_EDGE('',*,*,#6262,.F.);
#8885=ORIENTED_EDGE('',*,*,#6263,.F.);
#8886=ORIENTED_EDGE('',*,*,#6264,.F.);
#8887=ORIENTED_EDGE('',*,*,#6265,.T.);
#8888=ORIENTED_EDGE('',*,*,#6266,.F.);
#8889=ORIENTED_EDGE('',*,*,#6257,.F.);
#8890=ORIENTED_EDGE('',*,*,#6266,.T.);
#8891=ORIENTED_EDGE('',*,*,#6267,.T.);
#8892=ORIENTED_EDGE('',*,*,#6232,.T.);
#8893=ORIENTED_EDGE('',*,*,#6241,.F.);
#8894=ORIENTED_EDGE('',*,*,#6258,.F.);
#8895=ORIENTED_EDGE('',*,*,#6264,.T.);
#8896=ORIENTED_EDGE('',*,*,#6268,.T.);
#8897=ORIENTED_EDGE('',*,*,#6269,.F.);
#8898=ORIENTED_EDGE('',*,*,#6167,.F.);
#8899=ORIENTED_EDGE('',*,*,#6270,.T.);
#8900=ORIENTED_EDGE('',*,*,#6271,.F.);
#8901=ORIENTED_EDGE('',*,*,#6268,.F.);
#8902=ORIENTED_EDGE('',*,*,#6272,.F.);
#8903=ORIENTED_EDGE('',*,*,#6215,.F.);
#8904=ORIENTED_EDGE('',*,*,#6256,.T.);
#8905=ORIENTED_EDGE('',*,*,#6273,.F.);
#8906=ORIENTED_EDGE('',*,*,#6216,.F.);
#8907=ORIENTED_EDGE('',*,*,#6272,.T.);
#8908=ORIENTED_EDGE('',*,*,#6263,.T.);
#8909=ORIENTED_EDGE('',*,*,#6274,.F.);
#8910=ORIENTED_EDGE('',*,*,#6217,.T.);
#8911=ORIENTED_EDGE('',*,*,#6273,.T.);
#8912=ORIENTED_EDGE('',*,*,#6262,.T.);
#8913=ORIENTED_EDGE('',*,*,#6275,.F.);
#8914=ORIENTED_EDGE('',*,*,#6218,.T.);
#8915=ORIENTED_EDGE('',*,*,#6274,.T.);
#8916=ORIENTED_EDGE('',*,*,#6261,.T.);
#8917=ORIENTED_EDGE('',*,*,#6276,.F.);
#8918=ORIENTED_EDGE('',*,*,#6219,.T.);
#8919=ORIENTED_EDGE('',*,*,#6275,.T.);
#8920=ORIENTED_EDGE('',*,*,#6260,.T.);
#8921=ORIENTED_EDGE('',*,*,#6277,.F.);
#8922=ORIENTED_EDGE('',*,*,#6220,.T.);
#8923=ORIENTED_EDGE('',*,*,#6276,.T.);
#8924=ORIENTED_EDGE('',*,*,#6259,.T.);
#8925=ORIENTED_EDGE('',*,*,#6246,.F.);
#8926=ORIENTED_EDGE('',*,*,#6221,.T.);
#8927=ORIENTED_EDGE('',*,*,#6277,.T.);
#8928=ORIENTED_EDGE('',*,*,#6223,.T.);
#8929=ORIENTED_EDGE('',*,*,#6245,.T.);
#8930=ORIENTED_EDGE('',*,*,#6278,.F.);
#8931=ORIENTED_EDGE('',*,*,#6279,.F.);
#8932=ORIENTED_EDGE('',*,*,#6224,.T.);
#8933=ORIENTED_EDGE('',*,*,#6279,.T.);
#8934=ORIENTED_EDGE('',*,*,#6280,.F.);
#8935=ORIENTED_EDGE('',*,*,#6281,.F.);
#8936=ORIENTED_EDGE('',*,*,#6225,.T.);
#8937=ORIENTED_EDGE('',*,*,#6281,.T.);
#8938=ORIENTED_EDGE('',*,*,#6282,.F.);
#8939=ORIENTED_EDGE('',*,*,#6283,.F.);
#8940=ORIENTED_EDGE('',*,*,#6226,.T.);
#8941=ORIENTED_EDGE('',*,*,#6283,.T.);
#8942=ORIENTED_EDGE('',*,*,#6284,.F.);
#8943=ORIENTED_EDGE('',*,*,#6285,.F.);
#8944=ORIENTED_EDGE('',*,*,#6227,.T.);
#8945=ORIENTED_EDGE('',*,*,#6285,.T.);
#8946=ORIENTED_EDGE('',*,*,#6286,.F.);
#8947=ORIENTED_EDGE('',*,*,#6287,.F.);
#8948=ORIENTED_EDGE('',*,*,#6228,.T.);
#8949=ORIENTED_EDGE('',*,*,#6287,.T.);
#8950=ORIENTED_EDGE('',*,*,#6288,.F.);
#8951=ORIENTED_EDGE('',*,*,#6289,.F.);
#8952=ORIENTED_EDGE('',*,*,#6229,.F.);
#8953=ORIENTED_EDGE('',*,*,#6289,.T.);
#8954=ORIENTED_EDGE('',*,*,#6290,.F.);
#8955=ORIENTED_EDGE('',*,*,#6270,.F.);
#8956=ORIENTED_EDGE('',*,*,#6166,.F.);
#8957=ORIENTED_EDGE('',*,*,#6290,.T.);
#8958=ORIENTED_EDGE('',*,*,#6288,.T.);
#8959=ORIENTED_EDGE('',*,*,#6286,.T.);
#8960=ORIENTED_EDGE('',*,*,#6284,.T.);
#8961=ORIENTED_EDGE('',*,*,#6282,.T.);
#8962=ORIENTED_EDGE('',*,*,#6280,.T.);
#8963=ORIENTED_EDGE('',*,*,#6278,.T.);
#8964=ORIENTED_EDGE('',*,*,#6244,.T.);
#8965=ORIENTED_EDGE('',*,*,#6248,.T.);
#8966=ORIENTED_EDGE('',*,*,#6250,.T.);
#8967=ORIENTED_EDGE('',*,*,#6252,.T.);
#8968=ORIENTED_EDGE('',*,*,#6254,.T.);
#8969=ORIENTED_EDGE('',*,*,#6255,.T.);
#8970=ORIENTED_EDGE('',*,*,#6233,.T.);
#8971=ORIENTED_EDGE('',*,*,#6267,.F.);
#8972=ORIENTED_EDGE('',*,*,#6265,.F.);
#8973=ORIENTED_EDGE('',*,*,#6269,.T.);
#8974=ORIENTED_EDGE('',*,*,#6271,.T.);
#8975=ORIENTED_EDGE('',*,*,#6291,.F.);
#8976=ORIENTED_EDGE('',*,*,#6292,.F.);
#8977=ORIENTED_EDGE('',*,*,#6293,.F.);
#8978=ORIENTED_EDGE('',*,*,#6294,.F.);
#8979=ORIENTED_EDGE('',*,*,#6295,.F.);
#8980=ORIENTED_EDGE('',*,*,#6296,.F.);
#8981=ORIENTED_EDGE('',*,*,#6297,.F.);
#8982=ORIENTED_EDGE('',*,*,#6298,.F.);
#8983=ORIENTED_EDGE('',*,*,#6299,.F.);
#8984=ORIENTED_EDGE('',*,*,#6300,.F.);
#8985=ORIENTED_EDGE('',*,*,#6301,.F.);
#8986=ORIENTED_EDGE('',*,*,#6302,.F.);
#8987=ORIENTED_EDGE('',*,*,#6303,.F.);
#8988=ORIENTED_EDGE('',*,*,#6304,.F.);
#8989=ORIENTED_EDGE('',*,*,#6305,.F.);
#8990=ORIENTED_EDGE('',*,*,#6306,.F.);
#8991=ORIENTED_EDGE('',*,*,#6307,.F.);
#8992=ORIENTED_EDGE('',*,*,#6298,.T.);
#8993=ORIENTED_EDGE('',*,*,#6308,.T.);
#8994=ORIENTED_EDGE('',*,*,#6309,.F.);
#8995=ORIENTED_EDGE('',*,*,#6310,.F.);
#8996=ORIENTED_EDGE('',*,*,#6297,.T.);
#8997=ORIENTED_EDGE('',*,*,#6311,.T.);
#8998=ORIENTED_EDGE('',*,*,#6312,.F.);
#8999=ORIENTED_EDGE('',*,*,#6308,.F.);
#9000=ORIENTED_EDGE('',*,*,#6296,.T.);
#9001=ORIENTED_EDGE('',*,*,#6313,.T.);
#9002=ORIENTED_EDGE('',*,*,#6314,.F.);
#9003=ORIENTED_EDGE('',*,*,#6311,.F.);
#9004=ORIENTED_EDGE('',*,*,#6295,.T.);
#9005=ORIENTED_EDGE('',*,*,#6315,.T.);
#9006=ORIENTED_EDGE('',*,*,#6316,.F.);
#9007=ORIENTED_EDGE('',*,*,#6313,.F.);
#9008=ORIENTED_EDGE('',*,*,#6294,.T.);
#9009=ORIENTED_EDGE('',*,*,#6317,.T.);
#9010=ORIENTED_EDGE('',*,*,#6318,.F.);
#9011=ORIENTED_EDGE('',*,*,#6315,.F.);
#9012=ORIENTED_EDGE('',*,*,#6293,.T.);
#9013=ORIENTED_EDGE('',*,*,#6319,.T.);
#9014=ORIENTED_EDGE('',*,*,#6320,.F.);
#9015=ORIENTED_EDGE('',*,*,#6317,.F.);
#9016=ORIENTED_EDGE('',*,*,#6292,.T.);
#9017=ORIENTED_EDGE('',*,*,#6321,.T.);
#9018=ORIENTED_EDGE('',*,*,#6322,.F.);
#9019=ORIENTED_EDGE('',*,*,#6319,.F.);
#9020=ORIENTED_EDGE('',*,*,#6291,.T.);
#9021=ORIENTED_EDGE('',*,*,#6323,.T.);
#9022=ORIENTED_EDGE('',*,*,#6324,.F.);
#9023=ORIENTED_EDGE('',*,*,#6321,.F.);
#9024=ORIENTED_EDGE('',*,*,#6325,.F.);
#9025=ORIENTED_EDGE('',*,*,#6326,.T.);
#9026=ORIENTED_EDGE('',*,*,#6307,.T.);
#9027=ORIENTED_EDGE('',*,*,#6326,.F.);
#9028=ORIENTED_EDGE('',*,*,#6299,.T.);
#9029=ORIENTED_EDGE('',*,*,#6310,.T.);
#9030=ORIENTED_EDGE('',*,*,#6327,.F.);
#9031=ORIENTED_EDGE('',*,*,#6328,.F.);
#9032=ORIENTED_EDGE('',*,*,#6300,.T.);
#9033=ORIENTED_EDGE('',*,*,#6328,.T.);
#9034=ORIENTED_EDGE('',*,*,#6329,.F.);
#9035=ORIENTED_EDGE('',*,*,#6330,.F.);
#9036=ORIENTED_EDGE('',*,*,#6301,.T.);
#9037=ORIENTED_EDGE('',*,*,#6330,.T.);
#9038=ORIENTED_EDGE('',*,*,#6331,.F.);
#9039=ORIENTED_EDGE('',*,*,#6332,.F.);
#9040=ORIENTED_EDGE('',*,*,#6302,.T.);
#9041=ORIENTED_EDGE('',*,*,#6332,.T.);
#9042=ORIENTED_EDGE('',*,*,#6333,.F.);
#9043=ORIENTED_EDGE('',*,*,#6334,.F.);
#9044=ORIENTED_EDGE('',*,*,#6303,.T.);
#9045=ORIENTED_EDGE('',*,*,#6334,.T.);
#9046=ORIENTED_EDGE('',*,*,#6335,.F.);
#9047=ORIENTED_EDGE('',*,*,#6336,.F.);
#9048=ORIENTED_EDGE('',*,*,#6304,.T.);
#9049=ORIENTED_EDGE('',*,*,#6336,.T.);
#9050=ORIENTED_EDGE('',*,*,#6337,.F.);
#9051=ORIENTED_EDGE('',*,*,#6338,.F.);
#9052=ORIENTED_EDGE('',*,*,#6305,.T.);
#9053=ORIENTED_EDGE('',*,*,#6338,.T.);
#9054=ORIENTED_EDGE('',*,*,#6339,.F.);
#9055=ORIENTED_EDGE('',*,*,#6340,.F.);
#9056=ORIENTED_EDGE('',*,*,#6306,.T.);
#9057=ORIENTED_EDGE('',*,*,#6340,.T.);
#9058=ORIENTED_EDGE('',*,*,#6341,.F.);
#9059=ORIENTED_EDGE('',*,*,#6323,.F.);
#9060=ORIENTED_EDGE('',*,*,#6324,.T.);
#9061=ORIENTED_EDGE('',*,*,#6341,.T.);
#9062=ORIENTED_EDGE('',*,*,#6339,.T.);
#9063=ORIENTED_EDGE('',*,*,#6337,.T.);
#9064=ORIENTED_EDGE('',*,*,#6335,.T.);
#9065=ORIENTED_EDGE('',*,*,#6333,.T.);
#9066=ORIENTED_EDGE('',*,*,#6331,.T.);
#9067=ORIENTED_EDGE('',*,*,#6329,.T.);
#9068=ORIENTED_EDGE('',*,*,#6327,.T.);
#9069=ORIENTED_EDGE('',*,*,#6309,.T.);
#9070=ORIENTED_EDGE('',*,*,#6312,.T.);
#9071=ORIENTED_EDGE('',*,*,#6314,.T.);
#9072=ORIENTED_EDGE('',*,*,#6316,.T.);
#9073=ORIENTED_EDGE('',*,*,#6318,.T.);
#9074=ORIENTED_EDGE('',*,*,#6320,.T.);
#9075=ORIENTED_EDGE('',*,*,#6322,.T.);
#9076=ORIENTED_EDGE('',*,*,#6325,.T.);
#9077=ORIENTED_EDGE('',*,*,#6342,.F.);
#9078=ORIENTED_EDGE('',*,*,#6343,.T.);
#9079=ORIENTED_EDGE('',*,*,#6344,.F.);
#9080=ORIENTED_EDGE('',*,*,#6343,.F.);
#9081=ORIENTED_EDGE('',*,*,#6345,.T.);
#9082=ORIENTED_EDGE('',*,*,#6346,.T.);
#9083=ORIENTED_EDGE('',*,*,#6347,.F.);
#9084=ORIENTED_EDGE('',*,*,#6348,.F.);
#9085=ORIENTED_EDGE('',*,*,#6349,.T.);
#9086=ORIENTED_EDGE('',*,*,#6348,.T.);
#9087=ORIENTED_EDGE('',*,*,#6350,.F.);
#9088=ORIENTED_EDGE('',*,*,#6351,.F.);
#9089=ORIENTED_EDGE('',*,*,#6352,.T.);
#9090=ORIENTED_EDGE('',*,*,#6351,.T.);
#9091=ORIENTED_EDGE('',*,*,#6353,.F.);
#9092=ORIENTED_EDGE('',*,*,#6354,.F.);
#9093=ORIENTED_EDGE('',*,*,#6355,.T.);
#9094=ORIENTED_EDGE('',*,*,#6354,.T.);
#9095=ORIENTED_EDGE('',*,*,#6356,.F.);
#9096=ORIENTED_EDGE('',*,*,#6357,.F.);
#9097=ORIENTED_EDGE('',*,*,#6358,.T.);
#9098=ORIENTED_EDGE('',*,*,#6357,.T.);
#9099=ORIENTED_EDGE('',*,*,#6359,.F.);
#9100=ORIENTED_EDGE('',*,*,#6360,.F.);
#9101=ORIENTED_EDGE('',*,*,#6361,.T.);
#9102=ORIENTED_EDGE('',*,*,#6360,.T.);
#9103=ORIENTED_EDGE('',*,*,#6362,.F.);
#9104=ORIENTED_EDGE('',*,*,#6363,.F.);
#9105=ORIENTED_EDGE('',*,*,#6364,.T.);
#9106=ORIENTED_EDGE('',*,*,#6363,.T.);
#9107=ORIENTED_EDGE('',*,*,#6365,.F.);
#9108=ORIENTED_EDGE('',*,*,#6366,.F.);
#9109=ORIENTED_EDGE('',*,*,#6367,.T.);
#9110=ORIENTED_EDGE('',*,*,#6366,.T.);
#9111=ORIENTED_EDGE('',*,*,#6368,.F.);
#9112=ORIENTED_EDGE('',*,*,#6369,.F.);
#9113=ORIENTED_EDGE('',*,*,#6370,.T.);
#9114=ORIENTED_EDGE('',*,*,#6369,.T.);
#9115=ORIENTED_EDGE('',*,*,#6371,.F.);
#9116=ORIENTED_EDGE('',*,*,#6372,.F.);
#9117=ORIENTED_EDGE('',*,*,#6373,.T.);
#9118=ORIENTED_EDGE('',*,*,#6372,.T.);
#9119=ORIENTED_EDGE('',*,*,#6374,.F.);
#9120=ORIENTED_EDGE('',*,*,#6375,.F.);
#9121=ORIENTED_EDGE('',*,*,#6376,.T.);
#9122=ORIENTED_EDGE('',*,*,#6375,.T.);
#9123=ORIENTED_EDGE('',*,*,#6377,.F.);
#9124=ORIENTED_EDGE('',*,*,#6378,.F.);
#9125=ORIENTED_EDGE('',*,*,#6379,.T.);
#9126=ORIENTED_EDGE('',*,*,#6378,.T.);
#9127=ORIENTED_EDGE('',*,*,#6380,.F.);
#9128=ORIENTED_EDGE('',*,*,#6381,.F.);
#9129=ORIENTED_EDGE('',*,*,#6382,.T.);
#9130=ORIENTED_EDGE('',*,*,#6381,.T.);
#9131=ORIENTED_EDGE('',*,*,#6383,.F.);
#9132=ORIENTED_EDGE('',*,*,#6384,.F.);
#9133=ORIENTED_EDGE('',*,*,#6385,.T.);
#9134=ORIENTED_EDGE('',*,*,#6384,.T.);
#9135=ORIENTED_EDGE('',*,*,#6386,.F.);
#9136=ORIENTED_EDGE('',*,*,#6387,.F.);
#9137=ORIENTED_EDGE('',*,*,#6388,.T.);
#9138=ORIENTED_EDGE('',*,*,#6387,.T.);
#9139=ORIENTED_EDGE('',*,*,#6389,.F.);
#9140=ORIENTED_EDGE('',*,*,#6390,.F.);
#9141=ORIENTED_EDGE('',*,*,#6391,.T.);
#9142=ORIENTED_EDGE('',*,*,#6390,.T.);
#9143=ORIENTED_EDGE('',*,*,#6392,.F.);
#9144=ORIENTED_EDGE('',*,*,#6393,.F.);
#9145=ORIENTED_EDGE('',*,*,#6394,.T.);
#9146=ORIENTED_EDGE('',*,*,#6393,.T.);
#9147=ORIENTED_EDGE('',*,*,#6395,.F.);
#9148=ORIENTED_EDGE('',*,*,#6396,.F.);
#9149=ORIENTED_EDGE('',*,*,#6397,.T.);
#9150=ORIENTED_EDGE('',*,*,#6396,.T.);
#9151=ORIENTED_EDGE('',*,*,#6398,.F.);
#9152=ORIENTED_EDGE('',*,*,#6399,.F.);
#9153=ORIENTED_EDGE('',*,*,#6400,.T.);
#9154=ORIENTED_EDGE('',*,*,#6399,.T.);
#9155=ORIENTED_EDGE('',*,*,#6401,.F.);
#9156=ORIENTED_EDGE('',*,*,#6402,.F.);
#9157=ORIENTED_EDGE('',*,*,#6403,.T.);
#9158=ORIENTED_EDGE('',*,*,#6402,.T.);
#9159=ORIENTED_EDGE('',*,*,#6404,.F.);
#9160=ORIENTED_EDGE('',*,*,#6405,.F.);
#9161=ORIENTED_EDGE('',*,*,#6406,.T.);
#9162=ORIENTED_EDGE('',*,*,#6405,.T.);
#9163=ORIENTED_EDGE('',*,*,#6407,.F.);
#9164=ORIENTED_EDGE('',*,*,#6408,.F.);
#9165=ORIENTED_EDGE('',*,*,#6409,.T.);
#9166=ORIENTED_EDGE('',*,*,#6408,.T.);
#9167=ORIENTED_EDGE('',*,*,#6410,.F.);
#9168=ORIENTED_EDGE('',*,*,#6411,.F.);
#9169=ORIENTED_EDGE('',*,*,#6412,.T.);
#9170=ORIENTED_EDGE('',*,*,#6411,.T.);
#9171=ORIENTED_EDGE('',*,*,#6413,.F.);
#9172=ORIENTED_EDGE('',*,*,#6414,.F.);
#9173=ORIENTED_EDGE('',*,*,#6415,.T.);
#9174=ORIENTED_EDGE('',*,*,#6414,.T.);
#9175=ORIENTED_EDGE('',*,*,#6416,.F.);
#9176=ORIENTED_EDGE('',*,*,#6417,.F.);
#9177=ORIENTED_EDGE('',*,*,#6418,.T.);
#9178=ORIENTED_EDGE('',*,*,#6417,.T.);
#9179=ORIENTED_EDGE('',*,*,#6419,.F.);
#9180=ORIENTED_EDGE('',*,*,#6420,.F.);
#9181=ORIENTED_EDGE('',*,*,#6421,.T.);
#9182=ORIENTED_EDGE('',*,*,#6420,.T.);
#9183=ORIENTED_EDGE('',*,*,#6422,.F.);
#9184=ORIENTED_EDGE('',*,*,#6423,.F.);
#9185=ORIENTED_EDGE('',*,*,#6424,.T.);
#9186=ORIENTED_EDGE('',*,*,#6423,.T.);
#9187=ORIENTED_EDGE('',*,*,#6425,.F.);
#9188=ORIENTED_EDGE('',*,*,#6426,.F.);
#9189=ORIENTED_EDGE('',*,*,#6427,.T.);
#9190=ORIENTED_EDGE('',*,*,#6426,.T.);
#9191=ORIENTED_EDGE('',*,*,#6428,.F.);
#9192=ORIENTED_EDGE('',*,*,#6429,.F.);
#9193=ORIENTED_EDGE('',*,*,#6430,.T.);
#9194=ORIENTED_EDGE('',*,*,#6429,.T.);
#9195=ORIENTED_EDGE('',*,*,#6431,.F.);
#9196=ORIENTED_EDGE('',*,*,#6432,.F.);
#9197=ORIENTED_EDGE('',*,*,#6433,.T.);
#9198=ORIENTED_EDGE('',*,*,#6432,.T.);
#9199=ORIENTED_EDGE('',*,*,#6434,.F.);
#9200=ORIENTED_EDGE('',*,*,#6435,.F.);
#9201=ORIENTED_EDGE('',*,*,#6436,.T.);
#9202=ORIENTED_EDGE('',*,*,#6435,.T.);
#9203=ORIENTED_EDGE('',*,*,#6437,.F.);
#9204=ORIENTED_EDGE('',*,*,#6438,.F.);
#9205=ORIENTED_EDGE('',*,*,#6439,.T.);
#9206=ORIENTED_EDGE('',*,*,#6438,.T.);
#9207=ORIENTED_EDGE('',*,*,#6440,.F.);
#9208=ORIENTED_EDGE('',*,*,#6441,.F.);
#9209=ORIENTED_EDGE('',*,*,#6442,.T.);
#9210=ORIENTED_EDGE('',*,*,#6441,.T.);
#9211=ORIENTED_EDGE('',*,*,#6443,.F.);
#9212=ORIENTED_EDGE('',*,*,#6444,.F.);
#9213=ORIENTED_EDGE('',*,*,#6445,.T.);
#9214=ORIENTED_EDGE('',*,*,#6444,.T.);
#9215=ORIENTED_EDGE('',*,*,#6446,.F.);
#9216=ORIENTED_EDGE('',*,*,#6447,.F.);
#9217=ORIENTED_EDGE('',*,*,#6448,.T.);
#9218=ORIENTED_EDGE('',*,*,#6447,.T.);
#9219=ORIENTED_EDGE('',*,*,#6449,.F.);
#9220=ORIENTED_EDGE('',*,*,#6450,.F.);
#9221=ORIENTED_EDGE('',*,*,#6451,.T.);
#9222=ORIENTED_EDGE('',*,*,#6450,.T.);
#9223=ORIENTED_EDGE('',*,*,#6452,.F.);
#9224=ORIENTED_EDGE('',*,*,#6453,.F.);
#9225=ORIENTED_EDGE('',*,*,#6454,.T.);
#9226=ORIENTED_EDGE('',*,*,#6453,.T.);
#9227=ORIENTED_EDGE('',*,*,#6455,.F.);
#9228=ORIENTED_EDGE('',*,*,#6456,.F.);
#9229=ORIENTED_EDGE('',*,*,#6457,.T.);
#9230=ORIENTED_EDGE('',*,*,#6456,.T.);
#9231=ORIENTED_EDGE('',*,*,#6458,.F.);
#9232=ORIENTED_EDGE('',*,*,#6459,.F.);
#9233=ORIENTED_EDGE('',*,*,#6460,.T.);
#9234=ORIENTED_EDGE('',*,*,#6459,.T.);
#9235=ORIENTED_EDGE('',*,*,#6461,.F.);
#9236=ORIENTED_EDGE('',*,*,#6462,.F.);
#9237=ORIENTED_EDGE('',*,*,#6463,.T.);
#9238=ORIENTED_EDGE('',*,*,#6462,.T.);
#9239=ORIENTED_EDGE('',*,*,#6464,.F.);
#9240=ORIENTED_EDGE('',*,*,#6465,.F.);
#9241=ORIENTED_EDGE('',*,*,#6466,.T.);
#9242=ORIENTED_EDGE('',*,*,#6465,.T.);
#9243=ORIENTED_EDGE('',*,*,#6467,.F.);
#9244=ORIENTED_EDGE('',*,*,#6468,.F.);
#9245=ORIENTED_EDGE('',*,*,#6469,.T.);
#9246=ORIENTED_EDGE('',*,*,#6468,.T.);
#9247=ORIENTED_EDGE('',*,*,#6470,.F.);
#9248=ORIENTED_EDGE('',*,*,#6471,.F.);
#9249=ORIENTED_EDGE('',*,*,#6472,.T.);
#9250=ORIENTED_EDGE('',*,*,#6471,.T.);
#9251=ORIENTED_EDGE('',*,*,#6473,.F.);
#9252=ORIENTED_EDGE('',*,*,#6474,.F.);
#9253=ORIENTED_EDGE('',*,*,#6475,.T.);
#9254=ORIENTED_EDGE('',*,*,#6474,.T.);
#9255=ORIENTED_EDGE('',*,*,#6476,.F.);
#9256=ORIENTED_EDGE('',*,*,#6477,.F.);
#9257=ORIENTED_EDGE('',*,*,#6478,.T.);
#9258=ORIENTED_EDGE('',*,*,#6477,.T.);
#9259=ORIENTED_EDGE('',*,*,#6479,.F.);
#9260=ORIENTED_EDGE('',*,*,#6480,.F.);
#9261=ORIENTED_EDGE('',*,*,#6481,.T.);
#9262=ORIENTED_EDGE('',*,*,#6480,.T.);
#9263=ORIENTED_EDGE('',*,*,#6482,.F.);
#9264=ORIENTED_EDGE('',*,*,#6483,.F.);
#9265=ORIENTED_EDGE('',*,*,#6484,.T.);
#9266=ORIENTED_EDGE('',*,*,#6483,.T.);
#9267=ORIENTED_EDGE('',*,*,#6485,.F.);
#9268=ORIENTED_EDGE('',*,*,#6486,.F.);
#9269=ORIENTED_EDGE('',*,*,#6487,.T.);
#9270=ORIENTED_EDGE('',*,*,#6486,.T.);
#9271=ORIENTED_EDGE('',*,*,#6488,.F.);
#9272=ORIENTED_EDGE('',*,*,#6489,.F.);
#9273=ORIENTED_EDGE('',*,*,#6490,.T.);
#9274=ORIENTED_EDGE('',*,*,#6489,.T.);
#9275=ORIENTED_EDGE('',*,*,#6491,.F.);
#9276=ORIENTED_EDGE('',*,*,#6492,.F.);
#9277=ORIENTED_EDGE('',*,*,#6493,.T.);
#9278=ORIENTED_EDGE('',*,*,#6492,.T.);
#9279=ORIENTED_EDGE('',*,*,#6494,.F.);
#9280=ORIENTED_EDGE('',*,*,#6495,.F.);
#9281=ORIENTED_EDGE('',*,*,#6496,.T.);
#9282=ORIENTED_EDGE('',*,*,#6495,.T.);
#9283=ORIENTED_EDGE('',*,*,#6497,.F.);
#9284=ORIENTED_EDGE('',*,*,#6498,.F.);
#9285=ORIENTED_EDGE('',*,*,#6499,.T.);
#9286=ORIENTED_EDGE('',*,*,#6498,.T.);
#9287=ORIENTED_EDGE('',*,*,#6500,.F.);
#9288=ORIENTED_EDGE('',*,*,#6346,.F.);
#9289=ORIENTED_EDGE('',*,*,#6499,.F.);
#9290=ORIENTED_EDGE('',*,*,#6345,.F.);
#9291=ORIENTED_EDGE('',*,*,#6349,.F.);
#9292=ORIENTED_EDGE('',*,*,#6352,.F.);
#9293=ORIENTED_EDGE('',*,*,#6355,.F.);
#9294=ORIENTED_EDGE('',*,*,#6358,.F.);
#9295=ORIENTED_EDGE('',*,*,#6361,.F.);
#9296=ORIENTED_EDGE('',*,*,#6364,.F.);
#9297=ORIENTED_EDGE('',*,*,#6367,.F.);
#9298=ORIENTED_EDGE('',*,*,#6370,.F.);
#9299=ORIENTED_EDGE('',*,*,#6373,.F.);
#9300=ORIENTED_EDGE('',*,*,#6376,.F.);
#9301=ORIENTED_EDGE('',*,*,#6379,.F.);
#9302=ORIENTED_EDGE('',*,*,#6382,.F.);
#9303=ORIENTED_EDGE('',*,*,#6385,.F.);
#9304=ORIENTED_EDGE('',*,*,#6388,.F.);
#9305=ORIENTED_EDGE('',*,*,#6391,.F.);
#9306=ORIENTED_EDGE('',*,*,#6394,.F.);
#9307=ORIENTED_EDGE('',*,*,#6397,.F.);
#9308=ORIENTED_EDGE('',*,*,#6400,.F.);
#9309=ORIENTED_EDGE('',*,*,#6403,.F.);
#9310=ORIENTED_EDGE('',*,*,#6406,.F.);
#9311=ORIENTED_EDGE('',*,*,#6409,.F.);
#9312=ORIENTED_EDGE('',*,*,#6412,.F.);
#9313=ORIENTED_EDGE('',*,*,#6415,.F.);
#9314=ORIENTED_EDGE('',*,*,#6418,.F.);
#9315=ORIENTED_EDGE('',*,*,#6421,.F.);
#9316=ORIENTED_EDGE('',*,*,#6424,.F.);
#9317=ORIENTED_EDGE('',*,*,#6427,.F.);
#9318=ORIENTED_EDGE('',*,*,#6430,.F.);
#9319=ORIENTED_EDGE('',*,*,#6433,.F.);
#9320=ORIENTED_EDGE('',*,*,#6436,.F.);
#9321=ORIENTED_EDGE('',*,*,#6439,.F.);
#9322=ORIENTED_EDGE('',*,*,#6442,.F.);
#9323=ORIENTED_EDGE('',*,*,#6445,.F.);
#9324=ORIENTED_EDGE('',*,*,#6448,.F.);
#9325=ORIENTED_EDGE('',*,*,#6451,.F.);
#9326=ORIENTED_EDGE('',*,*,#6454,.F.);
#9327=ORIENTED_EDGE('',*,*,#6457,.F.);
#9328=ORIENTED_EDGE('',*,*,#6460,.F.);
#9329=ORIENTED_EDGE('',*,*,#6463,.F.);
#9330=ORIENTED_EDGE('',*,*,#6466,.F.);
#9331=ORIENTED_EDGE('',*,*,#6469,.F.);
#9332=ORIENTED_EDGE('',*,*,#6472,.F.);
#9333=ORIENTED_EDGE('',*,*,#6475,.F.);
#9334=ORIENTED_EDGE('',*,*,#6478,.F.);
#9335=ORIENTED_EDGE('',*,*,#6481,.F.);
#9336=ORIENTED_EDGE('',*,*,#6484,.F.);
#9337=ORIENTED_EDGE('',*,*,#6487,.F.);
#9338=ORIENTED_EDGE('',*,*,#6490,.F.);
#9339=ORIENTED_EDGE('',*,*,#6493,.F.);
#9340=ORIENTED_EDGE('',*,*,#6496,.F.);
#9341=ORIENTED_EDGE('',*,*,#6344,.T.);
#9342=ORIENTED_EDGE('',*,*,#6500,.T.);
#9343=ORIENTED_EDGE('',*,*,#6497,.T.);
#9344=ORIENTED_EDGE('',*,*,#6494,.T.);
#9345=ORIENTED_EDGE('',*,*,#6491,.T.);
#9346=ORIENTED_EDGE('',*,*,#6488,.T.);
#9347=ORIENTED_EDGE('',*,*,#6485,.T.);
#9348=ORIENTED_EDGE('',*,*,#6482,.T.);
#9349=ORIENTED_EDGE('',*,*,#6479,.T.);
#9350=ORIENTED_EDGE('',*,*,#6476,.T.);
#9351=ORIENTED_EDGE('',*,*,#6473,.T.);
#9352=ORIENTED_EDGE('',*,*,#6470,.T.);
#9353=ORIENTED_EDGE('',*,*,#6467,.T.);
#9354=ORIENTED_EDGE('',*,*,#6464,.T.);
#9355=ORIENTED_EDGE('',*,*,#6461,.T.);
#9356=ORIENTED_EDGE('',*,*,#6458,.T.);
#9357=ORIENTED_EDGE('',*,*,#6455,.T.);
#9358=ORIENTED_EDGE('',*,*,#6452,.T.);
#9359=ORIENTED_EDGE('',*,*,#6449,.T.);
#9360=ORIENTED_EDGE('',*,*,#6446,.T.);
#9361=ORIENTED_EDGE('',*,*,#6443,.T.);
#9362=ORIENTED_EDGE('',*,*,#6440,.T.);
#9363=ORIENTED_EDGE('',*,*,#6437,.T.);
#9364=ORIENTED_EDGE('',*,*,#6434,.T.);
#9365=ORIENTED_EDGE('',*,*,#6431,.T.);
#9366=ORIENTED_EDGE('',*,*,#6428,.T.);
#9367=ORIENTED_EDGE('',*,*,#6425,.T.);
#9368=ORIENTED_EDGE('',*,*,#6422,.T.);
#9369=ORIENTED_EDGE('',*,*,#6419,.T.);
#9370=ORIENTED_EDGE('',*,*,#6416,.T.);
#9371=ORIENTED_EDGE('',*,*,#6413,.T.);
#9372=ORIENTED_EDGE('',*,*,#6410,.T.);
#9373=ORIENTED_EDGE('',*,*,#6407,.T.);
#9374=ORIENTED_EDGE('',*,*,#6404,.T.);
#9375=ORIENTED_EDGE('',*,*,#6401,.T.);
#9376=ORIENTED_EDGE('',*,*,#6398,.T.);
#9377=ORIENTED_EDGE('',*,*,#6395,.T.);
#9378=ORIENTED_EDGE('',*,*,#6392,.T.);
#9379=ORIENTED_EDGE('',*,*,#6389,.T.);
#9380=ORIENTED_EDGE('',*,*,#6386,.T.);
#9381=ORIENTED_EDGE('',*,*,#6383,.T.);
#9382=ORIENTED_EDGE('',*,*,#6380,.T.);
#9383=ORIENTED_EDGE('',*,*,#6377,.T.);
#9384=ORIENTED_EDGE('',*,*,#6374,.T.);
#9385=ORIENTED_EDGE('',*,*,#6371,.T.);
#9386=ORIENTED_EDGE('',*,*,#6368,.T.);
#9387=ORIENTED_EDGE('',*,*,#6365,.T.);
#9388=ORIENTED_EDGE('',*,*,#6362,.T.);
#9389=ORIENTED_EDGE('',*,*,#6359,.T.);
#9390=ORIENTED_EDGE('',*,*,#6356,.T.);
#9391=ORIENTED_EDGE('',*,*,#6353,.T.);
#9392=ORIENTED_EDGE('',*,*,#6350,.T.);
#9393=ORIENTED_EDGE('',*,*,#6347,.T.);
#9394=ORIENTED_EDGE('',*,*,#6342,.T.);
#9395=PLANE('',#10746);
#9396=PLANE('',#10747);
#9397=PLANE('',#10748);
#9398=PLANE('',#10749);
#9399=PLANE('',#10750);
#9400=PLANE('',#10751);
#9401=PLANE('',#10752);
#9402=PLANE('',#10753);
#9403=PLANE('',#10754);
#9404=PLANE('',#10755);
#9405=PLANE('',#10756);
#9406=PLANE('',#10757);
#9407=PLANE('',#10758);
#9408=PLANE('',#10759);
#9409=PLANE('',#10760);
#9410=PLANE('',#10761);
#9411=PLANE('',#10762);
#9412=PLANE('',#10763);
#9413=PLANE('',#10764);
#9414=PLANE('',#10765);
#9415=PLANE('',#10766);
#9416=PLANE('',#10767);
#9417=PLANE('',#10768);
#9418=PLANE('',#10769);
#9419=PLANE('',#10770);
#9420=PLANE('',#10771);
#9421=PLANE('',#10772);
#9422=PLANE('',#10773);
#9423=PLANE('',#10774);
#9424=PLANE('',#10775);
#9425=PLANE('',#10776);
#9426=PLANE('',#10777);
#9427=PLANE('',#10778);
#9428=PLANE('',#10779);
#9429=PLANE('',#10780);
#9430=PLANE('',#10781);
#9431=PLANE('',#10782);
#9432=PLANE('',#10783);
#9433=PLANE('',#10784);
#9434=PLANE('',#10785);
#9435=PLANE('',#10786);
#9436=PLANE('',#10787);
#9437=PLANE('',#10788);
#9438=PLANE('',#10789);
#9439=PLANE('',#10790);
#9440=PLANE('',#10791);
#9441=PLANE('',#10792);
#9442=PLANE('',#10793);
#9443=PLANE('',#10794);
#9444=PLANE('',#10795);
#9445=PLANE('',#10796);
#9446=PLANE('',#10797);
#9447=PLANE('',#10798);
#9448=PLANE('',#10799);
#9449=PLANE('',#10800);
#9450=PLANE('',#10801);
#9451=PLANE('',#10802);
#9452=PLANE('',#10803);
#9453=PLANE('',#10804);
#9454=PLANE('',#10805);
#9455=PLANE('',#10806);
#9456=PLANE('',#10807);
#9457=PLANE('',#10808);
#9458=PLANE('',#10809);
#9459=PLANE('',#10810);
#9460=PLANE('',#10811);
#9461=PLANE('',#10812);
#9462=PLANE('',#10813);
#9463=PLANE('',#10814);
#9464=PLANE('',#10815);
#9465=PLANE('',#10816);
#9466=PLANE('',#10817);
#9467=PLANE('',#10818);
#9468=PLANE('',#10819);
#9469=PLANE('',#10820);
#9470=PLANE('',#10821);
#9471=PLANE('',#10822);
#9472=PLANE('',#10823);
#9473=PLANE('',#10824);
#9474=PLANE('',#10825);
#9475=PLANE('',#10826);
#9476=PLANE('',#10827);
#9477=PLANE('',#10828);
#9478=PLANE('',#10829);
#9479=PLANE('',#10830);
#9480=PLANE('',#10831);
#9481=PLANE('',#10832);
#9482=PLANE('',#10833);
#9483=PLANE('',#10834);
#9484=PLANE('',#10835);
#9485=PLANE('',#10836);
#9486=PLANE('',#10837);
#9487=PLANE('',#10838);
#9488=PLANE('',#10839);
#9489=PLANE('',#10840);
#9490=PLANE('',#10841);
#9491=PLANE('',#10842);
#9492=PLANE('',#10843);
#9493=PLANE('',#10844);
#9494=PLANE('',#10845);
#9495=PLANE('',#10846);
#9496=PLANE('',#10847);
#9497=PLANE('',#10848);
#9498=PLANE('',#10849);
#9499=PLANE('',#10850);
#9500=PLANE('',#10851);
#9501=PLANE('',#10852);
#9502=PLANE('',#10853);
#9503=PLANE('',#10854);
#9504=PLANE('',#10855);
#9505=PLANE('',#10856);
#9506=PLANE('',#10857);
#9507=PLANE('',#10858);
#9508=PLANE('',#10859);
#9509=PLANE('',#10860);
#9510=PLANE('',#10861);
#9511=PLANE('',#10862);
#9512=PLANE('',#10863);
#9513=PLANE('',#10864);
#9514=PLANE('',#10865);
#9515=PLANE('',#10866);
#9516=PLANE('',#10867);
#9517=PLANE('',#10868);
#9518=PLANE('',#10869);
#9519=PLANE('',#10870);
#9520=PLANE('',#10871);
#9521=PLANE('',#10872);
#9522=PLANE('',#10873);
#9523=PLANE('',#10874);
#9524=PLANE('',#10875);
#9525=PLANE('',#10876);
#9526=PLANE('',#10877);
#9527=PLANE('',#10878);
#9528=PLANE('',#10879);
#9529=PLANE('',#10880);
#9530=PLANE('',#10881);
#9531=PLANE('',#10882);
#9532=PLANE('',#10883);
#9533=PLANE('',#10884);
#9534=PLANE('',#10885);
#9535=PLANE('',#10886);
#9536=PLANE('',#10887);
#9537=PLANE('',#10888);
#9538=PLANE('',#10889);
#9539=PLANE('',#10890);
#9540=PLANE('',#10891);
#9541=PLANE('',#10892);
#9542=PLANE('',#10893);
#9543=PLANE('',#10894);
#9544=PLANE('',#10895);
#9545=PLANE('',#10896);
#9546=PLANE('',#10897);
#9547=PLANE('',#10898);
#9548=PLANE('',#10899);
#9549=PLANE('',#10900);
#9550=PLANE('',#10901);
#9551=PLANE('',#10902);
#9552=PLANE('',#10903);
#9553=PLANE('',#10904);
#9554=PLANE('',#10905);
#9555=PLANE('',#10906);
#9556=PLANE('',#10907);
#9557=PLANE('',#10908);
#9558=PLANE('',#10909);
#9559=PLANE('',#10910);
#9560=PLANE('',#10911);
#9561=PLANE('',#10912);
#9562=PLANE('',#10913);
#9563=PLANE('',#10914);
#9564=PLANE('',#10915);
#9565=PLANE('',#10916);
#9566=PLANE('',#10917);
#9567=PLANE('',#10918);
#9568=PLANE('',#10919);
#9569=PLANE('',#10920);
#9570=PLANE('',#10921);
#9571=PLANE('',#10922);
#9572=PLANE('',#10923);
#9573=PLANE('',#10924);
#9574=PLANE('',#10925);
#9575=PLANE('',#10926);
#9576=PLANE('',#10927);
#9577=PLANE('',#10928);
#9578=PLANE('',#10929);
#9579=PLANE('',#10930);
#9580=PLANE('',#10931);
#9581=PLANE('',#10932);
#9582=PLANE('',#10933);
#9583=PLANE('',#10934);
#9584=PLANE('',#10935);
#9585=PLANE('',#10936);
#9586=PLANE('',#10937);
#9587=PLANE('',#10938);
#9588=PLANE('',#10939);
#9589=PLANE('',#10940);
#9590=PLANE('',#10941);
#9591=PLANE('',#10942);
#9592=PLANE('',#10943);
#9593=PLANE('',#10944);
#9594=PLANE('',#10945);
#9595=PLANE('',#10946);
#9596=PLANE('',#10947);
#9597=PLANE('',#10948);
#9598=PLANE('',#10949);
#9599=PLANE('',#10950);
#9600=PLANE('',#10951);
#9601=PLANE('',#10952);
#9602=PLANE('',#10953);
#9603=PLANE('',#10954);
#9604=PLANE('',#10955);
#9605=PLANE('',#10956);
#9606=PLANE('',#10957);
#9607=PLANE('',#10958);
#9608=PLANE('',#10959);
#9609=PLANE('',#10960);
#9610=PLANE('',#10961);
#9611=PLANE('',#10962);
#9612=PLANE('',#10963);
#9613=PLANE('',#10964);
#9614=PLANE('',#10965);
#9615=PLANE('',#10966);
#9616=PLANE('',#10967);
#9617=PLANE('',#10968);
#9618=PLANE('',#10969);
#9619=PLANE('',#10970);
#9620=PLANE('',#10971);
#9621=PLANE('',#10972);
#9622=PLANE('',#10973);
#9623=PLANE('',#10974);
#9624=PLANE('',#10975);
#9625=PLANE('',#10976);
#9626=PLANE('',#10977);
#9627=PLANE('',#10978);
#9628=PLANE('',#10979);
#9629=PLANE('',#10980);
#9630=PLANE('',#10981);
#9631=PLANE('',#10982);
#9632=PLANE('',#10983);
#9633=PLANE('',#10984);
#9634=PLANE('',#10985);
#9635=PLANE('',#10986);
#9636=PLANE('',#10987);
#9637=PLANE('',#10988);
#9638=PLANE('',#10989);
#9639=PLANE('',#10990);
#9640=PLANE('',#10991);
#9641=PLANE('',#10992);
#9642=PLANE('',#10993);
#9643=PLANE('',#10994);
#9644=PLANE('',#10995);
#9645=PLANE('',#10996);
#9646=PLANE('',#10997);
#9647=PLANE('',#10998);
#9648=PLANE('',#10999);
#9649=PLANE('',#11000);
#9650=PLANE('',#11001);
#9651=PLANE('',#11002);
#9652=PLANE('',#11003);
#9653=PLANE('',#11004);
#9654=PLANE('',#11005);
#9655=PLANE('',#11006);
#9656=PLANE('',#11007);
#9657=PLANE('',#11008);
#9658=PLANE('',#11009);
#9659=PLANE('',#11010);
#9660=PLANE('',#11011);
#9661=PLANE('',#11012);
#9662=PLANE('',#11013);
#9663=PLANE('',#11014);
#9664=PLANE('',#11015);
#9665=PLANE('',#11016);
#9666=PLANE('',#11017);
#9667=PLANE('',#11018);
#9668=PLANE('',#11019);
#9669=PLANE('',#11020);
#9670=PLANE('',#11022);
#9671=PLANE('',#11028);
#9672=PLANE('',#11029);
#9673=PLANE('',#11030);
#9674=PLANE('',#11031);
#9675=PLANE('',#11032);
#9676=PLANE('',#11033);
#9677=PLANE('',#11034);
#9678=PLANE('',#11035);
#9679=PLANE('',#11036);
#9680=PLANE('',#11037);
#9681=PLANE('',#11038);
#9682=PLANE('',#11039);
#9683=PLANE('',#11040);
#9684=PLANE('',#11041);
#9685=PLANE('',#11042);
#9686=PLANE('',#11043);
#9687=PLANE('',#11044);
#9688=PLANE('',#11045);
#9689=PLANE('',#11046);
#9690=PLANE('',#11047);
#9691=PLANE('',#11048);
#9692=PLANE('',#11049);
#9693=PLANE('',#11050);
#9694=PLANE('',#11051);
#9695=PLANE('',#11052);
#9696=PLANE('',#11053);
#9697=PLANE('',#11054);
#9698=PLANE('',#11055);
#9699=PLANE('',#11056);
#9700=PLANE('',#11057);
#9701=PLANE('',#11058);
#9702=PLANE('',#11059);
#9703=PLANE('',#11060);
#9704=PLANE('',#11061);
#9705=PLANE('',#11062);
#9706=PLANE('',#11063);
#9707=PLANE('',#11064);
#9708=PLANE('',#11065);
#9709=PLANE('',#11066);
#9710=PLANE('',#11067);
#9711=PLANE('',#11068);
#9712=PLANE('',#11069);
#9713=PLANE('',#11070);
#9714=PLANE('',#11071);
#9715=PLANE('',#11072);
#9716=PLANE('',#11073);
#9717=PLANE('',#11074);
#9718=PLANE('',#11075);
#9719=PLANE('',#11076);
#9720=PLANE('',#11077);
#9721=PLANE('',#11078);
#9722=PLANE('',#11079);
#9723=PLANE('',#11080);
#9724=PLANE('',#11081);
#9725=PLANE('',#11082);
#9726=PLANE('',#11083);
#9727=PLANE('',#11084);
#9728=PLANE('',#11085);
#9729=PLANE('',#11086);
#9730=PLANE('',#11087);
#9731=PLANE('',#11088);
#9732=PLANE('',#11089);
#9733=PLANE('',#11090);
#9734=PLANE('',#11091);
#9735=PLANE('',#11092);
#9736=PLANE('',#11093);
#9737=PLANE('',#11094);
#9738=PLANE('',#11095);
#9739=PLANE('',#11096);
#9740=PLANE('',#11097);
#9741=PLANE('',#11098);
#9742=PLANE('',#11099);
#9743=PLANE('',#11100);
#9744=PLANE('',#11101);
#9745=PLANE('',#11102);
#9746=PLANE('',#11103);
#9747=PLANE('',#11104);
#9748=PLANE('',#11105);
#9749=PLANE('',#11106);
#9750=PLANE('',#11107);
#9751=PLANE('',#11108);
#9752=PLANE('',#11109);
#9753=PLANE('',#11110);
#9754=PLANE('',#11111);
#9755=PLANE('',#11112);
#9756=PLANE('',#11113);
#9757=PLANE('',#11114);
#9758=PLANE('',#11115);
#9759=PLANE('',#11116);
#9760=PLANE('',#11117);
#9761=PLANE('',#11118);
#9762=PLANE('',#11119);
#9763=PLANE('',#11120);
#9764=PLANE('',#11121);
#9765=PLANE('',#11122);
#9766=PLANE('',#11123);
#9767=PLANE('',#11124);
#9768=PLANE('',#11125);
#9769=PLANE('',#11126);
#9770=PLANE('',#11127);
#9771=PLANE('',#11128);
#9772=PLANE('',#11129);
#9773=PLANE('',#11130);
#9774=PLANE('',#11131);
#9775=PLANE('',#11132);
#9776=PLANE('',#11133);
#9777=PLANE('',#11134);
#9778=PLANE('',#11135);
#9779=PLANE('',#11136);
#9780=PLANE('',#11137);
#9781=PLANE('',#11138);
#9782=PLANE('',#11139);
#9783=PLANE('',#11140);
#9784=PLANE('',#11141);
#9785=PLANE('',#11142);
#9786=PLANE('',#11143);
#9787=PLANE('',#11144);
#9788=PLANE('',#11145);
#9789=PLANE('',#11146);
#9790=PLANE('',#11147);
#9791=PLANE('',#11148);
#9792=PLANE('',#11149);
#9793=PLANE('',#11150);
#9794=PLANE('',#11151);
#9795=PLANE('',#11152);
#9796=PLANE('',#11153);
#9797=PLANE('',#11154);
#9798=PLANE('',#11155);
#9799=PLANE('',#11156);
#9800=PLANE('',#11157);
#9801=PLANE('',#11158);
#9802=PLANE('',#11159);
#9803=PLANE('',#11160);
#9804=PLANE('',#11161);
#9805=PLANE('',#11162);
#9806=PLANE('',#11163);
#9807=PLANE('',#11164);
#9808=PLANE('',#11165);
#9809=PLANE('',#11166);
#9810=PLANE('',#11167);
#9811=PLANE('',#11168);
#9812=PLANE('',#11169);
#9813=PLANE('',#11170);
#9814=PLANE('',#11171);
#9815=PLANE('',#11172);
#9816=PLANE('',#11173);
#9817=PLANE('',#11174);
#9818=PLANE('',#11175);
#9819=PLANE('',#11176);
#9820=PLANE('',#11177);
#9821=PLANE('',#11178);
#9822=PLANE('',#11179);
#9823=PLANE('',#11180);
#9824=PLANE('',#11181);
#9825=PLANE('',#11182);
#9826=PLANE('',#11183);
#9827=PLANE('',#11184);
#9828=PLANE('',#11185);
#9829=PLANE('',#11186);
#9830=PLANE('',#11187);
#9831=PLANE('',#11188);
#9832=PLANE('',#11189);
#9833=PLANE('',#11190);
#9834=PLANE('',#11191);
#9835=PLANE('',#11192);
#9836=PLANE('',#11193);
#9837=PLANE('',#11194);
#9838=PLANE('',#11195);
#9839=PLANE('',#11196);
#9840=PLANE('',#11197);
#9841=PLANE('',#11198);
#9842=PLANE('',#11199);
#9843=PLANE('',#11200);
#9844=PLANE('',#11201);
#9845=PLANE('',#11202);
#9846=PLANE('',#11203);
#9847=PLANE('',#11204);
#9848=PLANE('',#11205);
#9849=PLANE('',#11206);
#9850=PLANE('',#11207);
#9851=PLANE('',#11208);
#9852=PLANE('',#11209);
#9853=PLANE('',#11210);
#9854=PLANE('',#11211);
#9855=PLANE('',#11212);
#9856=PLANE('',#11213);
#9857=PLANE('',#11214);
#9858=PLANE('',#11215);
#9859=PLANE('',#11216);
#9860=PLANE('',#11217);
#9861=PLANE('',#11218);
#9862=PLANE('',#11219);
#9863=PLANE('',#11220);
#9864=PLANE('',#11221);
#9865=PLANE('',#11222);
#9866=PLANE('',#11223);
#9867=PLANE('',#11224);
#9868=PLANE('',#11225);
#9869=PLANE('',#11226);
#9870=PLANE('',#11227);
#9871=PLANE('',#11228);
#9872=PLANE('',#11229);
#9873=PLANE('',#11230);
#9874=PLANE('',#11231);
#9875=PLANE('',#11232);
#9876=PLANE('',#11233);
#9877=PLANE('',#11234);
#9878=PLANE('',#11235);
#9879=PLANE('',#11236);
#9880=PLANE('',#11237);
#9881=PLANE('',#11238);
#9882=PLANE('',#11239);
#9883=PLANE('',#11240);
#9884=PLANE('',#11241);
#9885=PLANE('',#11242);
#9886=PLANE('',#11243);
#9887=PLANE('',#11244);
#9888=PLANE('',#11245);
#9889=PLANE('',#11246);
#9890=PLANE('',#11247);
#9891=PLANE('',#11248);
#9892=PLANE('',#11249);
#9893=PLANE('',#11250);
#9894=PLANE('',#11251);
#9895=PLANE('',#11252);
#9896=PLANE('',#11253);
#9897=PLANE('',#11254);
#9898=PLANE('',#11255);
#9899=PLANE('',#11256);
#9900=PLANE('',#11257);
#9901=PLANE('',#11258);
#9902=PLANE('',#11259);
#9903=PLANE('',#11260);
#9904=PLANE('',#11261);
#9905=PLANE('',#11262);
#9906=PLANE('',#11263);
#9907=PLANE('',#11264);
#9908=PLANE('',#11265);
#9909=PLANE('',#11266);
#9910=PLANE('',#11267);
#9911=PLANE('',#11268);
#9912=PLANE('',#11269);
#9913=PLANE('',#11270);
#9914=PLANE('',#11271);
#9915=PLANE('',#11272);
#9916=PLANE('',#11273);
#9917=PLANE('',#11274);
#9918=PLANE('',#11275);
#9919=PLANE('',#11276);
#9920=PLANE('',#11277);
#9921=PLANE('',#11278);
#9922=PLANE('',#11279);
#9923=PLANE('',#11280);
#9924=PLANE('',#11281);
#9925=PLANE('',#11282);
#9926=PLANE('',#11283);
#9927=PLANE('',#11284);
#9928=PLANE('',#11285);
#9929=PLANE('',#11286);
#9930=PLANE('',#11287);
#9931=PLANE('',#11288);
#9932=PLANE('',#11289);
#9933=PLANE('',#11290);
#9934=PLANE('',#11291);
#9935=PLANE('',#11292);
#9936=PLANE('',#11293);
#9937=PLANE('',#11294);
#9938=PLANE('',#11295);
#9939=PLANE('',#11296);
#9940=PLANE('',#11297);
#9941=PLANE('',#11298);
#9942=PLANE('',#11299);
#9943=PLANE('',#11300);
#9944=PLANE('',#11301);
#9945=PLANE('',#11302);
#9946=PLANE('',#11303);
#9947=PLANE('',#11304);
#9948=PLANE('',#11305);
#9949=PLANE('',#11306);
#9950=PLANE('',#11307);
#9951=PLANE('',#11308);
#9952=PLANE('',#11309);
#9953=PLANE('',#11310);
#9954=PLANE('',#11311);
#9955=PLANE('',#11312);
#9956=PLANE('',#11313);
#9957=PLANE('',#11314);
#9958=PLANE('',#11315);
#9959=PLANE('',#11316);
#9960=PLANE('',#11317);
#9961=PLANE('',#11318);
#9962=PLANE('',#11319);
#9963=PLANE('',#11320);
#9964=PLANE('',#11321);
#9965=PLANE('',#11322);
#9966=PLANE('',#11323);
#9967=PLANE('',#11324);
#9968=PLANE('',#11325);
#9969=PLANE('',#11326);
#9970=PLANE('',#11327);
#9971=PLANE('',#11328);
#9972=PLANE('',#11329);
#9973=PLANE('',#11330);
#9974=PLANE('',#11331);
#9975=PLANE('',#11332);
#9976=PLANE('',#11333);
#9977=PLANE('',#11334);
#9978=PLANE('',#11335);
#9979=PLANE('',#11336);
#9980=PLANE('',#11337);
#9981=PLANE('',#11338);
#9982=PLANE('',#11339);
#9983=PLANE('',#11340);
#9984=PLANE('',#11341);
#9985=PLANE('',#11342);
#9986=PLANE('',#11343);
#9987=PLANE('',#11344);
#9988=PLANE('',#11345);
#9989=PLANE('',#11346);
#9990=PLANE('',#11347);
#9991=PLANE('',#11355);
#9992=PLANE('',#11358);
#9993=PLANE('',#11361);
#9994=PLANE('',#11364);
#9995=PLANE('',#11367);
#9996=PLANE('',#11368);
#9997=PLANE('',#11369);
#9998=PLANE('',#11370);
#9999=PLANE('',#11371);
#10000=PLANE('',#11372);
#10001=PLANE('',#11373);
#10002=PLANE('',#11374);
#10003=PLANE('',#11375);
#10004=PLANE('',#11379);
#10005=PLANE('',#11380);
#10006=PLANE('',#11381);
#10007=PLANE('',#11382);
#10008=PLANE('',#11383);
#10009=PLANE('',#11384);
#10010=PLANE('',#11385);
#10011=PLANE('',#11386);
#10012=PLANE('',#11387);
#10013=PLANE('',#11388);
#10014=PLANE('',#11389);
#10015=PLANE('',#11390);
#10016=PLANE('',#11391);
#10017=PLANE('',#11392);
#10018=PLANE('',#11393);
#10019=PLANE('',#11394);
#10020=PLANE('',#11395);
#10021=PLANE('',#11396);
#10022=PLANE('',#11397);
#10023=PLANE('',#11398);
#10024=PLANE('',#11399);
#10025=PLANE('',#11400);
#10026=PLANE('',#11401);
#10027=PLANE('',#11402);
#10028=PLANE('',#11403);
#10029=PLANE('',#11404);
#10030=PLANE('',#11405);
#10031=PLANE('',#11406);
#10032=PLANE('',#11407);
#10033=PLANE('',#11408);
#10034=PLANE('',#11409);
#10035=PLANE('',#11410);
#10036=PLANE('',#11411);
#10037=PLANE('',#11412);
#10038=PLANE('',#11413);
#10039=PLANE('',#11414);
#10040=PLANE('',#11415);
#10041=PLANE('',#11416);
#10042=PLANE('',#11417);
#10043=PLANE('',#11418);
#10044=PLANE('',#11419);
#10045=PLANE('',#11420);
#10046=PLANE('',#11421);
#10047=PLANE('',#11422);
#10048=PLANE('',#11423);
#10049=PLANE('',#11424);
#10050=PLANE('',#11425);
#10051=PLANE('',#11426);
#10052=PLANE('',#11427);
#10053=PLANE('',#11428);
#10054=PLANE('',#11429);
#10055=PLANE('',#11430);
#10056=PLANE('',#11431);
#10057=PLANE('',#11432);
#10058=ADVANCED_FACE('',(#56),#9395,.T.);
#10059=ADVANCED_FACE('',(#57),#9396,.T.);
#10060=ADVANCED_FACE('',(#58),#9397,.T.);
#10061=ADVANCED_FACE('',(#59),#9398,.T.);
#10062=ADVANCED_FACE('',(#60,#48),#9399,.T.);
#10063=ADVANCED_FACE('',(#61),#9400,.T.);
#10064=ADVANCED_FACE('',(#62),#9401,.T.);
#10065=ADVANCED_FACE('',(#63),#9402,.T.);
#10066=ADVANCED_FACE('',(#64),#9403,.T.);
#10067=ADVANCED_FACE('',(#65),#9404,.T.);
#10068=ADVANCED_FACE('',(#66),#9405,.T.);
#10069=ADVANCED_FACE('',(#67),#9406,.T.);
#10070=ADVANCED_FACE('',(#68),#9407,.T.);
#10071=ADVANCED_FACE('',(#69),#9408,.T.);
#10072=ADVANCED_FACE('',(#70),#9409,.T.);
#10073=ADVANCED_FACE('',(#71),#9410,.T.);
#10074=ADVANCED_FACE('',(#72),#9411,.T.);
#10075=ADVANCED_FACE('',(#73),#9412,.T.);
#10076=ADVANCED_FACE('',(#74),#9413,.T.);
#10077=ADVANCED_FACE('',(#75),#9414,.T.);
#10078=ADVANCED_FACE('',(#76),#9415,.T.);
#10079=ADVANCED_FACE('',(#77),#9416,.T.);
#10080=ADVANCED_FACE('',(#78),#9417,.T.);
#10081=ADVANCED_FACE('',(#79),#9418,.T.);
#10082=ADVANCED_FACE('',(#80),#9419,.T.);
#10083=ADVANCED_FACE('',(#81),#9420,.T.);
#10084=ADVANCED_FACE('',(#82),#9421,.T.);
#10085=ADVANCED_FACE('',(#83),#9422,.T.);
#10086=ADVANCED_FACE('',(#84),#9423,.T.);
#10087=ADVANCED_FACE('',(#85),#9424,.T.);
#10088=ADVANCED_FACE('',(#86),#9425,.T.);
#10089=ADVANCED_FACE('',(#87),#9426,.T.);
#10090=ADVANCED_FACE('',(#88),#9427,.T.);
#10091=ADVANCED_FACE('',(#89),#9428,.T.);
#10092=ADVANCED_FACE('',(#90),#9429,.T.);
#10093=ADVANCED_FACE('',(#91),#9430,.T.);
#10094=ADVANCED_FACE('',(#92),#9431,.T.);
#10095=ADVANCED_FACE('',(#93),#9432,.T.);
#10096=ADVANCED_FACE('',(#94),#9433,.T.);
#10097=ADVANCED_FACE('',(#95),#9434,.T.);
#10098=ADVANCED_FACE('',(#96),#9435,.T.);
#10099=ADVANCED_FACE('',(#97),#9436,.T.);
#10100=ADVANCED_FACE('',(#98),#9437,.T.);
#10101=ADVANCED_FACE('',(#99),#9438,.T.);
#10102=ADVANCED_FACE('',(#100),#9439,.T.);
#10103=ADVANCED_FACE('',(#101),#9440,.T.);
#10104=ADVANCED_FACE('',(#102),#9441,.T.);
#10105=ADVANCED_FACE('',(#103),#9442,.T.);
#10106=ADVANCED_FACE('',(#104),#9443,.T.);
#10107=ADVANCED_FACE('',(#105),#9444,.T.);
#10108=ADVANCED_FACE('',(#106),#9445,.T.);
#10109=ADVANCED_FACE('',(#107),#9446,.T.);
#10110=ADVANCED_FACE('',(#108),#9447,.T.);
#10111=ADVANCED_FACE('',(#109),#9448,.T.);
#10112=ADVANCED_FACE('',(#110),#9449,.T.);
#10113=ADVANCED_FACE('',(#111),#9450,.T.);
#10114=ADVANCED_FACE('',(#112),#9451,.T.);
#10115=ADVANCED_FACE('',(#113),#9452,.T.);
#10116=ADVANCED_FACE('',(#114),#9453,.T.);
#10117=ADVANCED_FACE('',(#115),#9454,.T.);
#10118=ADVANCED_FACE('',(#116),#9455,.T.);
#10119=ADVANCED_FACE('',(#117),#9456,.T.);
#10120=ADVANCED_FACE('',(#118),#9457,.T.);
#10121=ADVANCED_FACE('',(#119),#9458,.T.);
#10122=ADVANCED_FACE('',(#120),#9459,.T.);
#10123=ADVANCED_FACE('',(#121),#9460,.T.);
#10124=ADVANCED_FACE('',(#122),#9461,.T.);
#10125=ADVANCED_FACE('',(#123),#9462,.T.);
#10126=ADVANCED_FACE('',(#124),#9463,.T.);
#10127=ADVANCED_FACE('',(#125),#9464,.T.);
#10128=ADVANCED_FACE('',(#126),#9465,.T.);
#10129=ADVANCED_FACE('',(#127),#9466,.T.);
#10130=ADVANCED_FACE('',(#128),#9467,.T.);
#10131=ADVANCED_FACE('',(#129),#9468,.T.);
#10132=ADVANCED_FACE('',(#130),#9469,.T.);
#10133=ADVANCED_FACE('',(#131),#9470,.T.);
#10134=ADVANCED_FACE('',(#132),#9471,.T.);
#10135=ADVANCED_FACE('',(#133),#9472,.T.);
#10136=ADVANCED_FACE('',(#134),#9473,.T.);
#10137=ADVANCED_FACE('',(#135),#9474,.T.);
#10138=ADVANCED_FACE('',(#136),#9475,.T.);
#10139=ADVANCED_FACE('',(#137),#9476,.T.);
#10140=ADVANCED_FACE('',(#138),#9477,.T.);
#10141=ADVANCED_FACE('',(#139),#9478,.T.);
#10142=ADVANCED_FACE('',(#140),#9479,.T.);
#10143=ADVANCED_FACE('',(#141,#49),#9480,.T.);
#10144=ADVANCED_FACE('',(#142),#9481,.T.);
#10145=ADVANCED_FACE('',(#143),#9482,.T.);
#10146=ADVANCED_FACE('',(#144),#9483,.T.);
#10147=ADVANCED_FACE('',(#145),#9484,.T.);
#10148=ADVANCED_FACE('',(#146),#9485,.T.);
#10149=ADVANCED_FACE('',(#147),#9486,.T.);
#10150=ADVANCED_FACE('',(#148),#9487,.T.);
#10151=ADVANCED_FACE('',(#149),#9488,.T.);
#10152=ADVANCED_FACE('',(#150),#9489,.T.);
#10153=ADVANCED_FACE('',(#151),#9490,.T.);
#10154=ADVANCED_FACE('',(#152),#9491,.T.);
#10155=ADVANCED_FACE('',(#153),#9492,.T.);
#10156=ADVANCED_FACE('',(#154),#9493,.T.);
#10157=ADVANCED_FACE('',(#155),#9494,.T.);
#10158=ADVANCED_FACE('',(#156),#9495,.T.);
#10159=ADVANCED_FACE('',(#157),#9496,.T.);
#10160=ADVANCED_FACE('',(#158),#9497,.T.);
#10161=ADVANCED_FACE('',(#159),#9498,.T.);
#10162=ADVANCED_FACE('',(#160),#9499,.T.);
#10163=ADVANCED_FACE('',(#161),#9500,.T.);
#10164=ADVANCED_FACE('',(#162),#9501,.T.);
#10165=ADVANCED_FACE('',(#163),#9502,.T.);
#10166=ADVANCED_FACE('',(#164),#9503,.T.);
#10167=ADVANCED_FACE('',(#165),#9504,.T.);
#10168=ADVANCED_FACE('',(#166),#9505,.T.);
#10169=ADVANCED_FACE('',(#167),#9506,.T.);
#10170=ADVANCED_FACE('',(#168),#9507,.T.);
#10171=ADVANCED_FACE('',(#169),#9508,.T.);
#10172=ADVANCED_FACE('',(#170),#9509,.T.);
#10173=ADVANCED_FACE('',(#171),#9510,.T.);
#10174=ADVANCED_FACE('',(#172),#9511,.T.);
#10175=ADVANCED_FACE('',(#173),#9512,.T.);
#10176=ADVANCED_FACE('',(#174),#9513,.T.);
#10177=ADVANCED_FACE('',(#175),#9514,.T.);
#10178=ADVANCED_FACE('',(#176),#9515,.T.);
#10179=ADVANCED_FACE('',(#177),#9516,.T.);
#10180=ADVANCED_FACE('',(#178),#9517,.T.);
#10181=ADVANCED_FACE('',(#179),#9518,.T.);
#10182=ADVANCED_FACE('',(#180),#9519,.T.);
#10183=ADVANCED_FACE('',(#181),#9520,.T.);
#10184=ADVANCED_FACE('',(#182),#9521,.T.);
#10185=ADVANCED_FACE('',(#183),#9522,.T.);
#10186=ADVANCED_FACE('',(#184),#9523,.T.);
#10187=ADVANCED_FACE('',(#185),#9524,.T.);
#10188=ADVANCED_FACE('',(#186),#9525,.T.);
#10189=ADVANCED_FACE('',(#187),#9526,.T.);
#10190=ADVANCED_FACE('',(#188),#9527,.T.);
#10191=ADVANCED_FACE('',(#189),#9528,.T.);
#10192=ADVANCED_FACE('',(#190),#9529,.T.);
#10193=ADVANCED_FACE('',(#191),#9530,.T.);
#10194=ADVANCED_FACE('',(#192),#9531,.T.);
#10195=ADVANCED_FACE('',(#193),#9532,.T.);
#10196=ADVANCED_FACE('',(#194),#9533,.T.);
#10197=ADVANCED_FACE('',(#195),#9534,.T.);
#10198=ADVANCED_FACE('',(#196),#9535,.T.);
#10199=ADVANCED_FACE('',(#197),#9536,.T.);
#10200=ADVANCED_FACE('',(#198),#9537,.T.);
#10201=ADVANCED_FACE('',(#199),#9538,.T.);
#10202=ADVANCED_FACE('',(#200),#9539,.T.);
#10203=ADVANCED_FACE('',(#201),#9540,.T.);
#10204=ADVANCED_FACE('',(#202),#9541,.T.);
#10205=ADVANCED_FACE('',(#203),#9542,.T.);
#10206=ADVANCED_FACE('',(#204),#9543,.T.);
#10207=ADVANCED_FACE('',(#205),#9544,.T.);
#10208=ADVANCED_FACE('',(#206),#9545,.T.);
#10209=ADVANCED_FACE('',(#207),#9546,.T.);
#10210=ADVANCED_FACE('',(#208),#9547,.T.);
#10211=ADVANCED_FACE('',(#209),#9548,.T.);
#10212=ADVANCED_FACE('',(#210),#9549,.T.);
#10213=ADVANCED_FACE('',(#211),#9550,.T.);
#10214=ADVANCED_FACE('',(#212),#9551,.T.);
#10215=ADVANCED_FACE('',(#213),#9552,.T.);
#10216=ADVANCED_FACE('',(#214),#9553,.T.);
#10217=ADVANCED_FACE('',(#215),#9554,.T.);
#10218=ADVANCED_FACE('',(#216),#9555,.T.);
#10219=ADVANCED_FACE('',(#217),#9556,.T.);
#10220=ADVANCED_FACE('',(#218),#9557,.T.);
#10221=ADVANCED_FACE('',(#219),#9558,.T.);
#10222=ADVANCED_FACE('',(#220),#9559,.T.);
#10223=ADVANCED_FACE('',(#221),#9560,.T.);
#10224=ADVANCED_FACE('',(#222),#9561,.T.);
#10225=ADVANCED_FACE('',(#223),#9562,.T.);
#10226=ADVANCED_FACE('',(#224),#9563,.T.);
#10227=ADVANCED_FACE('',(#225),#9564,.T.);
#10228=ADVANCED_FACE('',(#226),#9565,.T.);
#10229=ADVANCED_FACE('',(#227),#9566,.T.);
#10230=ADVANCED_FACE('',(#228),#9567,.T.);
#10231=ADVANCED_FACE('',(#229),#9568,.T.);
#10232=ADVANCED_FACE('',(#230),#9569,.T.);
#10233=ADVANCED_FACE('',(#231),#9570,.T.);
#10234=ADVANCED_FACE('',(#232),#9571,.T.);
#10235=ADVANCED_FACE('',(#233),#9572,.T.);
#10236=ADVANCED_FACE('',(#234),#9573,.T.);
#10237=ADVANCED_FACE('',(#235),#9574,.T.);
#10238=ADVANCED_FACE('',(#236),#9575,.T.);
#10239=ADVANCED_FACE('',(#237),#9576,.T.);
#10240=ADVANCED_FACE('',(#238),#9577,.T.);
#10241=ADVANCED_FACE('',(#239),#9578,.T.);
#10242=ADVANCED_FACE('',(#240),#9579,.T.);
#10243=ADVANCED_FACE('',(#241),#9580,.T.);
#10244=ADVANCED_FACE('',(#242),#9581,.T.);
#10245=ADVANCED_FACE('',(#243),#9582,.T.);
#10246=ADVANCED_FACE('',(#244),#9583,.T.);
#10247=ADVANCED_FACE('',(#245),#9584,.T.);
#10248=ADVANCED_FACE('',(#246),#9585,.T.);
#10249=ADVANCED_FACE('',(#247),#9586,.T.);
#10250=ADVANCED_FACE('',(#248),#9587,.T.);
#10251=ADVANCED_FACE('',(#249),#9588,.T.);
#10252=ADVANCED_FACE('',(#250),#9589,.T.);
#10253=ADVANCED_FACE('',(#251),#9590,.T.);
#10254=ADVANCED_FACE('',(#252),#9591,.T.);
#10255=ADVANCED_FACE('',(#253),#9592,.T.);
#10256=ADVANCED_FACE('',(#254),#9593,.T.);
#10257=ADVANCED_FACE('',(#255),#9594,.T.);
#10258=ADVANCED_FACE('',(#256),#9595,.T.);
#10259=ADVANCED_FACE('',(#257),#9596,.T.);
#10260=ADVANCED_FACE('',(#258),#9597,.T.);
#10261=ADVANCED_FACE('',(#259),#9598,.T.);
#10262=ADVANCED_FACE('',(#260),#9599,.T.);
#10263=ADVANCED_FACE('',(#261),#9600,.T.);
#10264=ADVANCED_FACE('',(#262),#9601,.T.);
#10265=ADVANCED_FACE('',(#263),#9602,.T.);
#10266=ADVANCED_FACE('',(#264),#9603,.T.);
#10267=ADVANCED_FACE('',(#265),#9604,.T.);
#10268=ADVANCED_FACE('',(#266),#9605,.T.);
#10269=ADVANCED_FACE('',(#267),#9606,.T.);
#10270=ADVANCED_FACE('',(#268),#9607,.T.);
#10271=ADVANCED_FACE('',(#269),#9608,.T.);
#10272=ADVANCED_FACE('',(#270),#9609,.T.);
#10273=ADVANCED_FACE('',(#271),#9610,.T.);
#10274=ADVANCED_FACE('',(#272),#9611,.T.);
#10275=ADVANCED_FACE('',(#273),#9612,.T.);
#10276=ADVANCED_FACE('',(#274),#9613,.T.);
#10277=ADVANCED_FACE('',(#275),#9614,.T.);
#10278=ADVANCED_FACE('',(#276),#9615,.T.);
#10279=ADVANCED_FACE('',(#277),#9616,.T.);
#10280=ADVANCED_FACE('',(#278),#9617,.T.);
#10281=ADVANCED_FACE('',(#279),#9618,.T.);
#10282=ADVANCED_FACE('',(#280),#9619,.T.);
#10283=ADVANCED_FACE('',(#281),#9620,.T.);
#10284=ADVANCED_FACE('',(#282),#9621,.T.);
#10285=ADVANCED_FACE('',(#283),#9622,.T.);
#10286=ADVANCED_FACE('',(#284),#9623,.T.);
#10287=ADVANCED_FACE('',(#285),#9624,.T.);
#10288=ADVANCED_FACE('',(#286),#9625,.T.);
#10289=ADVANCED_FACE('',(#287),#9626,.T.);
#10290=ADVANCED_FACE('',(#288),#9627,.T.);
#10291=ADVANCED_FACE('',(#289),#9628,.T.);
#10292=ADVANCED_FACE('',(#290),#9629,.T.);
#10293=ADVANCED_FACE('',(#291),#9630,.T.);
#10294=ADVANCED_FACE('',(#292),#9631,.T.);
#10295=ADVANCED_FACE('',(#293),#9632,.T.);
#10296=ADVANCED_FACE('',(#294),#9633,.T.);
#10297=ADVANCED_FACE('',(#295),#9634,.T.);
#10298=ADVANCED_FACE('',(#296),#9635,.T.);
#10299=ADVANCED_FACE('',(#297),#9636,.T.);
#10300=ADVANCED_FACE('',(#298),#9637,.T.);
#10301=ADVANCED_FACE('',(#299),#9638,.T.);
#10302=ADVANCED_FACE('',(#300),#9639,.T.);
#10303=ADVANCED_FACE('',(#301),#9640,.T.);
#10304=ADVANCED_FACE('',(#302),#9641,.T.);
#10305=ADVANCED_FACE('',(#303),#9642,.T.);
#10306=ADVANCED_FACE('',(#304),#9643,.T.);
#10307=ADVANCED_FACE('',(#305),#9644,.T.);
#10308=ADVANCED_FACE('',(#306),#9645,.T.);
#10309=ADVANCED_FACE('',(#307),#9646,.T.);
#10310=ADVANCED_FACE('',(#308),#9647,.T.);
#10311=ADVANCED_FACE('',(#309),#9648,.T.);
#10312=ADVANCED_FACE('',(#310),#9649,.T.);
#10313=ADVANCED_FACE('',(#311),#9650,.T.);
#10314=ADVANCED_FACE('',(#312),#9651,.T.);
#10315=ADVANCED_FACE('',(#313),#9652,.T.);
#10316=ADVANCED_FACE('',(#314),#9653,.T.);
#10317=ADVANCED_FACE('',(#315),#9654,.T.);
#10318=ADVANCED_FACE('',(#316),#9655,.T.);
#10319=ADVANCED_FACE('',(#317),#9656,.T.);
#10320=ADVANCED_FACE('',(#318),#9657,.T.);
#10321=ADVANCED_FACE('',(#319),#9658,.T.);
#10322=ADVANCED_FACE('',(#320),#9659,.T.);
#10323=ADVANCED_FACE('',(#321),#9660,.T.);
#10324=ADVANCED_FACE('',(#322),#9661,.T.);
#10325=ADVANCED_FACE('',(#323),#9662,.T.);
#10326=ADVANCED_FACE('',(#324),#9663,.T.);
#10327=ADVANCED_FACE('',(#325),#9664,.T.);
#10328=ADVANCED_FACE('',(#326),#9665,.T.);
#10329=ADVANCED_FACE('',(#327),#9666,.T.);
#10330=ADVANCED_FACE('',(#328),#9667,.T.);
#10331=ADVANCED_FACE('',(#329),#9668,.T.);
#10332=ADVANCED_FACE('',(#330),#9669,.T.);
#10333=ADVANCED_FACE('',(#331),#9670,.T.);
#10334=ADVANCED_FACE('',(#332),#19,.F.);
#10335=ADVANCED_FACE('',(#333),#20,.F.);
#10336=ADVANCED_FACE('',(#334),#9671,.T.);
#10337=ADVANCED_FACE('',(#335),#9672,.T.);
#10338=ADVANCED_FACE('',(#336),#9673,.T.);
#10339=ADVANCED_FACE('',(#337),#9674,.T.);
#10340=ADVANCED_FACE('',(#338),#9675,.T.);
#10341=ADVANCED_FACE('',(#339),#9676,.T.);
#10342=ADVANCED_FACE('',(#340),#9677,.T.);
#10343=ADVANCED_FACE('',(#341),#9678,.T.);
#10344=ADVANCED_FACE('',(#342),#9679,.T.);
#10345=ADVANCED_FACE('',(#343),#9680,.T.);
#10346=ADVANCED_FACE('',(#344),#9681,.T.);
#10347=ADVANCED_FACE('',(#345),#9682,.T.);
#10348=ADVANCED_FACE('',(#346),#9683,.T.);
#10349=ADVANCED_FACE('',(#347),#9684,.T.);
#10350=ADVANCED_FACE('',(#348),#9685,.T.);
#10351=ADVANCED_FACE('',(#349),#9686,.T.);
#10352=ADVANCED_FACE('',(#350),#9687,.T.);
#10353=ADVANCED_FACE('',(#351),#9688,.T.);
#10354=ADVANCED_FACE('',(#352),#9689,.T.);
#10355=ADVANCED_FACE('',(#353),#9690,.T.);
#10356=ADVANCED_FACE('',(#354),#9691,.T.);
#10357=ADVANCED_FACE('',(#355),#9692,.T.);
#10358=ADVANCED_FACE('',(#356),#9693,.T.);
#10359=ADVANCED_FACE('',(#357,#50),#9694,.T.);
#10360=ADVANCED_FACE('',(#358),#9695,.T.);
#10361=ADVANCED_FACE('',(#359),#9696,.T.);
#10362=ADVANCED_FACE('',(#360),#9697,.T.);
#10363=ADVANCED_FACE('',(#361),#9698,.T.);
#10364=ADVANCED_FACE('',(#362),#9699,.T.);
#10365=ADVANCED_FACE('',(#363),#9700,.T.);
#10366=ADVANCED_FACE('',(#364),#9701,.T.);
#10367=ADVANCED_FACE('',(#365),#9702,.T.);
#10368=ADVANCED_FACE('',(#366),#9703,.T.);
#10369=ADVANCED_FACE('',(#367),#9704,.T.);
#10370=ADVANCED_FACE('',(#368),#9705,.T.);
#10371=ADVANCED_FACE('',(#369),#9706,.T.);
#10372=ADVANCED_FACE('',(#370),#9707,.T.);
#10373=ADVANCED_FACE('',(#371),#9708,.T.);
#10374=ADVANCED_FACE('',(#372),#9709,.T.);
#10375=ADVANCED_FACE('',(#373),#9710,.T.);
#10376=ADVANCED_FACE('',(#374),#9711,.T.);
#10377=ADVANCED_FACE('',(#375),#9712,.T.);
#10378=ADVANCED_FACE('',(#376),#9713,.T.);
#10379=ADVANCED_FACE('',(#377),#9714,.T.);
#10380=ADVANCED_FACE('',(#378),#9715,.T.);
#10381=ADVANCED_FACE('',(#379),#9716,.T.);
#10382=ADVANCED_FACE('',(#380),#9717,.T.);
#10383=ADVANCED_FACE('',(#381),#9718,.T.);
#10384=ADVANCED_FACE('',(#382),#9719,.T.);
#10385=ADVANCED_FACE('',(#383),#9720,.T.);
#10386=ADVANCED_FACE('',(#384),#9721,.T.);
#10387=ADVANCED_FACE('',(#385),#9722,.T.);
#10388=ADVANCED_FACE('',(#386),#9723,.T.);
#10389=ADVANCED_FACE('',(#387),#9724,.T.);
#10390=ADVANCED_FACE('',(#388),#9725,.T.);
#10391=ADVANCED_FACE('',(#389),#9726,.T.);
#10392=ADVANCED_FACE('',(#390),#9727,.T.);
#10393=ADVANCED_FACE('',(#391),#9728,.T.);
#10394=ADVANCED_FACE('',(#392),#9729,.T.);
#10395=ADVANCED_FACE('',(#393),#9730,.T.);
#10396=ADVANCED_FACE('',(#394),#9731,.T.);
#10397=ADVANCED_FACE('',(#395),#9732,.T.);
#10398=ADVANCED_FACE('',(#396),#9733,.T.);
#10399=ADVANCED_FACE('',(#397),#9734,.T.);
#10400=ADVANCED_FACE('',(#398),#9735,.T.);
#10401=ADVANCED_FACE('',(#399),#9736,.T.);
#10402=ADVANCED_FACE('',(#400),#9737,.T.);
#10403=ADVANCED_FACE('',(#401),#9738,.T.);
#10404=ADVANCED_FACE('',(#402),#9739,.T.);
#10405=ADVANCED_FACE('',(#403),#9740,.T.);
#10406=ADVANCED_FACE('',(#404),#9741,.T.);
#10407=ADVANCED_FACE('',(#405),#9742,.T.);
#10408=ADVANCED_FACE('',(#406),#9743,.T.);
#10409=ADVANCED_FACE('',(#407),#9744,.T.);
#10410=ADVANCED_FACE('',(#408),#9745,.T.);
#10411=ADVANCED_FACE('',(#409),#9746,.T.);
#10412=ADVANCED_FACE('',(#410),#9747,.T.);
#10413=ADVANCED_FACE('',(#411),#9748,.T.);
#10414=ADVANCED_FACE('',(#412),#9749,.T.);
#10415=ADVANCED_FACE('',(#413),#9750,.T.);
#10416=ADVANCED_FACE('',(#414),#9751,.T.);
#10417=ADVANCED_FACE('',(#415),#9752,.T.);
#10418=ADVANCED_FACE('',(#416),#9753,.T.);
#10419=ADVANCED_FACE('',(#417),#9754,.T.);
#10420=ADVANCED_FACE('',(#418),#9755,.T.);
#10421=ADVANCED_FACE('',(#419,#51),#9756,.T.);
#10422=ADVANCED_FACE('',(#420),#9757,.T.);
#10423=ADVANCED_FACE('',(#421),#9758,.T.);
#10424=ADVANCED_FACE('',(#422),#9759,.T.);
#10425=ADVANCED_FACE('',(#423),#9760,.T.);
#10426=ADVANCED_FACE('',(#424),#9761,.T.);
#10427=ADVANCED_FACE('',(#425),#9762,.T.);
#10428=ADVANCED_FACE('',(#426),#9763,.T.);
#10429=ADVANCED_FACE('',(#427),#9764,.T.);
#10430=ADVANCED_FACE('',(#428),#9765,.T.);
#10431=ADVANCED_FACE('',(#429),#9766,.T.);
#10432=ADVANCED_FACE('',(#430),#9767,.T.);
#10433=ADVANCED_FACE('',(#431),#9768,.T.);
#10434=ADVANCED_FACE('',(#432),#9769,.T.);
#10435=ADVANCED_FACE('',(#433),#9770,.T.);
#10436=ADVANCED_FACE('',(#434),#9771,.T.);
#10437=ADVANCED_FACE('',(#435),#9772,.T.);
#10438=ADVANCED_FACE('',(#436),#9773,.T.);
#10439=ADVANCED_FACE('',(#437),#9774,.T.);
#10440=ADVANCED_FACE('',(#438),#9775,.T.);
#10441=ADVANCED_FACE('',(#439),#9776,.T.);
#10442=ADVANCED_FACE('',(#440),#9777,.T.);
#10443=ADVANCED_FACE('',(#441),#9778,.T.);
#10444=ADVANCED_FACE('',(#442),#9779,.T.);
#10445=ADVANCED_FACE('',(#443),#9780,.T.);
#10446=ADVANCED_FACE('',(#444),#9781,.T.);
#10447=ADVANCED_FACE('',(#445),#9782,.T.);
#10448=ADVANCED_FACE('',(#446),#9783,.T.);
#10449=ADVANCED_FACE('',(#447),#9784,.T.);
#10450=ADVANCED_FACE('',(#448),#9785,.T.);
#10451=ADVANCED_FACE('',(#449),#9786,.T.);
#10452=ADVANCED_FACE('',(#450),#9787,.T.);
#10453=ADVANCED_FACE('',(#451),#9788,.T.);
#10454=ADVANCED_FACE('',(#452),#9789,.T.);
#10455=ADVANCED_FACE('',(#453),#9790,.T.);
#10456=ADVANCED_FACE('',(#454),#9791,.T.);
#10457=ADVANCED_FACE('',(#455),#9792,.T.);
#10458=ADVANCED_FACE('',(#456),#9793,.T.);
#10459=ADVANCED_FACE('',(#457),#9794,.T.);
#10460=ADVANCED_FACE('',(#458),#9795,.T.);
#10461=ADVANCED_FACE('',(#459),#9796,.T.);
#10462=ADVANCED_FACE('',(#460),#9797,.T.);
#10463=ADVANCED_FACE('',(#461),#9798,.T.);
#10464=ADVANCED_FACE('',(#462),#9799,.T.);
#10465=ADVANCED_FACE('',(#463),#9800,.T.);
#10466=ADVANCED_FACE('',(#464),#9801,.T.);
#10467=ADVANCED_FACE('',(#465),#9802,.T.);
#10468=ADVANCED_FACE('',(#466),#9803,.T.);
#10469=ADVANCED_FACE('',(#467),#9804,.T.);
#10470=ADVANCED_FACE('',(#468),#9805,.T.);
#10471=ADVANCED_FACE('',(#469),#9806,.T.);
#10472=ADVANCED_FACE('',(#470),#9807,.T.);
#10473=ADVANCED_FACE('',(#471),#9808,.T.);
#10474=ADVANCED_FACE('',(#472),#9809,.T.);
#10475=ADVANCED_FACE('',(#473),#9810,.T.);
#10476=ADVANCED_FACE('',(#474),#9811,.T.);
#10477=ADVANCED_FACE('',(#475),#9812,.T.);
#10478=ADVANCED_FACE('',(#476),#9813,.T.);
#10479=ADVANCED_FACE('',(#477),#9814,.T.);
#10480=ADVANCED_FACE('',(#478),#9815,.T.);
#10481=ADVANCED_FACE('',(#479),#9816,.T.);
#10482=ADVANCED_FACE('',(#480),#9817,.T.);
#10483=ADVANCED_FACE('',(#481),#9818,.T.);
#10484=ADVANCED_FACE('',(#482),#9819,.T.);
#10485=ADVANCED_FACE('',(#483),#9820,.T.);
#10486=ADVANCED_FACE('',(#484),#9821,.T.);
#10487=ADVANCED_FACE('',(#485),#9822,.T.);
#10488=ADVANCED_FACE('',(#486),#9823,.T.);
#10489=ADVANCED_FACE('',(#487),#9824,.T.);
#10490=ADVANCED_FACE('',(#488),#9825,.T.);
#10491=ADVANCED_FACE('',(#489),#9826,.T.);
#10492=ADVANCED_FACE('',(#490),#9827,.T.);
#10493=ADVANCED_FACE('',(#491),#9828,.T.);
#10494=ADVANCED_FACE('',(#492),#9829,.T.);
#10495=ADVANCED_FACE('',(#493),#9830,.T.);
#10496=ADVANCED_FACE('',(#494),#9831,.T.);
#10497=ADVANCED_FACE('',(#495),#9832,.T.);
#10498=ADVANCED_FACE('',(#496),#9833,.T.);
#10499=ADVANCED_FACE('',(#497),#9834,.T.);
#10500=ADVANCED_FACE('',(#498),#9835,.T.);
#10501=ADVANCED_FACE('',(#499),#9836,.T.);
#10502=ADVANCED_FACE('',(#500),#9837,.T.);
#10503=ADVANCED_FACE('',(#501),#9838,.T.);
#10504=ADVANCED_FACE('',(#502),#9839,.T.);
#10505=ADVANCED_FACE('',(#503),#9840,.T.);
#10506=ADVANCED_FACE('',(#504),#9841,.T.);
#10507=ADVANCED_FACE('',(#505),#9842,.T.);
#10508=ADVANCED_FACE('',(#506),#9843,.T.);
#10509=ADVANCED_FACE('',(#507),#9844,.T.);
#10510=ADVANCED_FACE('',(#508),#9845,.T.);
#10511=ADVANCED_FACE('',(#509),#9846,.T.);
#10512=ADVANCED_FACE('',(#510),#9847,.T.);
#10513=ADVANCED_FACE('',(#511),#9848,.T.);
#10514=ADVANCED_FACE('',(#512),#9849,.T.);
#10515=ADVANCED_FACE('',(#513),#9850,.T.);
#10516=ADVANCED_FACE('',(#514),#9851,.T.);
#10517=ADVANCED_FACE('',(#515),#9852,.T.);
#10518=ADVANCED_FACE('',(#516),#9853,.T.);
#10519=ADVANCED_FACE('',(#517),#9854,.T.);
#10520=ADVANCED_FACE('',(#518),#9855,.T.);
#10521=ADVANCED_FACE('',(#519),#9856,.T.);
#10522=ADVANCED_FACE('',(#520),#9857,.T.);
#10523=ADVANCED_FACE('',(#521),#9858,.T.);
#10524=ADVANCED_FACE('',(#522),#9859,.T.);
#10525=ADVANCED_FACE('',(#523),#9860,.T.);
#10526=ADVANCED_FACE('',(#524),#9861,.T.);
#10527=ADVANCED_FACE('',(#525),#9862,.T.);
#10528=ADVANCED_FACE('',(#526),#9863,.T.);
#10529=ADVANCED_FACE('',(#527),#9864,.T.);
#10530=ADVANCED_FACE('',(#528),#9865,.T.);
#10531=ADVANCED_FACE('',(#529),#9866,.T.);
#10532=ADVANCED_FACE('',(#530),#9867,.T.);
#10533=ADVANCED_FACE('',(#531),#9868,.T.);
#10534=ADVANCED_FACE('',(#532),#9869,.T.);
#10535=ADVANCED_FACE('',(#533),#9870,.T.);
#10536=ADVANCED_FACE('',(#534),#9871,.T.);
#10537=ADVANCED_FACE('',(#535),#9872,.T.);
#10538=ADVANCED_FACE('',(#536),#9873,.T.);
#10539=ADVANCED_FACE('',(#537),#9874,.T.);
#10540=ADVANCED_FACE('',(#538),#9875,.T.);
#10541=ADVANCED_FACE('',(#539),#9876,.T.);
#10542=ADVANCED_FACE('',(#540),#9877,.T.);
#10543=ADVANCED_FACE('',(#541),#9878,.T.);
#10544=ADVANCED_FACE('',(#542),#9879,.T.);
#10545=ADVANCED_FACE('',(#543),#9880,.T.);
#10546=ADVANCED_FACE('',(#544),#9881,.T.);
#10547=ADVANCED_FACE('',(#545),#9882,.T.);
#10548=ADVANCED_FACE('',(#546),#9883,.T.);
#10549=ADVANCED_FACE('',(#547),#9884,.T.);
#10550=ADVANCED_FACE('',(#548),#9885,.T.);
#10551=ADVANCED_FACE('',(#549),#9886,.T.);
#10552=ADVANCED_FACE('',(#550),#9887,.T.);
#10553=ADVANCED_FACE('',(#551),#9888,.T.);
#10554=ADVANCED_FACE('',(#552),#9889,.T.);
#10555=ADVANCED_FACE('',(#553),#9890,.T.);
#10556=ADVANCED_FACE('',(#554),#9891,.T.);
#10557=ADVANCED_FACE('',(#555),#9892,.T.);
#10558=ADVANCED_FACE('',(#556),#9893,.T.);
#10559=ADVANCED_FACE('',(#557),#9894,.T.);
#10560=ADVANCED_FACE('',(#558),#9895,.T.);
#10561=ADVANCED_FACE('',(#559),#9896,.T.);
#10562=ADVANCED_FACE('',(#560),#9897,.T.);
#10563=ADVANCED_FACE('',(#561),#9898,.T.);
#10564=ADVANCED_FACE('',(#562),#9899,.T.);
#10565=ADVANCED_FACE('',(#563),#9900,.T.);
#10566=ADVANCED_FACE('',(#564),#9901,.T.);
#10567=ADVANCED_FACE('',(#565),#9902,.T.);
#10568=ADVANCED_FACE('',(#566),#9903,.T.);
#10569=ADVANCED_FACE('',(#567),#9904,.T.);
#10570=ADVANCED_FACE('',(#568),#9905,.T.);
#10571=ADVANCED_FACE('',(#569),#9906,.T.);
#10572=ADVANCED_FACE('',(#570),#9907,.T.);
#10573=ADVANCED_FACE('',(#571),#9908,.T.);
#10574=ADVANCED_FACE('',(#572),#9909,.T.);
#10575=ADVANCED_FACE('',(#573),#9910,.T.);
#10576=ADVANCED_FACE('',(#574),#9911,.T.);
#10577=ADVANCED_FACE('',(#575),#9912,.T.);
#10578=ADVANCED_FACE('',(#576),#9913,.T.);
#10579=ADVANCED_FACE('',(#577),#9914,.T.);
#10580=ADVANCED_FACE('',(#578),#9915,.T.);
#10581=ADVANCED_FACE('',(#579),#9916,.T.);
#10582=ADVANCED_FACE('',(#580),#9917,.T.);
#10583=ADVANCED_FACE('',(#581),#9918,.T.);
#10584=ADVANCED_FACE('',(#582),#9919,.T.);
#10585=ADVANCED_FACE('',(#583),#9920,.T.);
#10586=ADVANCED_FACE('',(#584),#9921,.T.);
#10587=ADVANCED_FACE('',(#585),#9922,.T.);
#10588=ADVANCED_FACE('',(#586),#9923,.T.);
#10589=ADVANCED_FACE('',(#587),#9924,.T.);
#10590=ADVANCED_FACE('',(#588),#9925,.T.);
#10591=ADVANCED_FACE('',(#589),#9926,.T.);
#10592=ADVANCED_FACE('',(#590),#9927,.T.);
#10593=ADVANCED_FACE('',(#591),#9928,.T.);
#10594=ADVANCED_FACE('',(#592),#9929,.T.);
#10595=ADVANCED_FACE('',(#593),#9930,.T.);
#10596=ADVANCED_FACE('',(#594),#9931,.T.);
#10597=ADVANCED_FACE('',(#595),#9932,.T.);
#10598=ADVANCED_FACE('',(#596),#9933,.T.);
#10599=ADVANCED_FACE('',(#597),#9934,.T.);
#10600=ADVANCED_FACE('',(#598),#9935,.T.);
#10601=ADVANCED_FACE('',(#599),#9936,.T.);
#10602=ADVANCED_FACE('',(#600),#9937,.T.);
#10603=ADVANCED_FACE('',(#601),#9938,.T.);
#10604=ADVANCED_FACE('',(#602),#9939,.T.);
#10605=ADVANCED_FACE('',(#603),#9940,.T.);
#10606=ADVANCED_FACE('',(#604),#9941,.T.);
#10607=ADVANCED_FACE('',(#605),#9942,.T.);
#10608=ADVANCED_FACE('',(#606),#9943,.T.);
#10609=ADVANCED_FACE('',(#607),#9944,.T.);
#10610=ADVANCED_FACE('',(#608),#9945,.F.);
#10611=ADVANCED_FACE('',(#609),#9946,.T.);
#10612=ADVANCED_FACE('',(#610),#9947,.T.);
#10613=ADVANCED_FACE('',(#611),#9948,.T.);
#10614=ADVANCED_FACE('',(#612),#9949,.T.);
#10615=ADVANCED_FACE('',(#613),#9950,.T.);
#10616=ADVANCED_FACE('',(#614),#9951,.T.);
#10617=ADVANCED_FACE('',(#615),#9952,.T.);
#10618=ADVANCED_FACE('',(#616),#9953,.T.);
#10619=ADVANCED_FACE('',(#617),#9954,.T.);
#10620=ADVANCED_FACE('',(#618),#9955,.T.);
#10621=ADVANCED_FACE('',(#619),#9956,.T.);
#10622=ADVANCED_FACE('',(#620),#9957,.T.);
#10623=ADVANCED_FACE('',(#621),#9958,.T.);
#10624=ADVANCED_FACE('',(#622),#9959,.T.);
#10625=ADVANCED_FACE('',(#623),#9960,.T.);
#10626=ADVANCED_FACE('',(#624),#9961,.F.);
#10627=ADVANCED_FACE('',(#625),#9962,.F.);
#10628=ADVANCED_FACE('',(#626),#9963,.T.);
#10629=ADVANCED_FACE('',(#627),#9964,.F.);
#10630=ADVANCED_FACE('',(#628),#9965,.T.);
#10631=ADVANCED_FACE('',(#629),#9966,.T.);
#10632=ADVANCED_FACE('',(#630),#9967,.T.);
#10633=ADVANCED_FACE('',(#631),#9968,.T.);
#10634=ADVANCED_FACE('',(#632),#9969,.T.);
#10635=ADVANCED_FACE('',(#633),#9970,.T.);
#10636=ADVANCED_FACE('',(#634),#9971,.T.);
#10637=ADVANCED_FACE('',(#635),#9972,.T.);
#10638=ADVANCED_FACE('',(#636),#9973,.T.);
#10639=ADVANCED_FACE('',(#637),#9974,.T.);
#10640=ADVANCED_FACE('',(#638),#9975,.T.);
#10641=ADVANCED_FACE('',(#639),#9976,.T.);
#10642=ADVANCED_FACE('',(#640),#9977,.T.);
#10643=ADVANCED_FACE('',(#641),#9978,.T.);
#10644=ADVANCED_FACE('',(#642),#9979,.T.);
#10645=ADVANCED_FACE('',(#643),#9980,.T.);
#10646=ADVANCED_FACE('',(#644),#9981,.T.);
#10647=ADVANCED_FACE('',(#645),#9982,.T.);
#10648=ADVANCED_FACE('',(#646),#9983,.T.);
#10649=ADVANCED_FACE('',(#647),#9984,.T.);
#10650=ADVANCED_FACE('',(#648),#9985,.T.);
#10651=ADVANCED_FACE('',(#649),#9986,.T.);
#10652=ADVANCED_FACE('',(#650),#9987,.T.);
#10653=ADVANCED_FACE('',(#651),#9988,.T.);
#10654=ADVANCED_FACE('',(#652),#9989,.T.);
#10655=ADVANCED_FACE('',(#653,#52),#9990,.T.);
#10656=ADVANCED_FACE('',(#654),#21,.T.);
#10657=ADVANCED_FACE('',(#655),#9991,.T.);
#10658=ADVANCED_FACE('',(#656),#22,.T.);
#10659=ADVANCED_FACE('',(#657),#9992,.T.);
#10660=ADVANCED_FACE('',(#658),#23,.T.);
#10661=ADVANCED_FACE('',(#659),#9993,.T.);
#10662=ADVANCED_FACE('',(#660),#24,.T.);
#10663=ADVANCED_FACE('',(#661),#9994,.T.);
#10664=ADVANCED_FACE('',(#662),#25,.F.);
#10665=ADVANCED_FACE('',(#663),#9995,.T.);
#10666=ADVANCED_FACE('',(#664),#9996,.T.);
#10667=ADVANCED_FACE('',(#665),#9997,.T.);
#10668=ADVANCED_FACE('',(#666),#9998,.T.);
#10669=ADVANCED_FACE('',(#667),#9999,.T.);
#10670=ADVANCED_FACE('',(#668),#10000,.T.);
#10671=ADVANCED_FACE('',(#669),#10001,.T.);
#10672=ADVANCED_FACE('',(#670),#10002,.T.);
#10673=ADVANCED_FACE('',(#671,#53),#10003,.F.);
#10674=ADVANCED_FACE('',(#672),#26,.F.);
#10675=ADVANCED_FACE('',(#673),#10004,.T.);
#10676=ADVANCED_FACE('',(#674),#10005,.T.);
#10677=ADVANCED_FACE('',(#675),#10006,.T.);
#10678=ADVANCED_FACE('',(#676),#10007,.T.);
#10679=ADVANCED_FACE('',(#677),#10008,.T.);
#10680=ADVANCED_FACE('',(#678),#10009,.T.);
#10681=ADVANCED_FACE('',(#679),#10010,.T.);
#10682=ADVANCED_FACE('',(#680),#10011,.T.);
#10683=ADVANCED_FACE('',(#681),#10012,.T.);
#10684=ADVANCED_FACE('',(#682),#10013,.T.);
#10685=ADVANCED_FACE('',(#683),#10014,.T.);
#10686=ADVANCED_FACE('',(#684),#10015,.T.);
#10687=ADVANCED_FACE('',(#685),#10016,.T.);
#10688=ADVANCED_FACE('',(#686),#10017,.T.);
#10689=ADVANCED_FACE('',(#687),#10018,.T.);
#10690=ADVANCED_FACE('',(#688),#10019,.T.);
#10691=ADVANCED_FACE('',(#689),#10020,.T.);
#10692=ADVANCED_FACE('',(#690),#10021,.T.);
#10693=ADVANCED_FACE('',(#691),#10022,.T.);
#10694=ADVANCED_FACE('',(#692),#10023,.T.);
#10695=ADVANCED_FACE('',(#693),#10024,.T.);
#10696=ADVANCED_FACE('',(#694),#10025,.T.);
#10697=ADVANCED_FACE('',(#695),#10026,.T.);
#10698=ADVANCED_FACE('',(#696),#10027,.T.);
#10699=ADVANCED_FACE('',(#697),#10028,.T.);
#10700=ADVANCED_FACE('',(#698),#10029,.T.);
#10701=ADVANCED_FACE('',(#699),#10030,.T.);
#10702=ADVANCED_FACE('',(#700),#10031,.T.);
#10703=ADVANCED_FACE('',(#701),#10032,.T.);
#10704=ADVANCED_FACE('',(#702),#10033,.T.);
#10705=ADVANCED_FACE('',(#703),#10034,.T.);
#10706=ADVANCED_FACE('',(#704),#10035,.T.);
#10707=ADVANCED_FACE('',(#705),#10036,.T.);
#10708=ADVANCED_FACE('',(#706),#10037,.T.);
#10709=ADVANCED_FACE('',(#707),#10038,.T.);
#10710=ADVANCED_FACE('',(#708),#10039,.T.);
#10711=ADVANCED_FACE('',(#709),#10040,.T.);
#10712=ADVANCED_FACE('',(#710),#10041,.T.);
#10713=ADVANCED_FACE('',(#711),#10042,.T.);
#10714=ADVANCED_FACE('',(#712),#10043,.T.);
#10715=ADVANCED_FACE('',(#713),#10044,.T.);
#10716=ADVANCED_FACE('',(#714),#10045,.T.);
#10717=ADVANCED_FACE('',(#715),#10046,.T.);
#10718=ADVANCED_FACE('',(#716),#10047,.T.);
#10719=ADVANCED_FACE('',(#717),#10048,.T.);
#10720=ADVANCED_FACE('',(#718),#10049,.T.);
#10721=ADVANCED_FACE('',(#719),#10050,.T.);
#10722=ADVANCED_FACE('',(#720),#10051,.T.);
#10723=ADVANCED_FACE('',(#721),#10052,.T.);
#10724=ADVANCED_FACE('',(#722),#10053,.T.);
#10725=ADVANCED_FACE('',(#723),#10054,.T.);
#10726=ADVANCED_FACE('',(#724),#10055,.T.);
#10727=ADVANCED_FACE('',(#725,#54),#10056,.T.);
#10728=ADVANCED_FACE('',(#726,#55),#10057,.F.);
#10729=OPEN_SHELL('',(#10058,#10059,#10060,#10061,#10062,#10063,#10064,
#10065,#10066,#10067,#10068,#10069,#10070,#10071,#10072,#10073,#10074,#10075,
#10076,#10077,#10078,#10079,#10080,#10081,#10082,#10083,#10084,#10085,#10086,
#10087,#10088,#10089,#10090,#10091,#10092,#10093,#10094,#10095,#10096,#10097,
#10098,#10099,#10100,#10101,#10102,#10103,#10104,#10105,#10106,#10107,#10108,
#10109,#10110,#10111,#10112,#10113,#10114,#10115,#10116,#10117,#10118,#10119,
#10120,#10121,#10122,#10123,#10124,#10125,#10126,#10127,#10128,#10129,#10130,
#10131,#10132,#10133,#10134,#10135,#10136,#10137,#10138,#10139,#10140,#10141,
#10142,#10143,#10144,#10145,#10146,#10147,#10148,#10149,#10150,#10151,#10152,
#10153,#10154,#10155,#10156,#10157,#10158,#10159,#10160,#10161,#10162,#10163,
#10164,#10165,#10166,#10167,#10168,#10169,#10170,#10171,#10172,#10173,#10174,
#10175,#10176,#10177,#10178,#10179,#10180,#10181,#10182,#10183,#10184,#10185,
#10186,#10187,#10188,#10189,#10190,#10191,#10192,#10193,#10194,#10195,#10196,
#10197,#10198,#10199,#10200,#10201,#10202,#10203,#10204,#10205,#10206,#10207,
#10208,#10209,#10210,#10211,#10212,#10213,#10214,#10215,#10216,#10217,#10218,
#10219,#10220,#10221,#10222,#10223,#10224,#10225,#10226,#10227,#10228,#10229,
#10230,#10231,#10232,#10233,#10234,#10235,#10236,#10237,#10238,#10239,#10240,
#10241,#10242,#10243,#10244,#10245,#10246,#10247,#10248,#10249,#10250,#10251,
#10252,#10253,#10254,#10255,#10256,#10257,#10258,#10259,#10260,#10261,#10262,
#10263,#10264,#10265,#10266,#10267,#10268,#10269,#10270,#10271,#10272,#10273,
#10274,#10275,#10276,#10277,#10278,#10279,#10280,#10281,#10282,#10283,#10284,
#10285,#10286,#10287,#10288,#10289,#10290,#10291,#10292,#10293,#10294,#10295,
#10296,#10297,#10298,#10299,#10300,#10301,#10302,#10303,#10304,#10305,#10306,
#10307,#10308,#10309,#10310,#10311,#10312,#10313,#10314,#10315,#10316,#10317,
#10318,#10319,#10320,#10321,#10322,#10323,#10324,#10325,#10326,#10327,#10328,
#10329,#10330,#10331));
#10730=OPEN_SHELL('',(#10332,#10333,#10334,#10335,#10336,#10337,#10338,
#10339,#10340,#10341,#10342,#10343,#10344,#10345,#10346,#10347,#10348,#10349,
#10350,#10351,#10352,#10353,#10354,#10355,#10356,#10357,#10358,#10359,#10360,
#10361,#10362,#10363,#10364,#10365,#10366,#10367,#10368,#10369,#10370,#10371,
#10372,#10373,#10374,#10375,#10376,#10377,#10378,#10379,#10380,#10381,#10382,
#10383,#10384,#10385,#10386,#10387,#10388,#10389,#10390,#10391,#10392,#10393,
#10394,#10395,#10396,#10397,#10398,#10399,#10400,#10401,#10402,#10403,#10404,
#10405,#10406,#10407,#10408,#10409,#10410,#10411,#10412,#10413,#10414,#10415,
#10416,#10417,#10418,#10419,#10420,#10421,#10422,#10423,#10424,#10425,#10426,
#10427,#10428,#10429,#10430,#10431,#10432,#10433,#10434,#10435,#10436,#10437,
#10438,#10439,#10440,#10441,#10442,#10443,#10444,#10445,#10446,#10447,#10448,
#10449,#10450,#10451,#10452,#10453,#10454,#10455,#10456,#10457,#10458,#10459,
#10460,#10461,#10462,#10463,#10464,#10465,#10466,#10467,#10468,#10469,#10470,
#10471,#10472,#10473,#10474,#10475,#10476,#10477,#10478,#10479,#10480,#10481,
#10482,#10483,#10484,#10485,#10486,#10487,#10488,#10489,#10490,#10491,#10492,
#10493,#10494,#10495,#10496,#10497,#10498,#10499,#10500,#10501,#10502,#10503,
#10504,#10505,#10506,#10507,#10508,#10509,#10510,#10511,#10512,#10513,#10514,
#10515,#10516,#10517,#10518,#10519,#10520,#10521,#10522,#10523,#10524,#10525,
#10526,#10527,#10528,#10529,#10530,#10531,#10532,#10533,#10534,#10535,#10536,
#10537,#10538,#10539,#10540,#10541,#10542,#10543,#10544,#10545,#10546,#10547,
#10548,#10549,#10550,#10551,#10552,#10553,#10554,#10555,#10556,#10557,#10558,
#10559,#10560,#10561,#10562,#10563,#10564,#10565,#10566,#10567,#10568,#10569,
#10570,#10571,#10572,#10573,#10574,#10575,#10576,#10577,#10578,#10579,#10580,
#10581,#10582,#10583,#10584,#10585,#10586,#10587,#10588,#10589,#10590,#10591,
#10592,#10593,#10594,#10595,#10596,#10597,#10598,#10599,#10600,#10601,#10602,
#10603,#10604,#10605,#10606,#10607,#10608,#10609));
#10731=SHELL_BASED_SURFACE_MODEL('coxa_l_PCBWay Community (1)',(#10729));
#10732=SHELL_BASED_SURFACE_MODEL('coxa_l_PCBWay Community (1) (1)',(#10730));
#10733=DERIVED_UNIT_ELEMENT(#10735,1.);
#10734=DERIVED_UNIT_ELEMENT(#17150,-3.);
#10735=(
MASS_UNIT()
NAMED_UNIT(*)
SI_UNIT(.KILO.,.GRAM.)
);
#10736=DERIVED_UNIT((#10733,#10734));
#10737=MEASURE_REPRESENTATION_ITEM('density measure',
POSITIVE_RATIO_MEASURE(7850.),#10736);
#10738=PROPERTY_DEFINITION_REPRESENTATION(#10743,#10740);
#10739=PROPERTY_DEFINITION_REPRESENTATION(#10744,#10741);
#10740=REPRESENTATION('material name',(#10742),#17147);
#10741=REPRESENTATION('density',(#10737),#17147);
#10742=DESCRIPTIVE_REPRESENTATION_ITEM('Steel','Steel');
#10743=PROPERTY_DEFINITION('material property','material name',#17157);
#10744=PROPERTY_DEFINITION('material property','density of part',#17157);
#10745=AXIS2_PLACEMENT_3D('',#14240,#11433,#11434);
#10746=AXIS2_PLACEMENT_3D('',#14241,#11435,#11436);
#10747=AXIS2_PLACEMENT_3D('',#14248,#11440,#11441);
#10748=AXIS2_PLACEMENT_3D('',#14254,#11445,#11446);
#10749=AXIS2_PLACEMENT_3D('',#14260,#11450,#11451);
#10750=AXIS2_PLACEMENT_3D('',#14266,#11455,#11456);
#10751=AXIS2_PLACEMENT_3D('',#14373,#11510,#11511);
#10752=AXIS2_PLACEMENT_3D('',#14382,#11516,#11517);
#10753=AXIS2_PLACEMENT_3D('',#14391,#11522,#11523);
#10754=AXIS2_PLACEMENT_3D('',#14400,#11528,#11529);
#10755=AXIS2_PLACEMENT_3D('',#14406,#11533,#11534);
#10756=AXIS2_PLACEMENT_3D('',#14412,#11538,#11539);
#10757=AXIS2_PLACEMENT_3D('',#14418,#11543,#11544);
#10758=AXIS2_PLACEMENT_3D('',#14501,#11587,#11588);
#10759=AXIS2_PLACEMENT_3D('',#14507,#11592,#11593);
#10760=AXIS2_PLACEMENT_3D('',#14513,#11597,#11598);
#10761=AXIS2_PLACEMENT_3D('',#14522,#11603,#11604);
#10762=AXIS2_PLACEMENT_3D('',#14525,#11607,#11608);
#10763=AXIS2_PLACEMENT_3D('',#14531,#11612,#11613);
#10764=AXIS2_PLACEMENT_3D('',#14537,#11617,#11618);
#10765=AXIS2_PLACEMENT_3D('',#14543,#11622,#11623);
#10766=AXIS2_PLACEMENT_3D('',#14549,#11627,#11628);
#10767=AXIS2_PLACEMENT_3D('',#14555,#11632,#11633);
#10768=AXIS2_PLACEMENT_3D('',#14561,#11637,#11638);
#10769=AXIS2_PLACEMENT_3D('',#14565,#11641,#11642);
#10770=AXIS2_PLACEMENT_3D('',#14571,#11646,#11647);
#10771=AXIS2_PLACEMENT_3D('',#14580,#11652,#11653);
#10772=AXIS2_PLACEMENT_3D('',#14589,#11658,#11659);
#10773=AXIS2_PLACEMENT_3D('',#14592,#11662,#11663);
#10774=AXIS2_PLACEMENT_3D('',#14594,#11665,#11666);
#10775=AXIS2_PLACEMENT_3D('',#14601,#11671,#11672);
#10776=AXIS2_PLACEMENT_3D('',#14605,#11675,#11676);
#10777=AXIS2_PLACEMENT_3D('',#14611,#11680,#11681);
#10778=AXIS2_PLACEMENT_3D('',#14617,#11685,#11686);
#10779=AXIS2_PLACEMENT_3D('',#14621,#11689,#11690);
#10780=AXIS2_PLACEMENT_3D('',#14625,#11693,#11694);
#10781=AXIS2_PLACEMENT_3D('',#14629,#11697,#11698);
#10782=AXIS2_PLACEMENT_3D('',#14631,#11700,#11701);
#10783=AXIS2_PLACEMENT_3D('',#14633,#11703,#11704);
#10784=AXIS2_PLACEMENT_3D('',#14637,#11707,#11708);
#10785=AXIS2_PLACEMENT_3D('',#14643,#11712,#11713);
#10786=AXIS2_PLACEMENT_3D('',#14647,#11716,#11717);
#10787=AXIS2_PLACEMENT_3D('',#14650,#11720,#11721);
#10788=AXIS2_PLACEMENT_3D('',#14659,#11726,#11727);
#10789=AXIS2_PLACEMENT_3D('',#14663,#11730,#11731);
#10790=AXIS2_PLACEMENT_3D('',#14664,#11732,#11733);
#10791=AXIS2_PLACEMENT_3D('',#14668,#11736,#11737);
#10792=AXIS2_PLACEMENT_3D('',#14672,#11740,#11741);
#10793=AXIS2_PLACEMENT_3D('',#14675,#11744,#11745);
#10794=AXIS2_PLACEMENT_3D('',#14681,#11749,#11750);
#10795=AXIS2_PLACEMENT_3D('',#14684,#11753,#11754);
#10796=AXIS2_PLACEMENT_3D('',#14688,#11757,#11758);
#10797=AXIS2_PLACEMENT_3D('',#14690,#11760,#11761);
#10798=AXIS2_PLACEMENT_3D('',#14692,#11763,#11764);
#10799=AXIS2_PLACEMENT_3D('',#14693,#11765,#11766);
#10800=AXIS2_PLACEMENT_3D('',#14696,#11769,#11770);
#10801=AXIS2_PLACEMENT_3D('',#14698,#11772,#11773);
#10802=AXIS2_PLACEMENT_3D('',#14700,#11775,#11776);
#10803=AXIS2_PLACEMENT_3D('',#14702,#11778,#11779);
#10804=AXIS2_PLACEMENT_3D('',#14706,#11782,#11783);
#10805=AXIS2_PLACEMENT_3D('',#14710,#11786,#11787);
#10806=AXIS2_PLACEMENT_3D('',#14713,#11790,#11791);
#10807=AXIS2_PLACEMENT_3D('',#14717,#11794,#11795);
#10808=AXIS2_PLACEMENT_3D('',#14721,#11798,#11799);
#10809=AXIS2_PLACEMENT_3D('',#14723,#11801,#11802);
#10810=AXIS2_PLACEMENT_3D('',#14725,#11804,#11805);
#10811=AXIS2_PLACEMENT_3D('',#14727,#11807,#11808);
#10812=AXIS2_PLACEMENT_3D('',#14731,#11811,#11812);
#10813=AXIS2_PLACEMENT_3D('',#14733,#11814,#11815);
#10814=AXIS2_PLACEMENT_3D('',#14737,#11818,#11819);
#10815=AXIS2_PLACEMENT_3D('',#14739,#11821,#11822);
#10816=AXIS2_PLACEMENT_3D('',#14741,#11824,#11825);
#10817=AXIS2_PLACEMENT_3D('',#14747,#11829,#11830);
#10818=AXIS2_PLACEMENT_3D('',#14749,#11832,#11833);
#10819=AXIS2_PLACEMENT_3D('',#14751,#11835,#11836);
#10820=AXIS2_PLACEMENT_3D('',#14755,#11839,#11840);
#10821=AXIS2_PLACEMENT_3D('',#14756,#11841,#11842);
#10822=AXIS2_PLACEMENT_3D('',#14757,#11843,#11844);
#10823=AXIS2_PLACEMENT_3D('',#14759,#11846,#11847);
#10824=AXIS2_PLACEMENT_3D('',#14761,#11849,#11850);
#10825=AXIS2_PLACEMENT_3D('',#14764,#11853,#11854);
#10826=AXIS2_PLACEMENT_3D('',#14768,#11857,#11858);
#10827=AXIS2_PLACEMENT_3D('',#14772,#11861,#11862);
#10828=AXIS2_PLACEMENT_3D('',#14774,#11864,#11865);
#10829=AXIS2_PLACEMENT_3D('',#14776,#11867,#11868);
#10830=AXIS2_PLACEMENT_3D('',#14778,#11870,#11871);
#10831=AXIS2_PLACEMENT_3D('',#14780,#11873,#11874);
#10832=AXIS2_PLACEMENT_3D('',#14794,#11882,#11883);
#10833=AXIS2_PLACEMENT_3D('',#14801,#11887,#11888);
#10834=AXIS2_PLACEMENT_3D('',#14805,#11891,#11892);
#10835=AXIS2_PLACEMENT_3D('',#14811,#11896,#11897);
#10836=AXIS2_PLACEMENT_3D('',#14813,#11899,#11900);
#10837=AXIS2_PLACEMENT_3D('',#14816,#11903,#11904);
#10838=AXIS2_PLACEMENT_3D('',#14818,#11906,#11907);
#10839=AXIS2_PLACEMENT_3D('',#14824,#11911,#11912);
#10840=AXIS2_PLACEMENT_3D('',#14826,#11914,#11915);
#10841=AXIS2_PLACEMENT_3D('',#14829,#11918,#11919);
#10842=AXIS2_PLACEMENT_3D('',#14831,#11921,#11922);
#10843=AXIS2_PLACEMENT_3D('',#14835,#11925,#11926);
#10844=AXIS2_PLACEMENT_3D('',#14837,#11928,#11929);
#10845=AXIS2_PLACEMENT_3D('',#14841,#11932,#11933);
#10846=AXIS2_PLACEMENT_3D('',#14843,#11935,#11936);
#10847=AXIS2_PLACEMENT_3D('',#14847,#11939,#11940);
#10848=AXIS2_PLACEMENT_3D('',#14849,#11942,#11943);
#10849=AXIS2_PLACEMENT_3D('',#14854,#11947,#11948);
#10850=AXIS2_PLACEMENT_3D('',#14855,#11949,#11950);
#10851=AXIS2_PLACEMENT_3D('',#14858,#11953,#11954);
#10852=AXIS2_PLACEMENT_3D('',#14859,#11955,#11956);
#10853=AXIS2_PLACEMENT_3D('',#14863,#11959,#11960);
#10854=AXIS2_PLACEMENT_3D('',#14865,#11962,#11963);
#10855=AXIS2_PLACEMENT_3D('',#14869,#11966,#11967);
#10856=AXIS2_PLACEMENT_3D('',#14871,#11969,#11970);
#10857=AXIS2_PLACEMENT_3D('',#14875,#11973,#11974);
#10858=AXIS2_PLACEMENT_3D('',#14877,#11976,#11977);
#10859=AXIS2_PLACEMENT_3D('',#14881,#11980,#11981);
#10860=AXIS2_PLACEMENT_3D('',#14883,#11983,#11984);
#10861=AXIS2_PLACEMENT_3D('',#14886,#11987,#11988);
#10862=AXIS2_PLACEMENT_3D('',#14887,#11989,#11990);
#10863=AXIS2_PLACEMENT_3D('',#14891,#11993,#11994);
#10864=AXIS2_PLACEMENT_3D('',#14895,#11997,#11998);
#10865=AXIS2_PLACEMENT_3D('',#14899,#12001,#12002);
#10866=AXIS2_PLACEMENT_3D('',#14903,#12005,#12006);
#10867=AXIS2_PLACEMENT_3D('',#14907,#12009,#12010);
#10868=AXIS2_PLACEMENT_3D('',#14911,#12013,#12014);
#10869=AXIS2_PLACEMENT_3D('',#14915,#12017,#12018);
#10870=AXIS2_PLACEMENT_3D('',#14919,#12021,#12022);
#10871=AXIS2_PLACEMENT_3D('',#14922,#12025,#12026);
#10872=AXIS2_PLACEMENT_3D('',#14924,#12028,#12029);
#10873=AXIS2_PLACEMENT_3D('',#14926,#12031,#12032);
#10874=AXIS2_PLACEMENT_3D('',#14928,#12034,#12035);
#10875=AXIS2_PLACEMENT_3D('',#14930,#12037,#12038);
#10876=AXIS2_PLACEMENT_3D('',#14932,#12040,#12041);
#10877=AXIS2_PLACEMENT_3D('',#14934,#12043,#12044);
#10878=AXIS2_PLACEMENT_3D('',#14936,#12046,#12047);
#10879=AXIS2_PLACEMENT_3D('',#14938,#12049,#12050);
#10880=AXIS2_PLACEMENT_3D('',#14940,#12052,#12053);
#10881=AXIS2_PLACEMENT_3D('',#14942,#12055,#12056);
#10882=AXIS2_PLACEMENT_3D('',#14943,#12057,#12058);
#10883=AXIS2_PLACEMENT_3D('',#14947,#12061,#12062);
#10884=AXIS2_PLACEMENT_3D('',#14949,#12064,#12065);
#10885=AXIS2_PLACEMENT_3D('',#14953,#12068,#12069);
#10886=AXIS2_PLACEMENT_3D('',#14955,#12071,#12072);
#10887=AXIS2_PLACEMENT_3D('',#14959,#12075,#12076);
#10888=AXIS2_PLACEMENT_3D('',#14961,#12078,#12079);
#10889=AXIS2_PLACEMENT_3D('',#14965,#12082,#12083);
#10890=AXIS2_PLACEMENT_3D('',#14967,#12085,#12086);
#10891=AXIS2_PLACEMENT_3D('',#14970,#12089,#12090);
#10892=AXIS2_PLACEMENT_3D('',#14971,#12091,#12092);
#10893=AXIS2_PLACEMENT_3D('',#14976,#12096,#12097);
#10894=AXIS2_PLACEMENT_3D('',#14977,#12098,#12099);
#10895=AXIS2_PLACEMENT_3D('',#14982,#12103,#12104);
#10896=AXIS2_PLACEMENT_3D('',#14983,#12105,#12106);
#10897=AXIS2_PLACEMENT_3D('',#14988,#12110,#12111);
#10898=AXIS2_PLACEMENT_3D('',#14989,#12112,#12113);
#10899=AXIS2_PLACEMENT_3D('',#14993,#12116,#12117);
#10900=AXIS2_PLACEMENT_3D('',#14995,#12119,#12120);
#10901=AXIS2_PLACEMENT_3D('',#14998,#12123,#12124);
#10902=AXIS2_PLACEMENT_3D('',#14999,#12125,#12126);
#10903=AXIS2_PLACEMENT_3D('',#15005,#12130,#12131);
#10904=AXIS2_PLACEMENT_3D('',#15009,#12134,#12135);
#10905=AXIS2_PLACEMENT_3D('',#15011,#12137,#12138);
#10906=AXIS2_PLACEMENT_3D('',#15017,#12142,#12143);
#10907=AXIS2_PLACEMENT_3D('',#15023,#12147,#12148);
#10908=AXIS2_PLACEMENT_3D('',#15029,#12152,#12153);
#10909=AXIS2_PLACEMENT_3D('',#15035,#12157,#12158);
#10910=AXIS2_PLACEMENT_3D('',#15038,#12161,#12162);
#10911=AXIS2_PLACEMENT_3D('',#15040,#12164,#12165);
#10912=AXIS2_PLACEMENT_3D('',#15042,#12167,#12168);
#10913=AXIS2_PLACEMENT_3D('',#15044,#12170,#12171);
#10914=AXIS2_PLACEMENT_3D('',#15046,#12173,#12174);
#10915=AXIS2_PLACEMENT_3D('',#15048,#12176,#12177);
#10916=AXIS2_PLACEMENT_3D('',#15050,#12179,#12180);
#10917=AXIS2_PLACEMENT_3D('',#15053,#12183,#12184);
#10918=AXIS2_PLACEMENT_3D('',#15054,#12185,#12186);
#10919=AXIS2_PLACEMENT_3D('',#15056,#12188,#12189);
#10920=AXIS2_PLACEMENT_3D('',#15057,#12190,#12191);
#10921=AXIS2_PLACEMENT_3D('',#15060,#12194,#12195);
#10922=AXIS2_PLACEMENT_3D('',#15066,#12199,#12200);
#10923=AXIS2_PLACEMENT_3D('',#15070,#12203,#12204);
#10924=AXIS2_PLACEMENT_3D('',#15074,#12207,#12208);
#10925=AXIS2_PLACEMENT_3D('',#15078,#12211,#12212);
#10926=AXIS2_PLACEMENT_3D('',#15080,#12214,#12215);
#10927=AXIS2_PLACEMENT_3D('',#15088,#12220,#12221);
#10928=AXIS2_PLACEMENT_3D('',#15094,#12225,#12226);
#10929=AXIS2_PLACEMENT_3D('',#15100,#12230,#12231);
#10930=AXIS2_PLACEMENT_3D('',#15106,#12235,#12236);
#10931=AXIS2_PLACEMENT_3D('',#15109,#12239,#12240);
#10932=AXIS2_PLACEMENT_3D('',#15113,#12243,#12244);
#10933=AXIS2_PLACEMENT_3D('',#15115,#12246,#12247);
#10934=AXIS2_PLACEMENT_3D('',#15119,#12250,#12251);
#10935=AXIS2_PLACEMENT_3D('',#15121,#12253,#12254);
#10936=AXIS2_PLACEMENT_3D('',#15123,#12256,#12257);
#10937=AXIS2_PLACEMENT_3D('',#15127,#12260,#12261);
#10938=AXIS2_PLACEMENT_3D('',#15129,#12263,#12264);
#10939=AXIS2_PLACEMENT_3D('',#15133,#12267,#12268);
#10940=AXIS2_PLACEMENT_3D('',#15135,#12270,#12271);
#10941=AXIS2_PLACEMENT_3D('',#15137,#12273,#12274);
#10942=AXIS2_PLACEMENT_3D('',#15141,#12277,#12278);
#10943=AXIS2_PLACEMENT_3D('',#15143,#12280,#12281);
#10944=AXIS2_PLACEMENT_3D('',#15147,#12284,#12285);
#10945=AXIS2_PLACEMENT_3D('',#15149,#12287,#12288);
#10946=AXIS2_PLACEMENT_3D('',#15151,#12290,#12291);
#10947=AXIS2_PLACEMENT_3D('',#15155,#12294,#12295);
#10948=AXIS2_PLACEMENT_3D('',#15157,#12297,#12298);
#10949=AXIS2_PLACEMENT_3D('',#15161,#12301,#12302);
#10950=AXIS2_PLACEMENT_3D('',#15163,#12304,#12305);
#10951=AXIS2_PLACEMENT_3D('',#15165,#12307,#12308);
#10952=AXIS2_PLACEMENT_3D('',#15169,#12311,#12312);
#10953=AXIS2_PLACEMENT_3D('',#15171,#12314,#12315);
#10954=AXIS2_PLACEMENT_3D('',#15175,#12318,#12319);
#10955=AXIS2_PLACEMENT_3D('',#15177,#12321,#12322);
#10956=AXIS2_PLACEMENT_3D('',#15179,#12324,#12325);
#10957=AXIS2_PLACEMENT_3D('',#15183,#12328,#12329);
#10958=AXIS2_PLACEMENT_3D('',#15185,#12331,#12332);
#10959=AXIS2_PLACEMENT_3D('',#15189,#12335,#12336);
#10960=AXIS2_PLACEMENT_3D('',#15191,#12338,#12339);
#10961=AXIS2_PLACEMENT_3D('',#15193,#12341,#12342);
#10962=AXIS2_PLACEMENT_3D('',#15196,#12345,#12346);
#10963=AXIS2_PLACEMENT_3D('',#15197,#12347,#12348);
#10964=AXIS2_PLACEMENT_3D('',#15200,#12351,#12352);
#10965=AXIS2_PLACEMENT_3D('',#15201,#12353,#12354);
#10966=AXIS2_PLACEMENT_3D('',#15203,#12356,#12357);
#10967=AXIS2_PLACEMENT_3D('',#15205,#12359,#12360);
#10968=AXIS2_PLACEMENT_3D('',#15207,#12362,#12363);
#10969=AXIS2_PLACEMENT_3D('',#15209,#12365,#12366);
#10970=AXIS2_PLACEMENT_3D('',#15211,#12368,#12369);
#10971=AXIS2_PLACEMENT_3D('',#15212,#12370,#12371);
#10972=AXIS2_PLACEMENT_3D('',#15216,#12374,#12375);
#10973=AXIS2_PLACEMENT_3D('',#15218,#12377,#12378);
#10974=AXIS2_PLACEMENT_3D('',#15224,#12382,#12383);
#10975=AXIS2_PLACEMENT_3D('',#15228,#12386,#12387);
#10976=AXIS2_PLACEMENT_3D('',#15230,#12389,#12390);
#10977=AXIS2_PLACEMENT_3D('',#15232,#12392,#12393);
#10978=AXIS2_PLACEMENT_3D('',#15236,#12396,#12397);
#10979=AXIS2_PLACEMENT_3D('',#15240,#12400,#12401);
#10980=AXIS2_PLACEMENT_3D('',#15242,#12403,#12404);
#10981=AXIS2_PLACEMENT_3D('',#15244,#12406,#12407);
#10982=AXIS2_PLACEMENT_3D('',#15248,#12410,#12411);
#10983=AXIS2_PLACEMENT_3D('',#15252,#12414,#12415);
#10984=AXIS2_PLACEMENT_3D('',#15254,#12417,#12418);
#10985=AXIS2_PLACEMENT_3D('',#15258,#12421,#12422);
#10986=AXIS2_PLACEMENT_3D('',#15261,#12425,#12426);
#10987=AXIS2_PLACEMENT_3D('',#15263,#12428,#12429);
#10988=AXIS2_PLACEMENT_3D('',#15265,#12431,#12432);
#10989=AXIS2_PLACEMENT_3D('',#15267,#12434,#12435);
#10990=AXIS2_PLACEMENT_3D('',#15274,#12439,#12440);
#10991=AXIS2_PLACEMENT_3D('',#15278,#12443,#12444);
#10992=AXIS2_PLACEMENT_3D('',#15282,#12447,#12448);
#10993=AXIS2_PLACEMENT_3D('',#15286,#12451,#12452);
#10994=AXIS2_PLACEMENT_3D('',#15289,#12455,#12456);
#10995=AXIS2_PLACEMENT_3D('',#15291,#12458,#12459);
#10996=AXIS2_PLACEMENT_3D('',#15294,#12462,#12463);
#10997=AXIS2_PLACEMENT_3D('',#15295,#12464,#12465);
#10998=AXIS2_PLACEMENT_3D('',#15298,#12468,#12469);
#10999=AXIS2_PLACEMENT_3D('',#15300,#12471,#12472);
#11000=AXIS2_PLACEMENT_3D('',#15302,#12474,#12475);
#11001=AXIS2_PLACEMENT_3D('',#15304,#12477,#12478);
#11002=AXIS2_PLACEMENT_3D('',#15309,#12482,#12483);
#11003=AXIS2_PLACEMENT_3D('',#15313,#12486,#12487);
#11004=AXIS2_PLACEMENT_3D('',#15315,#12489,#12490);
#11005=AXIS2_PLACEMENT_3D('',#15318,#12493,#12494);
#11006=AXIS2_PLACEMENT_3D('',#15319,#12495,#12496);
#11007=AXIS2_PLACEMENT_3D('',#15321,#12498,#12499);
#11008=AXIS2_PLACEMENT_3D('',#15323,#12501,#12502);
#11009=AXIS2_PLACEMENT_3D('',#15325,#12504,#12505);
#11010=AXIS2_PLACEMENT_3D('',#15327,#12507,#12508);
#11011=AXIS2_PLACEMENT_3D('',#15328,#12509,#12510);
#11012=AXIS2_PLACEMENT_3D('',#15330,#12512,#12513);
#11013=AXIS2_PLACEMENT_3D('',#15332,#12515,#12516);
#11014=AXIS2_PLACEMENT_3D('',#15334,#12518,#12519);
#11015=AXIS2_PLACEMENT_3D('',#15335,#12520,#12521);
#11016=AXIS2_PLACEMENT_3D('',#15336,#12522,#12523);
#11017=AXIS2_PLACEMENT_3D('',#15338,#12525,#12526);
#11018=AXIS2_PLACEMENT_3D('',#15340,#12528,#12529);
#11019=AXIS2_PLACEMENT_3D('',#15342,#12531,#12532);
#11020=AXIS2_PLACEMENT_3D('',#15343,#12533,#12534);
#11021=AXIS2_PLACEMENT_3D('',#15397,#12561,#12562);
#11022=AXIS2_PLACEMENT_3D('',#15398,#12563,#12564);
#11023=AXIS2_PLACEMENT_3D('',#15402,#12566,#12567);
#11024=AXIS2_PLACEMENT_3D('',#15403,#12568,#12569);
#11025=AXIS2_PLACEMENT_3D('',#15408,#12572,#12573);
#11026=AXIS2_PLACEMENT_3D('',#15409,#12574,#12575);
#11027=AXIS2_PLACEMENT_3D('',#15413,#12577,#12578);
#11028=AXIS2_PLACEMENT_3D('',#15415,#12580,#12581);
#11029=AXIS2_PLACEMENT_3D('',#15425,#12587,#12588);
#11030=AXIS2_PLACEMENT_3D('',#15434,#12593,#12594);
#11031=AXIS2_PLACEMENT_3D('',#15440,#12598,#12599);
#11032=AXIS2_PLACEMENT_3D('',#15446,#12603,#12604);
#11033=AXIS2_PLACEMENT_3D('',#15450,#12607,#12608);
#11034=AXIS2_PLACEMENT_3D('',#15456,#12612,#12613);
#11035=AXIS2_PLACEMENT_3D('',#15460,#12616,#12617);
#11036=AXIS2_PLACEMENT_3D('',#15466,#12621,#12622);
#11037=AXIS2_PLACEMENT_3D('',#15469,#12625,#12626);
#11038=AXIS2_PLACEMENT_3D('',#15475,#12630,#12631);
#11039=AXIS2_PLACEMENT_3D('',#15481,#12635,#12636);
#11040=AXIS2_PLACEMENT_3D('',#15487,#12640,#12641);
#11041=AXIS2_PLACEMENT_3D('',#15494,#12646,#12647);
#11042=AXIS2_PLACEMENT_3D('',#15498,#12650,#12651);
#11043=AXIS2_PLACEMENT_3D('',#15502,#12654,#12655);
#11044=AXIS2_PLACEMENT_3D('',#15506,#12658,#12659);
#11045=AXIS2_PLACEMENT_3D('',#15510,#12662,#12663);
#11046=AXIS2_PLACEMENT_3D('',#15514,#12666,#12667);
#11047=AXIS2_PLACEMENT_3D('',#15518,#12670,#12671);
#11048=AXIS2_PLACEMENT_3D('',#15525,#12675,#12676);
#11049=AXIS2_PLACEMENT_3D('',#15531,#12680,#12681);
#11050=AXIS2_PLACEMENT_3D('',#15537,#12685,#12686);
#11051=AXIS2_PLACEMENT_3D('',#15543,#12690,#12691);
#11052=AXIS2_PLACEMENT_3D('',#15633,#12737,#12738);
#11053=AXIS2_PLACEMENT_3D('',#15642,#12743,#12744);
#11054=AXIS2_PLACEMENT_3D('',#15651,#12749,#12750);
#11055=AXIS2_PLACEMENT_3D('',#15657,#12754,#12755);
#11056=AXIS2_PLACEMENT_3D('',#15663,#12759,#12760);
#11057=AXIS2_PLACEMENT_3D('',#15669,#12764,#12765);
#11058=AXIS2_PLACEMENT_3D('',#15702,#12783,#12784);
#11059=AXIS2_PLACEMENT_3D('',#15708,#12788,#12789);
#11060=AXIS2_PLACEMENT_3D('',#15717,#12794,#12795);
#11061=AXIS2_PLACEMENT_3D('',#15720,#12798,#12799);
#11062=AXIS2_PLACEMENT_3D('',#15726,#12803,#12804);
#11063=AXIS2_PLACEMENT_3D('',#15732,#12808,#12809);
#11064=AXIS2_PLACEMENT_3D('',#15738,#12813,#12814);
#11065=AXIS2_PLACEMENT_3D('',#15744,#12818,#12819);
#11066=AXIS2_PLACEMENT_3D('',#15748,#12822,#12823);
#11067=AXIS2_PLACEMENT_3D('',#15754,#12827,#12828);
#11068=AXIS2_PLACEMENT_3D('',#15763,#12833,#12834);
#11069=AXIS2_PLACEMENT_3D('',#15772,#12839,#12840);
#11070=AXIS2_PLACEMENT_3D('',#15775,#12843,#12844);
#11071=AXIS2_PLACEMENT_3D('',#15777,#12846,#12847);
#11072=AXIS2_PLACEMENT_3D('',#15781,#12850,#12851);
#11073=AXIS2_PLACEMENT_3D('',#15787,#12855,#12856);
#11074=AXIS2_PLACEMENT_3D('',#15793,#12860,#12861);
#11075=AXIS2_PLACEMENT_3D('',#15795,#12863,#12864);
#11076=AXIS2_PLACEMENT_3D('',#15799,#12867,#12868);
#11077=AXIS2_PLACEMENT_3D('',#15803,#12871,#12872);
#11078=AXIS2_PLACEMENT_3D('',#15805,#12874,#12875);
#11079=AXIS2_PLACEMENT_3D('',#15807,#12877,#12878);
#11080=AXIS2_PLACEMENT_3D('',#15811,#12881,#12882);
#11081=AXIS2_PLACEMENT_3D('',#15814,#12885,#12886);
#11082=AXIS2_PLACEMENT_3D('',#15823,#12891,#12892);
#11083=AXIS2_PLACEMENT_3D('',#15825,#12894,#12895);
#11084=AXIS2_PLACEMENT_3D('',#15826,#12896,#12897);
#11085=AXIS2_PLACEMENT_3D('',#15830,#12900,#12901);
#11086=AXIS2_PLACEMENT_3D('',#15833,#12904,#12905);
#11087=AXIS2_PLACEMENT_3D('',#15837,#12908,#12909);
#11088=AXIS2_PLACEMENT_3D('',#15840,#12912,#12913);
#11089=AXIS2_PLACEMENT_3D('',#15844,#12916,#12917);
#11090=AXIS2_PLACEMENT_3D('',#15846,#12919,#12920);
#11091=AXIS2_PLACEMENT_3D('',#15848,#12922,#12923);
#11092=AXIS2_PLACEMENT_3D('',#15849,#12924,#12925);
#11093=AXIS2_PLACEMENT_3D('',#15852,#12928,#12929);
#11094=AXIS2_PLACEMENT_3D('',#15854,#12931,#12932);
#11095=AXIS2_PLACEMENT_3D('',#15856,#12934,#12935);
#11096=AXIS2_PLACEMENT_3D('',#15860,#12938,#12939);
#11097=AXIS2_PLACEMENT_3D('',#15863,#12942,#12943);
#11098=AXIS2_PLACEMENT_3D('',#15865,#12945,#12946);
#11099=AXIS2_PLACEMENT_3D('',#15869,#12949,#12950);
#11100=AXIS2_PLACEMENT_3D('',#15873,#12953,#12954);
#11101=AXIS2_PLACEMENT_3D('',#15879,#12958,#12959);
#11102=AXIS2_PLACEMENT_3D('',#15881,#12961,#12962);
#11103=AXIS2_PLACEMENT_3D('',#15883,#12964,#12965);
#11104=AXIS2_PLACEMENT_3D('',#15887,#12968,#12969);
#11105=AXIS2_PLACEMENT_3D('',#15888,#12970,#12971);
#11106=AXIS2_PLACEMENT_3D('',#15889,#12972,#12973);
#11107=AXIS2_PLACEMENT_3D('',#15891,#12975,#12976);
#11108=AXIS2_PLACEMENT_3D('',#15893,#12978,#12979);
#11109=AXIS2_PLACEMENT_3D('',#15896,#12982,#12983);
#11110=AXIS2_PLACEMENT_3D('',#15900,#12986,#12987);
#11111=AXIS2_PLACEMENT_3D('',#15902,#12989,#12990);
#11112=AXIS2_PLACEMENT_3D('',#15904,#12992,#12993);
#11113=AXIS2_PLACEMENT_3D('',#15906,#12995,#12996);
#11114=AXIS2_PLACEMENT_3D('',#15920,#13004,#13005);
#11115=AXIS2_PLACEMENT_3D('',#15927,#13009,#13010);
#11116=AXIS2_PLACEMENT_3D('',#15931,#13013,#13014);
#11117=AXIS2_PLACEMENT_3D('',#15937,#13018,#13019);
#11118=AXIS2_PLACEMENT_3D('',#15939,#13021,#13022);
#11119=AXIS2_PLACEMENT_3D('',#15942,#13025,#13026);
#11120=AXIS2_PLACEMENT_3D('',#15944,#13028,#13029);
#11121=AXIS2_PLACEMENT_3D('',#15950,#13033,#13034);
#11122=AXIS2_PLACEMENT_3D('',#15952,#13036,#13037);
#11123=AXIS2_PLACEMENT_3D('',#15955,#13040,#13041);
#11124=AXIS2_PLACEMENT_3D('',#15957,#13043,#13044);
#11125=AXIS2_PLACEMENT_3D('',#15961,#13047,#13048);
#11126=AXIS2_PLACEMENT_3D('',#15963,#13050,#13051);
#11127=AXIS2_PLACEMENT_3D('',#15967,#13054,#13055);
#11128=AXIS2_PLACEMENT_3D('',#15969,#13057,#13058);
#11129=AXIS2_PLACEMENT_3D('',#15973,#13061,#13062);
#11130=AXIS2_PLACEMENT_3D('',#15975,#13064,#13065);
#11131=AXIS2_PLACEMENT_3D('',#15980,#13069,#13070);
#11132=AXIS2_PLACEMENT_3D('',#15981,#13071,#13072);
#11133=AXIS2_PLACEMENT_3D('',#15984,#13075,#13076);
#11134=AXIS2_PLACEMENT_3D('',#15985,#13077,#13078);
#11135=AXIS2_PLACEMENT_3D('',#15989,#13081,#13082);
#11136=AXIS2_PLACEMENT_3D('',#15991,#13084,#13085);
#11137=AXIS2_PLACEMENT_3D('',#15995,#13088,#13089);
#11138=AXIS2_PLACEMENT_3D('',#15997,#13091,#13092);
#11139=AXIS2_PLACEMENT_3D('',#16001,#13095,#13096);
#11140=AXIS2_PLACEMENT_3D('',#16003,#13098,#13099);
#11141=AXIS2_PLACEMENT_3D('',#16007,#13102,#13103);
#11142=AXIS2_PLACEMENT_3D('',#16009,#13105,#13106);
#11143=AXIS2_PLACEMENT_3D('',#16012,#13109,#13110);
#11144=AXIS2_PLACEMENT_3D('',#16013,#13111,#13112);
#11145=AXIS2_PLACEMENT_3D('',#16017,#13115,#13116);
#11146=AXIS2_PLACEMENT_3D('',#16021,#13119,#13120);
#11147=AXIS2_PLACEMENT_3D('',#16025,#13123,#13124);
#11148=AXIS2_PLACEMENT_3D('',#16029,#13127,#13128);
#11149=AXIS2_PLACEMENT_3D('',#16033,#13131,#13132);
#11150=AXIS2_PLACEMENT_3D('',#16037,#13135,#13136);
#11151=AXIS2_PLACEMENT_3D('',#16041,#13139,#13140);
#11152=AXIS2_PLACEMENT_3D('',#16045,#13143,#13144);
#11153=AXIS2_PLACEMENT_3D('',#16048,#13147,#13148);
#11154=AXIS2_PLACEMENT_3D('',#16050,#13150,#13151);
#11155=AXIS2_PLACEMENT_3D('',#16052,#13153,#13154);
#11156=AXIS2_PLACEMENT_3D('',#16054,#13156,#13157);
#11157=AXIS2_PLACEMENT_3D('',#16056,#13159,#13160);
#11158=AXIS2_PLACEMENT_3D('',#16058,#13162,#13163);
#11159=AXIS2_PLACEMENT_3D('',#16060,#13165,#13166);
#11160=AXIS2_PLACEMENT_3D('',#16062,#13168,#13169);
#11161=AXIS2_PLACEMENT_3D('',#16064,#13171,#13172);
#11162=AXIS2_PLACEMENT_3D('',#16066,#13174,#13175);
#11163=AXIS2_PLACEMENT_3D('',#16068,#13177,#13178);
#11164=AXIS2_PLACEMENT_3D('',#16069,#13179,#13180);
#11165=AXIS2_PLACEMENT_3D('',#16073,#13183,#13184);
#11166=AXIS2_PLACEMENT_3D('',#16075,#13186,#13187);
#11167=AXIS2_PLACEMENT_3D('',#16079,#13190,#13191);
#11168=AXIS2_PLACEMENT_3D('',#16081,#13193,#13194);
#11169=AXIS2_PLACEMENT_3D('',#16085,#13197,#13198);
#11170=AXIS2_PLACEMENT_3D('',#16087,#13200,#13201);
#11171=AXIS2_PLACEMENT_3D('',#16091,#13204,#13205);
#11172=AXIS2_PLACEMENT_3D('',#16093,#13207,#13208);
#11173=AXIS2_PLACEMENT_3D('',#16096,#13211,#13212);
#11174=AXIS2_PLACEMENT_3D('',#16097,#13213,#13214);
#11175=AXIS2_PLACEMENT_3D('',#16102,#13218,#13219);
#11176=AXIS2_PLACEMENT_3D('',#16103,#13220,#13221);
#11177=AXIS2_PLACEMENT_3D('',#16108,#13225,#13226);
#11178=AXIS2_PLACEMENT_3D('',#16109,#13227,#13228);
#11179=AXIS2_PLACEMENT_3D('',#16114,#13232,#13233);
#11180=AXIS2_PLACEMENT_3D('',#16115,#13234,#13235);
#11181=AXIS2_PLACEMENT_3D('',#16119,#13238,#13239);
#11182=AXIS2_PLACEMENT_3D('',#16121,#13241,#13242);
#11183=AXIS2_PLACEMENT_3D('',#16124,#13245,#13246);
#11184=AXIS2_PLACEMENT_3D('',#16125,#13247,#13248);
#11185=AXIS2_PLACEMENT_3D('',#16131,#13252,#13253);
#11186=AXIS2_PLACEMENT_3D('',#16135,#13256,#13257);
#11187=AXIS2_PLACEMENT_3D('',#16137,#13259,#13260);
#11188=AXIS2_PLACEMENT_3D('',#16143,#13264,#13265);
#11189=AXIS2_PLACEMENT_3D('',#16149,#13269,#13270);
#11190=AXIS2_PLACEMENT_3D('',#16155,#13274,#13275);
#11191=AXIS2_PLACEMENT_3D('',#16161,#13279,#13280);
#11192=AXIS2_PLACEMENT_3D('',#16164,#13283,#13284);
#11193=AXIS2_PLACEMENT_3D('',#16166,#13286,#13287);
#11194=AXIS2_PLACEMENT_3D('',#16168,#13289,#13290);
#11195=AXIS2_PLACEMENT_3D('',#16170,#13292,#13293);
#11196=AXIS2_PLACEMENT_3D('',#16172,#13295,#13296);
#11197=AXIS2_PLACEMENT_3D('',#16174,#13298,#13299);
#11198=AXIS2_PLACEMENT_3D('',#16176,#13301,#13302);
#11199=AXIS2_PLACEMENT_3D('',#16179,#13305,#13306);
#11200=AXIS2_PLACEMENT_3D('',#16180,#13307,#13308);
#11201=AXIS2_PLACEMENT_3D('',#16182,#13310,#13311);
#11202=AXIS2_PLACEMENT_3D('',#16183,#13312,#13313);
#11203=AXIS2_PLACEMENT_3D('',#16186,#13316,#13317);
#11204=AXIS2_PLACEMENT_3D('',#16192,#13321,#13322);
#11205=AXIS2_PLACEMENT_3D('',#16196,#13325,#13326);
#11206=AXIS2_PLACEMENT_3D('',#16200,#13329,#13330);
#11207=AXIS2_PLACEMENT_3D('',#16204,#13333,#13334);
#11208=AXIS2_PLACEMENT_3D('',#16206,#13336,#13337);
#11209=AXIS2_PLACEMENT_3D('',#16214,#13342,#13343);
#11210=AXIS2_PLACEMENT_3D('',#16220,#13347,#13348);
#11211=AXIS2_PLACEMENT_3D('',#16226,#13352,#13353);
#11212=AXIS2_PLACEMENT_3D('',#16232,#13357,#13358);
#11213=AXIS2_PLACEMENT_3D('',#16235,#13361,#13362);
#11214=AXIS2_PLACEMENT_3D('',#16239,#13365,#13366);
#11215=AXIS2_PLACEMENT_3D('',#16241,#13368,#13369);
#11216=AXIS2_PLACEMENT_3D('',#16245,#13372,#13373);
#11217=AXIS2_PLACEMENT_3D('',#16247,#13375,#13376);
#11218=AXIS2_PLACEMENT_3D('',#16249,#13378,#13379);
#11219=AXIS2_PLACEMENT_3D('',#16253,#13382,#13383);
#11220=AXIS2_PLACEMENT_3D('',#16255,#13385,#13386);
#11221=AXIS2_PLACEMENT_3D('',#16259,#13389,#13390);
#11222=AXIS2_PLACEMENT_3D('',#16261,#13392,#13393);
#11223=AXIS2_PLACEMENT_3D('',#16263,#13395,#13396);
#11224=AXIS2_PLACEMENT_3D('',#16267,#13399,#13400);
#11225=AXIS2_PLACEMENT_3D('',#16269,#13402,#13403);
#11226=AXIS2_PLACEMENT_3D('',#16273,#13406,#13407);
#11227=AXIS2_PLACEMENT_3D('',#16275,#13409,#13410);
#11228=AXIS2_PLACEMENT_3D('',#16277,#13412,#13413);
#11229=AXIS2_PLACEMENT_3D('',#16281,#13416,#13417);
#11230=AXIS2_PLACEMENT_3D('',#16283,#13419,#13420);
#11231=AXIS2_PLACEMENT_3D('',#16287,#13423,#13424);
#11232=AXIS2_PLACEMENT_3D('',#16289,#13426,#13427);
#11233=AXIS2_PLACEMENT_3D('',#16291,#13429,#13430);
#11234=AXIS2_PLACEMENT_3D('',#16295,#13433,#13434);
#11235=AXIS2_PLACEMENT_3D('',#16297,#13436,#13437);
#11236=AXIS2_PLACEMENT_3D('',#16301,#13440,#13441);
#11237=AXIS2_PLACEMENT_3D('',#16303,#13443,#13444);
#11238=AXIS2_PLACEMENT_3D('',#16305,#13446,#13447);
#11239=AXIS2_PLACEMENT_3D('',#16309,#13450,#13451);
#11240=AXIS2_PLACEMENT_3D('',#16311,#13453,#13454);
#11241=AXIS2_PLACEMENT_3D('',#16315,#13457,#13458);
#11242=AXIS2_PLACEMENT_3D('',#16317,#13460,#13461);
#11243=AXIS2_PLACEMENT_3D('',#16319,#13463,#13464);
#11244=AXIS2_PLACEMENT_3D('',#16322,#13467,#13468);
#11245=AXIS2_PLACEMENT_3D('',#16323,#13469,#13470);
#11246=AXIS2_PLACEMENT_3D('',#16326,#13473,#13474);
#11247=AXIS2_PLACEMENT_3D('',#16327,#13475,#13476);
#11248=AXIS2_PLACEMENT_3D('',#16329,#13478,#13479);
#11249=AXIS2_PLACEMENT_3D('',#16331,#13481,#13482);
#11250=AXIS2_PLACEMENT_3D('',#16333,#13484,#13485);
#11251=AXIS2_PLACEMENT_3D('',#16335,#13487,#13488);
#11252=AXIS2_PLACEMENT_3D('',#16337,#13490,#13491);
#11253=AXIS2_PLACEMENT_3D('',#16338,#13492,#13493);
#11254=AXIS2_PLACEMENT_3D('',#16342,#13496,#13497);
#11255=AXIS2_PLACEMENT_3D('',#16344,#13499,#13500);
#11256=AXIS2_PLACEMENT_3D('',#16350,#13504,#13505);
#11257=AXIS2_PLACEMENT_3D('',#16354,#13508,#13509);
#11258=AXIS2_PLACEMENT_3D('',#16356,#13511,#13512);
#11259=AXIS2_PLACEMENT_3D('',#16358,#13514,#13515);
#11260=AXIS2_PLACEMENT_3D('',#16362,#13518,#13519);
#11261=AXIS2_PLACEMENT_3D('',#16366,#13522,#13523);
#11262=AXIS2_PLACEMENT_3D('',#16368,#13525,#13526);
#11263=AXIS2_PLACEMENT_3D('',#16370,#13528,#13529);
#11264=AXIS2_PLACEMENT_3D('',#16374,#13532,#13533);
#11265=AXIS2_PLACEMENT_3D('',#16378,#13536,#13537);
#11266=AXIS2_PLACEMENT_3D('',#16380,#13539,#13540);
#11267=AXIS2_PLACEMENT_3D('',#16384,#13543,#13544);
#11268=AXIS2_PLACEMENT_3D('',#16387,#13547,#13548);
#11269=AXIS2_PLACEMENT_3D('',#16389,#13550,#13551);
#11270=AXIS2_PLACEMENT_3D('',#16391,#13553,#13554);
#11271=AXIS2_PLACEMENT_3D('',#16393,#13556,#13557);
#11272=AXIS2_PLACEMENT_3D('',#16400,#13561,#13562);
#11273=AXIS2_PLACEMENT_3D('',#16404,#13565,#13566);
#11274=AXIS2_PLACEMENT_3D('',#16408,#13569,#13570);
#11275=AXIS2_PLACEMENT_3D('',#16412,#13573,#13574);
#11276=AXIS2_PLACEMENT_3D('',#16415,#13577,#13578);
#11277=AXIS2_PLACEMENT_3D('',#16417,#13580,#13581);
#11278=AXIS2_PLACEMENT_3D('',#16420,#13584,#13585);
#11279=AXIS2_PLACEMENT_3D('',#16421,#13586,#13587);
#11280=AXIS2_PLACEMENT_3D('',#16424,#13590,#13591);
#11281=AXIS2_PLACEMENT_3D('',#16426,#13593,#13594);
#11282=AXIS2_PLACEMENT_3D('',#16428,#13596,#13597);
#11283=AXIS2_PLACEMENT_3D('',#16430,#13599,#13600);
#11284=AXIS2_PLACEMENT_3D('',#16435,#13604,#13605);
#11285=AXIS2_PLACEMENT_3D('',#16439,#13608,#13609);
#11286=AXIS2_PLACEMENT_3D('',#16441,#13611,#13612);
#11287=AXIS2_PLACEMENT_3D('',#16444,#13615,#13616);
#11288=AXIS2_PLACEMENT_3D('',#16445,#13617,#13618);
#11289=AXIS2_PLACEMENT_3D('',#16447,#13620,#13621);
#11290=AXIS2_PLACEMENT_3D('',#16449,#13623,#13624);
#11291=AXIS2_PLACEMENT_3D('',#16451,#13626,#13627);
#11292=AXIS2_PLACEMENT_3D('',#16453,#13629,#13630);
#11293=AXIS2_PLACEMENT_3D('',#16454,#13631,#13632);
#11294=AXIS2_PLACEMENT_3D('',#16456,#13634,#13635);
#11295=AXIS2_PLACEMENT_3D('',#16458,#13637,#13638);
#11296=AXIS2_PLACEMENT_3D('',#16460,#13640,#13641);
#11297=AXIS2_PLACEMENT_3D('',#16461,#13642,#13643);
#11298=AXIS2_PLACEMENT_3D('',#16462,#13644,#13645);
#11299=AXIS2_PLACEMENT_3D('',#16464,#13647,#13648);
#11300=AXIS2_PLACEMENT_3D('',#16466,#13650,#13651);
#11301=AXIS2_PLACEMENT_3D('',#16468,#13653,#13654);
#11302=AXIS2_PLACEMENT_3D('',#16469,#13655,#13656);
#11303=AXIS2_PLACEMENT_3D('',#16482,#13663,#13664);
#11304=AXIS2_PLACEMENT_3D('',#16491,#13669,#13670);
#11305=AXIS2_PLACEMENT_3D('',#16497,#13674,#13675);
#11306=AXIS2_PLACEMENT_3D('',#16503,#13679,#13680);
#11307=AXIS2_PLACEMENT_3D('',#16509,#13684,#13685);
#11308=AXIS2_PLACEMENT_3D('',#16515,#13689,#13690);
#11309=AXIS2_PLACEMENT_3D('',#16520,#13694,#13695);
#11310=AXIS2_PLACEMENT_3D('',#16524,#13698,#13699);
#11311=AXIS2_PLACEMENT_3D('',#16528,#13702,#13703);
#11312=AXIS2_PLACEMENT_3D('',#16534,#13707,#13708);
#11313=AXIS2_PLACEMENT_3D('',#16540,#13712,#13713);
#11314=AXIS2_PLACEMENT_3D('',#16546,#13717,#13718);
#11315=AXIS2_PLACEMENT_3D('',#16552,#13722,#13723);
#11316=AXIS2_PLACEMENT_3D('',#16558,#13727,#13728);
#11317=AXIS2_PLACEMENT_3D('',#16564,#13732,#13733);
#11318=AXIS2_PLACEMENT_3D('',#16567,#13736,#13737);
#11319=AXIS2_PLACEMENT_3D('',#16568,#13738,#13739);
#11320=AXIS2_PLACEMENT_3D('',#16598,#13755,#13756);
#11321=AXIS2_PLACEMENT_3D('',#16617,#13766,#13767);
#11322=AXIS2_PLACEMENT_3D('',#16623,#13771,#13772);
#11323=AXIS2_PLACEMENT_3D('',#16632,#13778,#13779);
#11324=AXIS2_PLACEMENT_3D('',#16636,#13782,#13783);
#11325=AXIS2_PLACEMENT_3D('',#16640,#13786,#13787);
#11326=AXIS2_PLACEMENT_3D('',#16644,#13790,#13791);
#11327=AXIS2_PLACEMENT_3D('',#16648,#13794,#13795);
#11328=AXIS2_PLACEMENT_3D('',#16650,#13797,#13798);
#11329=AXIS2_PLACEMENT_3D('',#16666,#13807,#13808);
#11330=AXIS2_PLACEMENT_3D('',#16672,#13812,#13813);
#11331=AXIS2_PLACEMENT_3D('',#16674,#13815,#13816);
#11332=AXIS2_PLACEMENT_3D('',#16678,#13819,#13820);
#11333=AXIS2_PLACEMENT_3D('',#16683,#13824,#13825);
#11334=AXIS2_PLACEMENT_3D('',#16685,#13827,#13828);
#11335=AXIS2_PLACEMENT_3D('',#16687,#13830,#13831);
#11336=AXIS2_PLACEMENT_3D('',#16689,#13833,#13834);
#11337=AXIS2_PLACEMENT_3D('',#16691,#13836,#13837);
#11338=AXIS2_PLACEMENT_3D('',#16693,#13839,#13840);
#11339=AXIS2_PLACEMENT_3D('',#16694,#13841,#13842);
#11340=AXIS2_PLACEMENT_3D('',#16698,#13845,#13846);
#11341=AXIS2_PLACEMENT_3D('',#16702,#13849,#13850);
#11342=AXIS2_PLACEMENT_3D('',#16706,#13853,#13854);
#11343=AXIS2_PLACEMENT_3D('',#16710,#13857,#13858);
#11344=AXIS2_PLACEMENT_3D('',#16714,#13861,#13862);
#11345=AXIS2_PLACEMENT_3D('',#16718,#13865,#13866);
#11346=AXIS2_PLACEMENT_3D('',#16720,#13868,#13869);
#11347=AXIS2_PLACEMENT_3D('',#16721,#13870,#13871);
#11348=AXIS2_PLACEMENT_3D('',#16726,#13873,#13874);
#11349=AXIS2_PLACEMENT_3D('',#16730,#13876,#13877);
#11350=AXIS2_PLACEMENT_3D('',#16734,#13879,#13880);
#11351=AXIS2_PLACEMENT_3D('',#16738,#13882,#13883);
#11352=AXIS2_PLACEMENT_3D('',#16755,#13892,#13893);
#11353=AXIS2_PLACEMENT_3D('',#16756,#13894,#13895);
#11354=AXIS2_PLACEMENT_3D('',#16760,#13897,#13898);
#11355=AXIS2_PLACEMENT_3D('',#16762,#13900,#13901);
#11356=AXIS2_PLACEMENT_3D('',#16766,#13904,#13905);
#11357=AXIS2_PLACEMENT_3D('',#16769,#13907,#13908);
#11358=AXIS2_PLACEMENT_3D('',#16770,#13909,#13910);
#11359=AXIS2_PLACEMENT_3D('',#16774,#13913,#13914);
#11360=AXIS2_PLACEMENT_3D('',#16777,#13916,#13917);
#11361=AXIS2_PLACEMENT_3D('',#16778,#13918,#13919);
#11362=AXIS2_PLACEMENT_3D('',#16782,#13922,#13923);
#11363=AXIS2_PLACEMENT_3D('',#16785,#13925,#13926);
#11364=AXIS2_PLACEMENT_3D('',#16786,#13927,#13928);
#11365=AXIS2_PLACEMENT_3D('',#16790,#13931,#13932);
#11366=AXIS2_PLACEMENT_3D('',#16792,#13933,#13934);
#11367=AXIS2_PLACEMENT_3D('',#16794,#13936,#13937);
#11368=AXIS2_PLACEMENT_3D('',#16798,#13940,#13941);
#11369=AXIS2_PLACEMENT_3D('',#16802,#13944,#13945);
#11370=AXIS2_PLACEMENT_3D('',#16806,#13948,#13949);
#11371=AXIS2_PLACEMENT_3D('',#16810,#13952,#13953);
#11372=AXIS2_PLACEMENT_3D('',#16814,#13956,#13957);
#11373=AXIS2_PLACEMENT_3D('',#16818,#13960,#13961);
#11374=AXIS2_PLACEMENT_3D('',#16822,#13964,#13965);
#11375=AXIS2_PLACEMENT_3D('',#16824,#13967,#13968);
#11376=AXIS2_PLACEMENT_3D('',#16825,#13969,#13970);
#11377=AXIS2_PLACEMENT_3D('',#16827,#13971,#13972);
#11378=AXIS2_PLACEMENT_3D('',#16830,#13974,#13975);
#11379=AXIS2_PLACEMENT_3D('',#16831,#13976,#13977);
#11380=AXIS2_PLACEMENT_3D('',#16840,#13982,#13983);
#11381=AXIS2_PLACEMENT_3D('',#16846,#13987,#13988);
#11382=AXIS2_PLACEMENT_3D('',#16852,#13992,#13993);
#11383=AXIS2_PLACEMENT_3D('',#16858,#13997,#13998);
#11384=AXIS2_PLACEMENT_3D('',#16864,#14002,#14003);
#11385=AXIS2_PLACEMENT_3D('',#16870,#14007,#14008);
#11386=AXIS2_PLACEMENT_3D('',#16876,#14012,#14013);
#11387=AXIS2_PLACEMENT_3D('',#16882,#14017,#14018);
#11388=AXIS2_PLACEMENT_3D('',#16888,#14022,#14023);
#11389=AXIS2_PLACEMENT_3D('',#16894,#14027,#14028);
#11390=AXIS2_PLACEMENT_3D('',#16900,#14032,#14033);
#11391=AXIS2_PLACEMENT_3D('',#16906,#14037,#14038);
#11392=AXIS2_PLACEMENT_3D('',#16912,#14042,#14043);
#11393=AXIS2_PLACEMENT_3D('',#16918,#14047,#14048);
#11394=AXIS2_PLACEMENT_3D('',#16924,#14052,#14053);
#11395=AXIS2_PLACEMENT_3D('',#16930,#14057,#14058);
#11396=AXIS2_PLACEMENT_3D('',#16936,#14062,#14063);
#11397=AXIS2_PLACEMENT_3D('',#16942,#14067,#14068);
#11398=AXIS2_PLACEMENT_3D('',#16948,#14072,#14073);
#11399=AXIS2_PLACEMENT_3D('',#16954,#14077,#14078);
#11400=AXIS2_PLACEMENT_3D('',#16960,#14082,#14083);
#11401=AXIS2_PLACEMENT_3D('',#16966,#14087,#14088);
#11402=AXIS2_PLACEMENT_3D('',#16972,#14092,#14093);
#11403=AXIS2_PLACEMENT_3D('',#16978,#14097,#14098);
#11404=AXIS2_PLACEMENT_3D('',#16984,#14102,#14103);
#11405=AXIS2_PLACEMENT_3D('',#16990,#14107,#14108);
#11406=AXIS2_PLACEMENT_3D('',#16996,#14112,#14113);
#11407=AXIS2_PLACEMENT_3D('',#17002,#14117,#14118);
#11408=AXIS2_PLACEMENT_3D('',#17008,#14122,#14123);
#11409=AXIS2_PLACEMENT_3D('',#17014,#14127,#14128);
#11410=AXIS2_PLACEMENT_3D('',#17020,#14132,#14133);
#11411=AXIS2_PLACEMENT_3D('',#17026,#14137,#14138);
#11412=AXIS2_PLACEMENT_3D('',#17032,#14142,#14143);
#11413=AXIS2_PLACEMENT_3D('',#17038,#14147,#14148);
#11414=AXIS2_PLACEMENT_3D('',#17044,#14152,#14153);
#11415=AXIS2_PLACEMENT_3D('',#17050,#14157,#14158);
#11416=AXIS2_PLACEMENT_3D('',#17056,#14162,#14163);
#11417=AXIS2_PLACEMENT_3D('',#17062,#14167,#14168);
#11418=AXIS2_PLACEMENT_3D('',#17068,#14172,#14173);
#11419=AXIS2_PLACEMENT_3D('',#17074,#14177,#14178);
#11420=AXIS2_PLACEMENT_3D('',#17080,#14182,#14183);
#11421=AXIS2_PLACEMENT_3D('',#17086,#14187,#14188);
#11422=AXIS2_PLACEMENT_3D('',#17092,#14192,#14193);
#11423=AXIS2_PLACEMENT_3D('',#17098,#14197,#14198);
#11424=AXIS2_PLACEMENT_3D('',#17104,#14202,#14203);
#11425=AXIS2_PLACEMENT_3D('',#17110,#14207,#14208);
#11426=AXIS2_PLACEMENT_3D('',#17116,#14212,#14213);
#11427=AXIS2_PLACEMENT_3D('',#17122,#14217,#14218);
#11428=AXIS2_PLACEMENT_3D('',#17128,#14222,#14223);
#11429=AXIS2_PLACEMENT_3D('',#17134,#14227,#14228);
#11430=AXIS2_PLACEMENT_3D('',#17140,#14232,#14233);
#11431=AXIS2_PLACEMENT_3D('',#17143,#14236,#14237);
#11432=AXIS2_PLACEMENT_3D('',#17144,#14238,#14239);
#11433=DIRECTION('axis',(0.,0.,1.));
#11434=DIRECTION('refdir',(1.,0.,0.));
#11435=DIRECTION('center_axis',(0.987686462893142,0.,-0.156446319923588));
#11436=DIRECTION('ref_axis',(-0.156446319923588,0.,-0.987686462893142));
#11437=DIRECTION('',(0.156446319923588,0.,0.987686462893142));
#11438=DIRECTION('',(0.,1.,0.));
#11439=DIRECTION('',(-0.15456646849347,0.154555881104463,-0.975818470020669));
#11440=DIRECTION('center_axis',(0.891023866977757,0.,-0.453956460991586));
#11441=DIRECTION('ref_axis',(-0.453956460991586,0.,-0.891023866977757));
#11442=DIRECTION('',(0.453956460991586,0.,0.891023866977757));
#11443=DIRECTION('',(0.,1.,0.));
#11444=DIRECTION('',(-0.41335174211196,0.413390773563184,-0.811325092441889));
#11445=DIRECTION('center_axis',(0.707073442706523,0.,-0.707140118094813));
#11446=DIRECTION('ref_axis',(-0.707140118094813,0.,-0.707073442706523));
#11447=DIRECTION('',(0.707140118094813,0.,0.707073442706523));
#11448=DIRECTION('',(0.,1.,0.));
#11449=DIRECTION('',(-0.577386562674002,0.577332121591853,-0.577332121591853));
#11450=DIRECTION('center_axis',(0.453998270553312,0.,-0.891002564718308));
#11451=DIRECTION('ref_axis',(-0.891002564718308,0.,-0.453998270553312));
#11452=DIRECTION('',(0.891002564718308,0.,0.453998270553312));
#11453=DIRECTION('',(0.,1.,0.));
#11454=DIRECTION('',(-0.665235506723369,0.665256842963108,-0.3389617286439));
#11455=DIRECTION('center_axis',(1.22464679914735E-16,0.,-1.));
#11456=DIRECTION('ref_axis',(-1.,0.,-1.22464679914735E-16));
#11457=DIRECTION('',(0.,1.,0.));
#11458=DIRECTION('',(1.,0.,1.22464679914735E-16));
#11459=DIRECTION('',(0.,1.,0.));
#11460=DIRECTION('',(-0.13052307985241,-0.991445271119814,-1.59844671956109E-17));
#11461=DIRECTION('',(-0.382675695720864,-0.923882737096301,-4.68642565876042E-17));
#11462=DIRECTION('',(-0.6087665840528,-0.793349384660179,-7.4552404858813E-17));
#11463=DIRECTION('',(-0.793350175138392,-0.608765553894011,-9.71573752586224E-17));
#11464=DIRECTION('',(-0.92388014328578,-0.382681957821696,-1.13142686027073E-16));
#11465=DIRECTION('',(-0.991444703334704,-0.130527392640628,-1.21416958247044E-16));
#11466=DIRECTION('',(-0.991444703334704,0.130527392640628,-1.21416958247044E-16));
#11467=DIRECTION('',(-0.92388014328578,0.382681957821696,-1.13142686027073E-16));
#11468=DIRECTION('',(-0.793352782160659,0.608762156377958,-9.71576945267699E-17));
#11469=DIRECTION('',(-0.608757728646232,0.793356179665527,-7.45513203842821E-17));
#11470=DIRECTION('',(-0.382687704756695,0.923877762817167,-4.68657272703334E-17));
#11471=DIRECTION('',(-0.130529735069901,0.991444394942339,-1.59852822246906E-17));
#11472=DIRECTION('',(0.,1.,0.));
#11473=DIRECTION('',(-1.,0.,-1.22464679914735E-16));
#11474=DIRECTION('',(-0.130492667258331,0.99144927444212,-1.59807427270116E-17));
#11475=DIRECTION('',(-0.38270427559287,0.923870898688197,-4.68677566124814E-17));
#11476=DIRECTION('',(-0.6087654669437,0.793350241858423,-7.45522680524047E-17));
#11477=DIRECTION('',(-0.793343267638134,0.608774555720957,-9.71565293338143E-17));
#11478=DIRECTION('',(-0.923881854018343,0.382677827703186,-1.13142895531389E-16));
#11479=DIRECTION('',(-0.991444617342863,0.130528045805732,-1.21416947716081E-16));
#11480=DIRECTION('',(-0.991444617342863,-0.130528045805732,-1.21416947716081E-16));
#11481=DIRECTION('',(-0.923881854018343,-0.382677827703186,-1.13142895531389E-16));
#11482=DIRECTION('',(-0.793356806289722,-0.608756912004925,-9.71581873404475E-17));
#11483=DIRECTION('',(-0.608742472910393,-0.79336788545727,-7.45494520954757E-17));
#11484=DIRECTION('',(-0.38270427559287,-0.923870898688197,-4.68677566124814E-17));
#11485=DIRECTION('',(-0.130528577022311,-0.991444547405719,-1.59851404047632E-17));
#11486=DIRECTION('',(-0.10004783842796,-0.994982628002064,-1.22523265092413E-17));
#11487=DIRECTION('',(-0.346103073846878,-0.938196494490223,-4.23854021561639E-17));
#11488=DIRECTION('',(-0.271447087346418,-0.962453364465596,-3.32426806656663E-17));
#11489=DIRECTION('',(-0.19510856119687,-0.980781652228307,-2.38939074955992E-17));
#11490=DIRECTION('',(-0.117537458649158,-0.993068449712454,-1.43941872514606E-17));
#11491=DIRECTION('',(-0.0392873387232384,-0.999227954480881,-4.81131136144318E-18));
#11492=DIRECTION('',(-0.130530931590426,0.99144423741234,-1.59854287561937E-17));
#11493=DIRECTION('',(-0.382687914611166,0.923877675891434,-4.6865752970094E-17));
#11494=DIRECTION('',(-0.608765209642157,0.793350439294856,-7.45522365420535E-17));
#11495=DIRECTION('',(-0.793347649980382,0.608768844694442,-9.71570660159549E-17));
#11496=DIRECTION('',(-0.923879606957608,0.382683252635722,-1.13142620345815E-16));
#11497=DIRECTION('',(-0.991445224427724,0.130523434522155,-1.21417022062534E-16));
#11498=DIRECTION('',(-0.991445224427724,-0.130523434522155,-1.21417022062534E-16));
#11499=DIRECTION('',(-0.923878180291481,-0.38268669689617,-1.13142445629604E-16));
#11500=DIRECTION('',(-0.793354870556795,-0.608759434722626,-9.71579502815342E-17));
#11501=DIRECTION('',(-0.608765209642157,-0.793350439294856,-7.45522365420535E-17));
#11502=DIRECTION('',(-0.382679599434605,-0.923881120153762,-4.68647346546581E-17));
#11503=DIRECTION('',(-0.13052135571551,-0.991445498099712,-1.59842560497372E-17));
#11504=DIRECTION('',(-0.039255000080399,0.999229225437631,-4.80735101989897E-18));
#11505=DIRECTION('',(-0.117505517526499,0.993072229674574,-1.4390275592098E-17));
#11506=DIRECTION('',(-0.19510856119687,0.980781652228307,-2.38939074955992E-17));
#11507=DIRECTION('',(-0.271477088849111,0.962444902438582,-3.32463547900906E-17));
#11508=DIRECTION('',(-0.346103073846878,0.938196494490223,-4.23854021561639E-17));
#11509=DIRECTION('',(-0.100049128363145,0.994982498295209,-1.22524844807408E-17));
#11510=DIRECTION('center_axis',(1.,0.,1.22464679914735E-16));
#11511=DIRECTION('ref_axis',(1.22464679914735E-16,0.,-1.));
#11512=DIRECTION('',(0.,1.,0.));
#11513=DIRECTION('',(1.22464679914735E-16,0.,-1.));
#11514=DIRECTION('',(0.,1.,0.));
#11515=DIRECTION('',(1.22464679914735E-16,0.,-1.));
#11516=DIRECTION('center_axis',(-0.923879398028743,0.38268375703451,-1.13142594759408E-16));
#11517=DIRECTION('ref_axis',(-1.22464679914735E-16,0.,1.));
#11518=DIRECTION('',(1.22464679914735E-16,0.,-1.));
#11519=DIRECTION('',(-0.38268375703451,-0.923879398028743,-4.68652438137997E-17));
#11520=DIRECTION('',(1.22464679914735E-16,0.,-1.));
#11521=DIRECTION('',(-0.38268375703451,-0.923879398028743,-4.68652438137997E-17));
#11522=DIRECTION('center_axis',(0.271439586847101,0.962455479849471,3.32417621194182E-17));
#11523=DIRECTION('ref_axis',(1.22464679914735E-16,0.,-1.));
#11524=DIRECTION('',(-0.962455479849471,0.271439586847101,-1.17866802271948E-16));
#11525=DIRECTION('',(1.22464679914735E-16,0.,-1.));
#11526=DIRECTION('',(-0.962455479849471,0.271439586847101,-1.17866802271948E-16));
#11527=DIRECTION('',(1.22464679914735E-16,0.,-1.));
#11528=DIRECTION('center_axis',(0.793350241858423,0.6087654669437,9.71573834294696E-17));
#11529=DIRECTION('ref_axis',(1.22464679914735E-16,0.,-1.));
#11530=DIRECTION('',(1.22464679914735E-16,0.,-1.));
#11531=DIRECTION('',(1.22464679914735E-16,0.,-1.));
#11532=DIRECTION('',(-0.6087654669437,0.793350241858423,-7.45522680524047E-17));
#11533=DIRECTION('center_axis',(-0.99144423741234,-0.130530931590426,-1.21416901188011E-16));
#11534=DIRECTION('ref_axis',(-1.22464679914735E-16,0.,1.));
#11535=DIRECTION('',(1.22464679914735E-16,0.,-1.));
#11536=DIRECTION('',(-0.130530931590426,0.99144423741234,-1.59854287561937E-17));
#11537=DIRECTION('',(1.22464679914735E-16,0.,-1.));
#11538=DIRECTION('center_axis',(0.923881120153762,-0.382679599434605,1.13142805658898E-16));
#11539=DIRECTION('ref_axis',(1.22464679914735E-16,0.,-1.));
#11540=DIRECTION('',(1.22464679914735E-16,0.,-1.));
#11541=DIRECTION('',(1.22464679914735E-16,0.,-1.));
#11542=DIRECTION('',(-0.382679599434605,-0.923881120153762,-4.68647346546581E-17));
#11543=DIRECTION('center_axis',(1.22464679914735E-16,0.,-1.));
#11544=DIRECTION('ref_axis',(-1.,0.,-1.22464679914735E-16));
#11545=DIRECTION('',(-0.418682280427504,-0.908132781071152,-5.12737914585257E-17));
#11546=DIRECTION('',(-0.10004783842796,-0.994982628002064,-1.22523265092413E-17));
#11547=DIRECTION('',(-0.130528577022311,-0.991444547405719,-1.59851404047632E-17));
#11548=DIRECTION('',(-0.38270427559287,-0.923870898688197,-4.68677566124814E-17));
#11549=DIRECTION('',(-0.608742472910393,-0.79336788545727,-7.45494520954757E-17));
#11550=DIRECTION('',(-0.793356806289722,-0.608756912004925,-9.71581873404475E-17));
#11551=DIRECTION('',(-0.923881854018343,-0.382677827703186,-1.13142895531389E-16));
#11552=DIRECTION('',(-0.991444617342863,-0.130528045805732,-1.21416947716081E-16));
#11553=DIRECTION('',(-0.991444617342863,0.130528045805732,-1.21416947716081E-16));
#11554=DIRECTION('',(-0.923881854018343,0.382677827703186,-1.13142895531389E-16));
#11555=DIRECTION('',(-0.793343267638134,0.608774555720957,-9.71565293338143E-17));
#11556=DIRECTION('',(-0.38270427559287,0.923870898688197,-4.68677566124814E-17));
#11557=DIRECTION('',(-0.130492667258331,0.99144927444212,-1.59807427270116E-17));
#11558=DIRECTION('',(-0.100049128363145,0.994982498295209,-1.22524844807408E-17));
#11559=DIRECTION('',(-0.418655569167705,0.908145095458245,-5.12705202726443E-17));
#11560=DIRECTION('',(-0.488614217689833,0.872499940556647,-5.98379837711742E-17));
#11561=DIRECTION('',(-0.555585572094767,0.831459362855534,-6.80396092518307E-17));
#11562=DIRECTION('',(-0.619082035250967,0.785326323020895,-7.58156832879726E-17));
#11563=DIRECTION('',(-0.678800530286833,0.734322708407083,-8.31290896675296E-17));
#11564=DIRECTION('',(-0.734314941333135,0.678808932568595,-8.992764424697E-17));
#11565=DIRECTION('',(-0.785333966024323,0.619072339721706,-9.61756727753384E-17));
#11566=DIRECTION('',(-0.831449347483529,0.555600560267188,-1.01823178204886E-16));
#11567=DIRECTION('',(-0.872508086979636,0.488599670645751,-1.06851423594979E-16));
#11568=DIRECTION('',(-0.908136339653929,0.418674561682417,-1.11214626154658E-16));
#11569=DIRECTION('',(-0.938197744933961,0.346099684196373,-1.14896086530064E-16));
#11570=DIRECTION('',(-0.98078259353448,0.195103829331405,-1.20111226383144E-16));
#11571=DIRECTION('',(-0.993069680029375,0.117527063293328,-1.21615960497826E-16));
#11572=DIRECTION('',(-0.999228845380044,0.0392646731867734,-1.22370240711038E-16));
#11573=DIRECTION('',(-0.999228945242352,-0.0392621317538584,-1.22370252940643E-16));
#11574=DIRECTION('',(-0.99306789036956,-0.117542184414584,-1.2161574132771E-16));
#11575=DIRECTION('',(-0.980785059216526,-0.195091433993486,-1.20111528342107E-16));
#11576=DIRECTION('',(-0.962455479849471,-0.271439586847101,-1.17866802271948E-16));
#11577=DIRECTION('',(-0.938197744933961,-0.346099684196373,-1.14896086530064E-16));
#11578=DIRECTION('',(-0.908136339653929,-0.418674561682417,-1.11214626154658E-16));
#11579=DIRECTION('',(-0.872500354894664,-0.48861347782136,-1.06850476687668E-16));
#11580=DIRECTION('',(-0.831469342887709,-0.555570636227186,-1.01825626935659E-16));
#11581=DIRECTION('',(-0.785309139015802,-0.619103833115464,-9.61726323436865E-17));
#11582=DIRECTION('',(-0.734314941333135,-0.678808932568595,-8.992764424697E-17));
#11583=DIRECTION('',(-0.678817994616954,-0.734306564170726,-8.31312284311278E-17));
#11584=DIRECTION('',(-0.619102010116618,-0.785310576185985,-7.58181295035008E-17));
#11585=DIRECTION('',(-0.555585572094767,-0.831459362855534,-6.80396092518307E-17));
#11586=DIRECTION('',(-0.488564903327387,-0.872527555574437,-5.9831944503562E-17));
#11587=DIRECTION('center_axis',(-0.48861347782136,0.872500354894664,-5.98378931634185E-17));
#11588=DIRECTION('ref_axis',(1.22464679914735E-16,0.,-1.));
#11589=DIRECTION('',(-0.872500354894664,-0.48861347782136,-1.06850476687668E-16));
#11590=DIRECTION('',(1.22464679914735E-16,0.,-1.));
#11591=DIRECTION('',(1.22464679914735E-16,0.,-1.));
#11592=DIRECTION('center_axis',(-0.872527555574437,0.488564903327387,-1.0685380781021E-16));
#11593=DIRECTION('ref_axis',(-1.22464679914735E-16,0.,1.));
#11594=DIRECTION('',(1.22464679914735E-16,0.,-1.));
#11595=DIRECTION('',(-0.488564903327387,-0.872527555574437,-5.9831944503562E-17));
#11596=DIRECTION('',(1.22464679914735E-16,0.,-1.));
#11597=DIRECTION('center_axis',(0.382681604381625,0.923880289684711,4.68649801898531E-17));
#11598=DIRECTION('ref_axis',(1.22464679914735E-16,0.,-1.));
#11599=DIRECTION('',(-0.923880289684711,0.382681604381625,-1.13142703955771E-16));
#11600=DIRECTION('',(1.22464679914735E-16,0.,-1.));
#11601=DIRECTION('',(-0.923880289684711,0.382681604381625,-1.13142703955771E-16));
#11602=DIRECTION('',(1.22464679914735E-16,0.,-1.));
#11603=DIRECTION('center_axis',(-0.130528045805732,0.991444617342863,-1.59850753494949E-17));
#11604=DIRECTION('ref_axis',(1.22464679914735E-16,0.,-1.));
#11605=DIRECTION('',(1.22464679914735E-16,0.,-1.));
#11606=DIRECTION('',(1.22464679914735E-16,0.,-1.));
#11607=DIRECTION('center_axis',(0.608759434722626,-0.793354870556795,7.45515293183816E-17));
#11608=DIRECTION('ref_axis',(1.22464679914735E-16,0.,-1.));
#11609=DIRECTION('',(-0.793354870556795,-0.608759434722626,-9.71579502815342E-17));
#11610=DIRECTION('',(1.22464679914735E-16,0.,-1.));
#11611=DIRECTION('',(1.22464679914735E-16,0.,-1.));
#11612=DIRECTION('center_axis',(-0.0392621317538584,0.999228945242352,-4.80822439800644E-18));
#11613=DIRECTION('ref_axis',(1.22464679914735E-16,0.,-1.));
#11614=DIRECTION('',(-0.999228945242352,-0.0392621317538584,-1.22370252940643E-16));
#11615=DIRECTION('',(1.22464679914735E-16,0.,-1.));
#11616=DIRECTION('',(1.22464679914735E-16,0.,-1.));
#11617=DIRECTION('center_axis',(-0.993068449712454,0.117537458649158,-1.21615809827458E-16));
#11618=DIRECTION('ref_axis',(-1.22464679914735E-16,0.,1.));
#11619=DIRECTION('',(1.22464679914735E-16,0.,-1.));
#11620=DIRECTION('',(-0.117537458649158,-0.993068449712454,-1.43941872514606E-17));
#11621=DIRECTION('',(1.22464679914735E-16,0.,-1.));
#11622=DIRECTION('center_axis',(0.555600560267188,0.831449347483529,6.80414447735688E-17));
#11623=DIRECTION('ref_axis',(1.22464679914735E-16,0.,-1.));
#11624=DIRECTION('',(-0.831449347483529,0.555600560267188,-1.01823178204886E-16));
#11625=DIRECTION('',(1.22464679914735E-16,0.,-1.));
#11626=DIRECTION('',(1.22464679914735E-16,0.,-1.));
#11627=DIRECTION('center_axis',(0.831459362855534,0.555585572094767,1.01824404734213E-16));
#11628=DIRECTION('ref_axis',(1.22464679914735E-16,0.,-1.));
#11629=DIRECTION('',(1.22464679914735E-16,0.,-1.));
#11630=DIRECTION('',(1.22464679914735E-16,0.,-1.));
#11631=DIRECTION('',(-0.555585572094767,0.831459362855534,-6.80396092518307E-17));
#11632=DIRECTION('center_axis',(0.993072229674574,0.117505517526499,1.21616272739309E-16));
#11633=DIRECTION('ref_axis',(1.22464679914735E-16,0.,-1.));
#11634=DIRECTION('',(1.22464679914735E-16,0.,-1.));
#11635=DIRECTION('',(1.22464679914735E-16,0.,-1.));
#11636=DIRECTION('',(-0.117505517526499,0.993072229674574,-1.4390275592098E-17));
#11637=DIRECTION('center_axis',(0.0392646731867734,0.999228845380044,4.80853563377489E-18));
#11638=DIRECTION('ref_axis',(1.22464679914735E-16,0.,-1.));
#11639=DIRECTION('',(-0.999228845380044,0.0392646731867734,-1.22370240711038E-16));
#11640=DIRECTION('',(1.22464679914735E-16,0.,-1.));
#11641=DIRECTION('center_axis',(-0.130523434522155,-0.991445224427724,-1.59845106301276E-17));
#11642=DIRECTION('ref_axis',(-1.22464679914735E-16,0.,1.));
#11643=DIRECTION('',(-0.991445224427724,0.130523434522155,-1.21417022062534E-16));
#11644=DIRECTION('',(1.22464679914735E-16,0.,-1.));
#11645=DIRECTION('',(1.22464679914735E-16,0.,-1.));
#11646=DIRECTION('center_axis',(0.793350664936187,0.608764915583438,9.71574352415526E-17));
#11647=DIRECTION('ref_axis',(1.22464679914735E-16,0.,-1.));
#11648=DIRECTION('',(-0.608764915583438,0.793350664936187,-7.45522005302466E-17));
#11649=DIRECTION('',(1.22464679914735E-16,0.,-1.));
#11650=DIRECTION('',(-0.608764915583438,0.793350664936187,-7.45522005302466E-17));
#11651=DIRECTION('',(1.22464679914735E-16,0.,-1.));
#11652=DIRECTION('center_axis',(-0.130527671746536,0.99144466658933,-1.59850295404552E-17));
#11653=DIRECTION('ref_axis',(1.22464679914735E-16,0.,-1.));
#11654=DIRECTION('',(-0.991444666589331,-0.130527671746536,-1.21416953747034E-16));
#11655=DIRECTION('',(1.22464679914735E-16,0.,-1.));
#11656=DIRECTION('',(-0.991444666589331,-0.130527671746536,-1.21416953747034E-16));
#11657=DIRECTION('',(1.22464679914735E-16,0.,-1.));
#11658=DIRECTION('center_axis',(0.99144927444212,0.130492667258331,1.21417518046251E-16));
#11659=DIRECTION('ref_axis',(1.22464679914735E-16,0.,-1.));
#11660=DIRECTION('',(1.22464679914735E-16,0.,-1.));
#11661=DIRECTION('',(1.22464679914735E-16,0.,-1.));
#11662=DIRECTION('center_axis',(0.994982498295209,0.100049128363145,1.21850213174486E-16));
#11663=DIRECTION('ref_axis',(1.22464679914735E-16,0.,-1.));
#11664=DIRECTION('',(1.22464679914735E-16,0.,-1.));
#11665=DIRECTION('center_axis',(-0.938196494490223,0.346103073846878,-1.14895933394872E-16));
#11666=DIRECTION('ref_axis',(-1.22464679914735E-16,0.,1.));
#11667=DIRECTION('',(1.22464679914735E-16,0.,-1.));
#11668=DIRECTION('',(-0.346103073846878,-0.938196494490223,-4.23854021561639E-17));
#11669=DIRECTION('',(1.22464679914735E-16,0.,-1.));
#11670=DIRECTION('',(1.22464679914735E-16,0.,-1.));
#11671=DIRECTION('center_axis',(-0.382683252635722,-0.923879606957608,-4.68651820427635E-17));
#11672=DIRECTION('ref_axis',(-1.22464679914735E-16,0.,1.));
#11673=DIRECTION('',(-0.923879606957608,0.382683252635722,-1.13142620345815E-16));
#11674=DIRECTION('',(1.22464679914735E-16,0.,-1.));
#11675=DIRECTION('center_axis',(0.991444547405719,0.130528577022311,1.21416939151251E-16));
#11676=DIRECTION('ref_axis',(1.22464679914735E-16,0.,-1.));
#11677=DIRECTION('',(-0.130528577022311,0.991444547405719,-1.59851404047632E-17));
#11678=DIRECTION('',(1.22464679914735E-16,0.,-1.));
#11679=DIRECTION('',(-0.130528577022311,0.991444547405719,-1.59851404047632E-17));
#11680=DIRECTION('center_axis',(0.908145095458245,0.418655569167705,1.11215698431431E-16));
#11681=DIRECTION('ref_axis',(1.22464679914735E-16,0.,-1.));
#11682=DIRECTION('',(1.22464679914735E-16,0.,-1.));
#11683=DIRECTION('',(1.22464679914735E-16,0.,-1.));
#11684=DIRECTION('',(-0.418655569167705,0.908145095458245,-5.12705202726443E-17));
#11685=DIRECTION('center_axis',(0.785326323020895,0.619082035250967,9.617473677737E-17));
#11686=DIRECTION('ref_axis',(1.22464679914735E-16,0.,-1.));
#11687=DIRECTION('',(1.22464679914735E-16,0.,-1.));
#11688=DIRECTION('',(-0.619082035250967,0.785326323020895,-7.58156832879726E-17));
#11689=DIRECTION('center_axis',(0.38268669689617,-0.923878180291481,4.68656038430168E-17));
#11690=DIRECTION('ref_axis',(-1.22464679914735E-16,0.,1.));
#11691=DIRECTION('',(-0.923878180291481,-0.38268669689617,-1.13142445629604E-16));
#11692=DIRECTION('',(1.22464679914735E-16,0.,-1.));
#11693=DIRECTION('center_axis',(0.346099684196373,0.938197744933961,4.23849870436999E-17));
#11694=DIRECTION('ref_axis',(1.22464679914735E-16,0.,-1.));
#11695=DIRECTION('',(-0.938197744933961,0.346099684196373,-1.14896086530064E-16));
#11696=DIRECTION('',(1.22464679914735E-16,0.,-1.));
#11697=DIRECTION('center_axis',(0.130523434522155,-0.991445224427724,1.59845106301276E-17));
#11698=DIRECTION('ref_axis',(-1.22464679914735E-16,0.,1.));
#11699=DIRECTION('',(-0.991445224427724,-0.130523434522155,-1.21417022062534E-16));
#11700=DIRECTION('center_axis',(-0.382677827703186,0.923881854018343,-4.6864517680137E-17));
#11701=DIRECTION('ref_axis',(1.22464679914735E-16,0.,-1.));
#11702=DIRECTION('',(1.22464679914735E-16,0.,-1.));
#11703=DIRECTION('center_axis',(-0.418674561682417,0.908136339653929,-5.12728461848793E-17));
#11704=DIRECTION('ref_axis',(1.22464679914735E-16,0.,-1.));
#11705=DIRECTION('',(-0.908136339653929,-0.418674561682417,-1.11214626154658E-16));
#11706=DIRECTION('',(1.22464679914735E-16,0.,-1.));
#11707=DIRECTION('center_axis',(-0.734306564170726,0.678817994616954,-8.9926618340457E-17));
#11708=DIRECTION('ref_axis',(-1.22464679914735E-16,0.,1.));
#11709=DIRECTION('',(1.22464679914735E-16,0.,-1.));
#11710=DIRECTION('',(-0.678817994616954,-0.734306564170726,-8.31312284311278E-17));
#11711=DIRECTION('',(1.22464679914735E-16,0.,-1.));
#11712=DIRECTION('center_axis',(-0.923877675891434,-0.382687914611166,-1.13142383858414E-16));
#11713=DIRECTION('ref_axis',(-1.22464679914735E-16,0.,1.));
#11714=DIRECTION('',(-0.382687914611166,0.923877675891434,-4.6865752970094E-17));
#11715=DIRECTION('',(1.22464679914735E-16,0.,-1.));
#11716=DIRECTION('center_axis',(-0.923870898688197,0.38270427559287,-1.13141553890389E-16));
#11717=DIRECTION('ref_axis',(-1.22464679914735E-16,0.,1.));
#11718=DIRECTION('',(1.22464679914735E-16,0.,-1.));
#11719=DIRECTION('',(1.22464679914735E-16,0.,-1.));
#11720=DIRECTION('center_axis',(-0.608755714422675,0.793357725214634,-7.45510737130389E-17));
#11721=DIRECTION('ref_axis',(-1.22464679914735E-16,0.,1.));
#11722=DIRECTION('',(-0.793357725214634,-0.608755714422675,-9.71582998762927E-17));
#11723=DIRECTION('',(1.22464679914735E-16,0.,-1.));
#11724=DIRECTION('',(-0.793357725214634,-0.608755714422675,-9.71582998762927E-17));
#11725=DIRECTION('',(1.22464679914735E-16,0.,-1.));
#11726=DIRECTION('center_axis',(0.418674561682417,0.908136339653929,5.12728461848793E-17));
#11727=DIRECTION('ref_axis',(1.22464679914735E-16,0.,-1.));
#11728=DIRECTION('',(-0.908136339653929,0.418674561682417,-1.11214626154658E-16));
#11729=DIRECTION('',(1.22464679914735E-16,0.,-1.));
#11730=DIRECTION('center_axis',(0.923870898688197,0.38270427559287,1.13141553890389E-16));
#11731=DIRECTION('ref_axis',(1.22464679914735E-16,0.,-1.));
#11732=DIRECTION('center_axis',(-0.117542184414584,0.99306789036956,-1.43947659908108E-17));
#11733=DIRECTION('ref_axis',(1.22464679914735E-16,0.,-1.));
#11734=DIRECTION('',(-0.99306789036956,-0.117542184414584,-1.2161574132771E-16));
#11735=DIRECTION('',(1.22464679914735E-16,0.,-1.));
#11736=DIRECTION('center_axis',(0.734322708407083,0.678800530286833,8.9928595439195E-17));
#11737=DIRECTION('ref_axis',(1.22464679914735E-16,0.,-1.));
#11738=DIRECTION('',(1.22464679914735E-16,0.,-1.));
#11739=DIRECTION('',(-0.678800530286833,0.734322708407083,-8.31290896675296E-17));
#11740=DIRECTION('center_axis',(0.130527671746536,0.99144466658933,1.59850295404552E-17));
#11741=DIRECTION('ref_axis',(1.22464679914735E-16,0.,-1.));
#11742=DIRECTION('',(-0.991444666589331,0.130527671746536,-1.21416953747034E-16));
#11743=DIRECTION('',(-0.991444666589331,0.130527671746536,-1.21416953747034E-16));
#11744=DIRECTION('center_axis',(-0.619103833115464,0.785309139015802,-7.5818352756471E-17));
#11745=DIRECTION('ref_axis',(-1.22464679914735E-16,0.,1.));
#11746=DIRECTION('',(-0.785309139015802,-0.619103833115464,-9.61726323436865E-17));
#11747=DIRECTION('',(1.22464679914735E-16,0.,-1.));
#11748=DIRECTION('',(1.22464679914735E-16,0.,-1.));
#11749=DIRECTION('center_axis',(0.608761595583225,0.793353212474094,7.45517939474833E-17));
#11750=DIRECTION('ref_axis',(1.22464679914735E-16,0.,-1.));
#11751=DIRECTION('',(-0.793353212474094,0.608761595583225,-9.7157747224967E-17));
#11752=DIRECTION('',(-0.793353212474094,0.608761595583225,-9.7157747224967E-17));
#11753=DIRECTION('center_axis',(0.980781652228307,0.19510856119687,1.20111111106385E-16));
#11754=DIRECTION('ref_axis',(1.22464679914735E-16,0.,-1.));
#11755=DIRECTION('',(1.22464679914735E-16,0.,-1.));
#11756=DIRECTION('',(-0.19510856119687,0.980781652228307,-2.38939074955992E-17));
#11757=DIRECTION('center_axis',(-0.991444547405719,0.130528577022311,-1.21416939151251E-16));
#11758=DIRECTION('ref_axis',(-1.22464679914735E-16,0.,1.));
#11759=DIRECTION('',(1.22464679914735E-16,0.,-1.));
#11760=DIRECTION('center_axis',(0.130528045805732,0.991444617342863,1.59850753494949E-17));
#11761=DIRECTION('ref_axis',(1.22464679914735E-16,0.,-1.));
#11762=DIRECTION('',(1.22464679914735E-16,0.,-1.));
#11763=DIRECTION('center_axis',(-0.994982628002064,0.10004783842796,-1.21850229058995E-16));
#11764=DIRECTION('ref_axis',(-1.22464679914735E-16,0.,1.));
#11765=DIRECTION('center_axis',(0.923881550683097,0.382678560030996,1.13142858383535E-16));
#11766=DIRECTION('ref_axis',(1.22464679914735E-16,0.,-1.));
#11767=DIRECTION('',(-0.382678560030996,0.923881550683097,-4.68646073644278E-17));
#11768=DIRECTION('',(-0.382678560030996,0.923881550683097,-4.68646073644278E-17));
#11769=DIRECTION('center_axis',(0.608774555720957,0.793343267638134,7.45533811066022E-17));
#11770=DIRECTION('ref_axis',(1.22464679914735E-16,0.,-1.));
#11771=DIRECTION('',(1.22464679914735E-16,0.,-1.));
#11772=DIRECTION('center_axis',(-0.608756912004925,0.793356806289722,-7.45512203745658E-17));
#11773=DIRECTION('ref_axis',(-1.22464679914735E-16,0.,1.));
#11774=DIRECTION('',(1.22464679914735E-16,0.,-1.));
#11775=DIRECTION('center_axis',(-0.999227954480881,0.0392873387232384,-1.22370131607357E-16));
#11776=DIRECTION('ref_axis',(-1.22464679914735E-16,0.,1.));
#11777=DIRECTION('',(-0.0392873387232384,-0.999227954480881,-4.81131136144318E-18));
#11778=DIRECTION('center_axis',(-0.346099684196373,0.938197744933961,-4.23849870436999E-17));
#11779=DIRECTION('ref_axis',(1.22464679914735E-16,0.,-1.));
#11780=DIRECTION('',(-0.938197744933961,-0.346099684196373,-1.14896086530064E-16));
#11781=DIRECTION('',(1.22464679914735E-16,0.,-1.));
#11782=DIRECTION('center_axis',(-0.793350439294856,-0.608765209642157,-9.71574076084592E-17));
#11783=DIRECTION('ref_axis',(-1.22464679914735E-16,0.,1.));
#11784=DIRECTION('',(-0.608765209642157,0.793350439294856,-7.45522365420535E-17));
#11785=DIRECTION('',(1.22464679914735E-16,0.,-1.));
#11786=DIRECTION('center_axis',(-0.793356546115139,0.608757251074891,-9.71581554782504E-17));
#11787=DIRECTION('ref_axis',(-1.22464679914735E-16,0.,1.));
#11788=DIRECTION('',(-0.608757251074891,-0.793356546115139,-7.45512618986607E-17));
#11789=DIRECTION('',(-0.608757251074891,-0.793356546115139,-7.45512618986607E-17));
#11790=DIRECTION('center_axis',(-0.785310576185985,0.619102010116618,-9.6172808346273E-17));
#11791=DIRECTION('ref_axis',(-1.22464679914735E-16,0.,1.));
#11792=DIRECTION('',(-0.619102010116618,-0.785310576185985,-7.58181295035008E-17));
#11793=DIRECTION('',(1.22464679914735E-16,0.,-1.));
#11794=DIRECTION('center_axis',(0.678808932568595,0.734314941333135,8.31301186502761E-17));
#11795=DIRECTION('ref_axis',(1.22464679914735E-16,0.,-1.));
#11796=DIRECTION('',(-0.734314941333135,0.678808932568595,-8.992764424697E-17));
#11797=DIRECTION('',(1.22464679914735E-16,0.,-1.));
#11798=DIRECTION('center_axis',(0.619072339721706,0.785333966024323,7.5814495928085E-17));
#11799=DIRECTION('ref_axis',(1.22464679914735E-16,0.,-1.));
#11800=DIRECTION('',(-0.785333966024323,0.619072339721706,-9.61756727753384E-17));
#11801=DIRECTION('center_axis',(-0.678808932568595,0.734314941333135,-8.31301186502761E-17));
#11802=DIRECTION('ref_axis',(-1.22464679914735E-16,0.,1.));
#11803=DIRECTION('',(-0.734314941333135,-0.678808932568595,-8.992764424697E-17));
#11804=DIRECTION('center_axis',(-0.555570636227186,0.83146934288771,-6.80377801355882E-17));
#11805=DIRECTION('ref_axis',(-1.22464679914735E-16,0.,1.));
#11806=DIRECTION('',(-0.831469342887709,-0.555570636227186,-1.01825626935659E-16));
#11807=DIRECTION('center_axis',(-0.271439586847101,0.962455479849471,-3.32417621194182E-17));
#11808=DIRECTION('ref_axis',(1.22464679914735E-16,0.,-1.));
#11809=DIRECTION('',(-0.962455479849471,-0.271439586847101,-1.17866802271948E-16));
#11810=DIRECTION('',(1.22464679914735E-16,0.,-1.));
#11811=DIRECTION('center_axis',(0.488599670645751,0.872508086979636,5.9836202272077E-17));
#11812=DIRECTION('ref_axis',(1.22464679914735E-16,0.,-1.));
#11813=DIRECTION('',(-0.872508086979636,0.488599670645751,-1.06851423594979E-16));
#11814=DIRECTION('center_axis',(0.938196494490223,0.346103073846878,1.14895933394872E-16));
#11815=DIRECTION('ref_axis',(1.22464679914735E-16,0.,-1.));
#11816=DIRECTION('',(1.22464679914735E-16,0.,-1.));
#11817=DIRECTION('',(-0.346103073846878,0.938196494490223,-4.23854021561639E-17));
#11818=DIRECTION('center_axis',(-0.831459362855534,0.555585572094767,-1.01824404734213E-16));
#11819=DIRECTION('ref_axis',(-1.22464679914735E-16,0.,1.));
#11820=DIRECTION('',(-0.555585572094767,-0.831459362855534,-6.80396092518307E-17));
#11821=DIRECTION('center_axis',(-0.908132781071152,0.418682280427504,-1.11214190353957E-16));
#11822=DIRECTION('ref_axis',(-1.22464679914735E-16,0.,1.));
#11823=DIRECTION('',(-0.418682280427504,-0.908132781071152,-5.12737914585257E-17));
#11824=DIRECTION('center_axis',(-0.991444547405719,0.130528577022311,-1.21416939151251E-16));
#11825=DIRECTION('ref_axis',(-1.22464679914735E-16,0.,1.));
#11826=DIRECTION('',(1.22464679914735E-16,0.,-1.));
#11827=DIRECTION('',(-0.130528577022311,-0.991444547405719,-1.59851404047632E-17));
#11828=DIRECTION('',(-0.130528577022311,-0.991444547405719,-1.59851404047632E-17));
#11829=DIRECTION('center_axis',(0.962444902438582,0.271477088849111,1.1786550691271E-16));
#11830=DIRECTION('ref_axis',(1.22464679914735E-16,0.,-1.));
#11831=DIRECTION('',(-0.271477088849111,0.962444902438582,-3.32463547900906E-17));
#11832=DIRECTION('center_axis',(0.872499940556647,0.488614217689833,1.06850425945895E-16));
#11833=DIRECTION('ref_axis',(1.22464679914735E-16,0.,-1.));
#11834=DIRECTION('',(-0.488614217689833,0.872499940556647,-5.98379837711742E-17));
#11835=DIRECTION('center_axis',(0.991445498099712,-0.13052135571551,1.21417055577687E-16));
#11836=DIRECTION('ref_axis',(1.22464679914735E-16,0.,-1.));
#11837=DIRECTION('',(1.22464679914735E-16,0.,-1.));
#11838=DIRECTION('',(-0.13052135571551,-0.991445498099712,-1.59842560497372E-17));
#11839=DIRECTION('center_axis',(0.382677827703186,0.923881854018343,4.6864517680137E-17));
#11840=DIRECTION('ref_axis',(1.22464679914735E-16,0.,-1.));
#11841=DIRECTION('center_axis',(-0.79336788545727,0.608742472910393,-9.7159544147155E-17));
#11842=DIRECTION('ref_axis',(-1.22464679914735E-16,0.,1.));
#11843=DIRECTION('center_axis',(-0.195091433993486,0.980785059216526,-2.3891810018119E-17));
#11844=DIRECTION('ref_axis',(1.22464679914735E-16,0.,-1.));
#11845=DIRECTION('',(-0.980785059216526,-0.195091433993486,-1.20111528342107E-16));
#11846=DIRECTION('center_axis',(-0.608768844694442,-0.793347649980382,-7.45526817075681E-17));
#11847=DIRECTION('ref_axis',(-1.22464679914735E-16,0.,1.));
#11848=DIRECTION('',(-0.793347649980382,0.608768844694442,-9.71570660159549E-17));
#11849=DIRECTION('center_axis',(-0.38268375703451,0.923879398028743,-4.68652438137997E-17));
#11850=DIRECTION('ref_axis',(1.22464679914735E-16,0.,-1.));
#11851=DIRECTION('',(-0.923879398028743,-0.38268375703451,-1.13142594759408E-16));
#11852=DIRECTION('',(-0.923879398028743,-0.38268375703451,-1.13142594759408E-16));
#11853=DIRECTION('center_axis',(0.117527063293328,0.993069680029375,1.43929141875362E-17));
#11854=DIRECTION('ref_axis',(1.22464679914735E-16,0.,-1.));
#11855=DIRECTION('',(-0.993069680029375,0.117527063293328,-1.21615960497826E-16));
#11856=DIRECTION('',(1.22464679914735E-16,0.,-1.));
#11857=DIRECTION('center_axis',(-0.980781652228307,0.19510856119687,-1.20111111106385E-16));
#11858=DIRECTION('ref_axis',(-1.22464679914735E-16,0.,1.));
#11859=DIRECTION('',(1.22464679914735E-16,0.,-1.));
#11860=DIRECTION('',(-0.19510856119687,-0.980781652228307,-2.38939074955992E-17));
#11861=DIRECTION('center_axis',(0.793350439294856,-0.608765209642157,9.71574076084592E-17));
#11862=DIRECTION('ref_axis',(1.22464679914735E-16,0.,-1.));
#11863=DIRECTION('',(-0.608765209642157,-0.793350439294856,-7.45522365420535E-17));
#11864=DIRECTION('center_axis',(-0.962453364465596,0.271447087346418,-1.17866543212139E-16));
#11865=DIRECTION('ref_axis',(-1.22464679914735E-16,0.,1.));
#11866=DIRECTION('',(-0.271447087346418,-0.962453364465596,-3.32426806656663E-17));
#11867=DIRECTION('center_axis',(0.195103829331405,0.98078259353448,2.38933280092097E-17));
#11868=DIRECTION('ref_axis',(1.22464679914735E-16,0.,-1.));
#11869=DIRECTION('',(-0.98078259353448,0.195103829331405,-1.20111226383144E-16));
#11870=DIRECTION('center_axis',(0.999229225437631,0.039255000080399,1.22370287254668E-16));
#11871=DIRECTION('ref_axis',(1.22464679914735E-16,0.,-1.));
#11872=DIRECTION('',(-0.039255000080399,0.999229225437631,-4.80735101989897E-18));
#11873=DIRECTION('center_axis',(-1.22464679914735E-16,0.,1.));
#11874=DIRECTION('ref_axis',(1.,0.,1.22464679914735E-16));
#11875=DIRECTION('',(0.,-1.,0.));
#11876=DIRECTION('',(1.,0.,1.22464679914735E-16));
#11877=DIRECTION('',(0.987686953070443,0.156443225274939,1.20956766563732E-16));
#11878=DIRECTION('',(0.891016343882001,0.45397122699038,1.09118031352307E-16));
#11879=DIRECTION('',(0.70710201838614,0.707111543954875,8.65950223487219E-17));
#11880=DIRECTION('',(0.454016959231444,0.890993041908989,5.56010415881402E-17));
#11881=DIRECTION('',(0.156408966329197,0.987692378856814,1.91545739972997E-17));
#11882=DIRECTION('center_axis',(0.653306325391586,0.270610286520573,-0.707079145522336));
#11883=DIRECTION('ref_axis',(-0.73448347283192,0.,-0.678626574882507));
#11884=DIRECTION('',(-0.270166778794602,0.955779377695233,0.116170963705483));
#11885=DIRECTION('',(-0.382685781494071,0.923878559466704,-4.68654917385918E-17));
#11886=DIRECTION('',(-0.614959275493547,-0.355084064357023,-0.704088344402994));
#11887=DIRECTION('center_axis',(0.653288408485611,0.270607369748143,-0.707096815702298));
#11888=DIRECTION('ref_axis',(-0.734501202302529,0.,-0.67860738561862));
#11889=DIRECTION('',(-0.382691219060992,0.923876307117794,-4.68661576484842E-17));
#11890=DIRECTION('',(-0.685928654547116,-0.1838027018317,-0.704072757369968));
#11891=DIRECTION('center_axis',(0.419423500390194,0.173729929566763,-0.891011694027169));
#11892=DIRECTION('ref_axis',(-0.904770232352175,0.,-0.425900019546126));
#11893=DIRECTION('',(-0.237089518190654,0.968414184352943,0.0772174067691242));
#11894=DIRECTION('',(-0.3826816035887,0.923880290013149,-4.68649800927477E-17));
#11895=DIRECTION('',(-0.773001550602146,-0.446281908094128,-0.450889189573827));
#11896=DIRECTION('center_axis',(0.419412923989928,0.173727770756416,-0.891017093471402));
#11897=DIRECTION('ref_axis',(-0.904775365277472,0.,-0.425889115130943));
#11898=DIRECTION('',(-0.862173544463128,-0.23101097022302,-0.450877711651957));
#11899=DIRECTION('center_axis',(0.144523717643722,0.0598644669391461,-0.987688787339681));
#11900=DIRECTION('ref_axis',(-0.989463375552624,0.,-0.144783384543973));
#11901=DIRECTION('',(-0.214695221266361,0.976286562519155,0.0277580584681434));
#11902=DIRECTION('',(-0.855550382224621,-0.493932615563614,-0.155126125323209));
#11903=DIRECTION('center_axis',(0.144529341299665,0.0598656781533753,-0.987687891027688));
#11904=DIRECTION('ref_axis',(-0.989462549633628,0.,-0.144789028840313));
#11905=DIRECTION('',(-0.954232730302696,-0.255683741277305,-0.155131302017038));
#11906=DIRECTION('center_axis',(0.823178886056672,0.340975999724641,-0.453995472623107));
#11907=DIRECTION('ref_axis',(-0.482936915469776,0.,-0.875655146548308));
#11908=DIRECTION('',(-0.444980744138239,0.884074489605796,-0.142844090442801));
#11909=DIRECTION('',(-0.395858476590046,-0.228546655056648,-0.889416939896146));
#11910=DIRECTION('',(-0.382687399174064,0.923877889395233,-4.68656898472543E-17));
#11911=DIRECTION('center_axis',(0.823186989734619,0.340983343971093,-0.453975262614548));
#11912=DIRECTION('ref_axis',(-0.482916785549433,0.,-0.875666248198823));
#11913=DIRECTION('',(-0.441504208539339,-0.118296731961533,-0.889426735065499));
#11914=DIRECTION('center_axis',(0.912498647885725,0.377963677643475,-0.156491776106426));
#11915=DIRECTION('ref_axis',(-0.16903037778035,0.,-0.985610841756234));
#11916=DIRECTION('',(-0.400740880212111,0.902751180619006,-0.156355533377661));
#11917=DIRECTION('',(-0.136679638846531,-0.0788726845684903,-0.987470392444118));
#11918=DIRECTION('center_axis',(0.912503551549418,0.37797593695865,-0.156433562543109));
#11919=DIRECTION('ref_axis',(-0.168968413400166,0.,-0.985621466524056));
#11920=DIRECTION('',(-0.152375513328693,-0.0408271141025068,-0.98747903759618));
#11921=DIRECTION('center_axis',(0.124110133388702,0.095232135124402,-0.98768796450594));
#11922=DIRECTION('ref_axis',(-0.992197410328673,0.,-0.12467677785809));
#11923=DIRECTION('',(-0.460058088744392,0.887454811589358,0.0277581045418276));
#11924=DIRECTION('',(-0.698546508839613,-0.698546508839613,-0.155130751226106));
#11925=DIRECTION('center_axis',(0.124106152379521,0.0952300931670801,-0.987688661622143));
#11926=DIRECTION('ref_axis',(-0.992197915921171,0.,-0.124672754207504));
#11927=DIRECTION('',(-0.608761803486169,0.793353052944442,-7.45518194082507E-17));
#11928=DIRECTION('center_axis',(0.360163585994201,0.276363509721352,-0.891013693395502));
#11929=DIRECTION('ref_axis',(-0.927122155161606,0.,-0.374759268609195));
#11930=DIRECTION('',(-0.479655516521249,0.874052658682934,0.077217454762686));
#11931=DIRECTION('',(-0.631164666641517,-0.63113628523376,-0.45088596456824));
#11932=DIRECTION('center_axis',(0.360167910823431,0.276365669444046,-0.891011275330357));
#11933=DIRECTION('ref_axis',(-0.927120238234959,0.,-0.374764010885721));
#11934=DIRECTION('',(-0.608760196846479,0.793354285761056,-7.45516226516354E-17));
#11935=DIRECTION('center_axis',(0.560996111292251,0.430466072056032,-0.707094282202609));
#11936=DIRECTION('ref_axis',(-0.783391300148651,0.,-0.621528817394179));
#11937=DIRECTION('',(-0.508327180418034,0.853292321215732,0.116170961098368));
#11938=DIRECTION('',(-0.502116858912241,-0.50215479747355,-0.704073305395399));
#11939=DIRECTION('center_axis',(0.561006224205343,0.430470626702553,-0.707083485841082));
#11940=DIRECTION('ref_axis',(-0.783381224101197,0.,-0.62154151729849));
#11941=DIRECTION('',(-0.608757343883454,0.793356474901391,-7.45512732644317E-17));
#11942=DIRECTION('center_axis',(0.706884938944796,0.542406891662553,-0.453991681608794));
#11943=DIRECTION('ref_axis',(-0.540391711720354,0.,-0.841413571262044));
#11944=DIRECTION('',(-0.658626920174291,0.738786780098213,-0.142844928414848));
#11945=DIRECTION('',(-0.32321401873801,-0.32321401873801,-0.889418571979723));
#11946=DIRECTION('',(-0.608757897420175,0.793356050161948,-7.4551341053129E-17));
#11947=DIRECTION('center_axis',(0.706883938792734,0.542405340634329,-0.453995091964911));
#11948=DIRECTION('ref_axis',(-0.540395126972734,0.,-0.841411377831393));
#11949=DIRECTION('center_axis',(0.783583829689095,0.601270491115802,-0.156429467694337));
#11950=DIRECTION('ref_axis',(-0.195770400092771,0.,-0.980649759316504));
#11951=DIRECTION('',(-0.620734719783958,0.768271707011837,-0.156355338443716));
#11952=DIRECTION('',(-0.111538941795102,-0.111548465270324,-0.987479622250031));
#11953=DIRECTION('center_axis',(0.78358238418887,0.60125836887099,-0.156483293202444));
#11954=DIRECTION('ref_axis',(-0.195835526743007,0.,-0.980636755616109));
#11955=DIRECTION('center_axis',(0.0952329970159497,0.12410982243974,-0.98768792047556));
#11956=DIRECTION('ref_axis',(-0.995383741973626,0.,-0.0959750291199848));
#11957=DIRECTION('',(-0.674075592790571,0.738140628469014,0.0277580223972948));
#11958=DIRECTION('',(-0.493948582338637,-0.855540254715349,-0.155131139901848));
#11959=DIRECTION('center_axis',(0.0952327097584391,0.124109562384438,-0.987687980850637));
#11960=DIRECTION('ref_axis',(-0.995383770190146,0.,-0.0959747364781531));
#11961=DIRECTION('',(-0.793353052944442,0.608761803486169,-9.71577276882191E-17));
#11962=DIRECTION('center_axis',(0.276375457999896,0.360179157278743,-0.89100369296503));
#11963=DIRECTION('ref_axis',(-0.955107498054802,0.,-0.296259459189908));
#11964=DIRECTION('',(-0.689539515499112,0.720120009754389,0.077216760593721));
#11965=DIRECTION('',(-0.446247288909892,-0.773014061121111,-0.45090200537325));
#11966=DIRECTION('center_axis',(0.276362384947958,0.360167576167108,-0.891012429354264));
#11967=DIRECTION('ref_axis',(-0.955112285147578,0.,-0.296244025695325));
#11968=DIRECTION('',(-0.79335750675538,0.608755999128458,-9.71582731227501E-17));
#11969=DIRECTION('center_axis',(0.430450531231124,0.560982003837289,-0.707114935165099));
#11970=DIRECTION('ref_axis',(-0.854180987319402,0.,-0.519975807996921));
#11971=DIRECTION('',(-0.711856012416228,0.692651004932052,0.116170576969754));
#11972=DIRECTION('',(-0.355096503497427,-0.614988447643701,-0.704056590387941));
#11973=DIRECTION('center_axis',(0.430464149946878,0.560993129316388,-0.707097818176748));
#11974=DIRECTION('ref_axis',(-0.854168089570854,0.,-0.519996994951776));
#11975=DIRECTION('',(-0.793354035758464,0.60876052265711,-9.71578480482238E-17));
#11976=DIRECTION('center_axis',(0.542404381047325,0.706876823810318,-0.4540073164394));
#11977=DIRECTION('ref_axis',(-0.641854635384629,0.,-0.766826334338659));
#11978=DIRECTION('',(-0.738782470044638,0.658631743385414,0.14284498087029));
#11979=DIRECTION('',(-0.228583562360747,-0.395847016831957,-0.889412555726368));
#11980=DIRECTION('center_axis',(0.542411352792821,0.706881319391273,-0.45399198743713));
#11981=DIRECTION('ref_axis',(-0.641837040609717,0.,-0.766841061303684));
#11982=DIRECTION('',(-0.793352126588555,0.608763010733584,-9.71576142423419E-17));
#11983=DIRECTION('center_axis',(0.601269498866602,0.7835864321057,-0.156420245341085));
#11984=DIRECTION('ref_axis',(-0.251769803074192,0.,-0.967787149253379));
#11985=DIRECTION('',(-0.768273965608613,0.62073173126549,0.156356104991661));
#11986=DIRECTION('',(-0.0788544745598492,-0.136614424826212,-0.987480871091331));
#11987=DIRECTION('center_axis',(0.601267054714396,0.783586140902164,-0.156431098893827));
#11988=DIRECTION('ref_axis',(-0.251787123813248,0.,-0.967782643098052));
#11989=DIRECTION('center_axis',(0.0204192687461824,0.155098293429551,-0.987687993669616));
#11990=DIRECTION('ref_axis',(-0.99978636537748,0.,-0.0206693881208002));
#11991=DIRECTION('',(-0.952836591379697,0.302211714977834,0.0277580521304505));
#11992=DIRECTION('',(-1.89980238532147E-17,0.98789396462488,0.155130637392282));
#11993=DIRECTION('center_axis',(0.0204196789075503,0.155099567463481,-0.987687785125418));
#11994=DIRECTION('ref_axis',(-0.999786356707407,0.,-0.0206698074913647));
#11995=DIRECTION('',(-0.991444502787336,0.130528915925829,-1.21416933687075E-16));
#11996=DIRECTION('',(-0.255648426944471,-0.954241948342094,-0.15513280061));
#11997=DIRECTION('center_axis',(0.0592584822093177,0.450103304798253,-0.891008107312127));
#11998=DIRECTION('ref_axis',(-0.997795703959648,0.,-0.0663606295906727));
#11999=DIRECTION('',(-0.957216377419091,0.278880275535827,0.0772178652756798));
#12000=DIRECTION('',(-5.52187946823657E-17,0.892576657226218,0.450895676376333));
#12001=DIRECTION('center_axis',(0.0592566113945229,0.450097701661482,-0.891011062201301));
#12002=DIRECTION('ref_axis',(-0.997795857249821,0.,-0.0663583246857148));
#12003=DIRECTION('',(-0.991444825795418,0.130526462464487,-1.21416973244156E-16));
#12004=DIRECTION('',(-0.231063285062271,-0.862154409363532,-0.450887494516371));
#12005=DIRECTION('center_axis',(0.0922958732711372,0.70105528234809,-0.707108876248176));
#12006=DIRECTION('ref_axis',(-0.991588846292307,0.,-0.12942781736818));
#12007=DIRECTION('',(-0.962809427030675,0.243930855678343,0.116171187774316));
#12008=DIRECTION('',(-8.6222540773618E-17,0.710140019171173,0.704060475507301));
#12009=DIRECTION('center_axis',(0.0922942526112807,0.701051005591522,-0.707113327900162));
#12010=DIRECTION('ref_axis',(-0.991589242532031,0.,-0.129424781609832));
#12011=DIRECTION('',(-0.991445019353124,0.130524992242419,-1.21416996948139E-16));
#12012=DIRECTION('',(-0.183844934138195,-0.685937741006843,-0.704052878450299));
#12013=DIRECTION('center_axis',(0.116298496967146,0.883383048682225,-0.453992344543473));
#12014=DIRECTION('ref_axis',(1.08922335832215E-16,-0.457094044407001,-0.889418368692513));
#12015=DIRECTION('',(-0.969121305795775,0.200996738608607,0.142843290781876));
#12016=DIRECTION('',(-1.08922335832215E-16,0.457094044407001,0.889418368692513));
#12017=DIRECTION('center_axis',(0.116300806879794,0.883387546179724,-0.453983001414894));
#12018=DIRECTION('ref_axis',(1.0892292004227E-16,-0.457084761921445,-0.889423139129636));
#12019=DIRECTION('',(-0.991444769860219,0.130526887332909,-1.2141696639407E-16));
#12020=DIRECTION('',(-0.118286859806258,-0.441512360239868,-0.889424001560895));
#12021=DIRECTION('center_axis',(0.128919967945972,0.979239071445743,-0.156430440831981));
#12022=DIRECTION('ref_axis',(1.20931371567178E-16,-0.157746837968962,-0.987479587186892));
#12023=DIRECTION('',(-0.975710769536974,0.153432695950824,0.156355051158662));
#12024=DIRECTION('',(-1.20931371567178E-16,0.157746837968962,0.987479587186892));
#12025=DIRECTION('center_axis',(0.128920842222938,0.979239725369028,-0.156425626735899));
#12026=DIRECTION('ref_axis',(1.20931466184413E-16,-0.157742001441119,-0.987480359795247));
#12027=DIRECTION('',(-0.0407605606634476,-0.152375927713823,-0.987481723044914));
#12028=DIRECTION('center_axis',(0.0598665986809423,0.144531406921336,-0.987687532965621));
#12029=DIRECTION('ref_axis',(-0.998168084799181,0.,-0.0605018552470454));
#12030=DIRECTION('',(-0.842155491233976,0.538519853231411,0.0277578143966563));
#12031=DIRECTION('center_axis',(0.0598653295410024,0.144529440990927,-0.987687897569772));
#12032=DIRECTION('ref_axis',(-0.998168163605046,0.,-0.0605005550828186));
#12033=DIRECTION('',(-0.923881171206807,0.382679476180182,-1.13142811911092E-16));
#12034=DIRECTION('center_axis',(0.173727412037946,0.419420154188707,-0.891013760032312));
#12035=DIRECTION('ref_axis',(-0.981517278759924,0.,-0.191373539173296));
#12036=DIRECTION('',(-0.852422390406472,0.517120458939518,0.0772172213945785));
#12037=DIRECTION('center_axis',(0.17373572284703,0.419432727958068,-0.891006220699089));
#12038=DIRECTION('ref_axis',(-0.981515254889768,0.,-0.191383918913458));
#12039=DIRECTION('',(-0.923878754969751,0.382685309511018,-1.13142516007395E-16));
#12040=DIRECTION('center_axis',(0.270594537933426,0.653269249156664,-0.707119427075006));
#12041=DIRECTION('ref_axis',(-0.933952513037789,0.,-0.357397122806549));
#12042=DIRECTION('',(-0.866864997436387,0.484818470942906,0.116172830094627));
#12043=DIRECTION('center_axis',(0.270599524044088,0.653276174176124,-0.707111121282164));
#12044=DIRECTION('ref_axis',(-0.933948913500237,0.,-0.35740652899986));
#12045=DIRECTION('',(-0.923877696126813,0.382687865759304,-1.13142386336533E-16));
#12046=DIRECTION('center_axis',(0.340979524545132,0.823186219761956,-0.453979527550523));
#12047=DIRECTION('ref_axis',(-0.79958142968037,0.,-0.600557688578121));
#12048=DIRECTION('',(-0.884075224947435,0.444978848997235,0.142845442976802));
#12049=DIRECTION('center_axis',(0.340972125532325,0.823178055608816,-0.453999888077141));
#12050=DIRECTION('ref_axis',(-0.799600620376875,0.,-0.600532137269036));
#12051=DIRECTION('',(-0.923879290202017,0.382684017350892,-1.13142581554443E-16));
#12052=DIRECTION('center_axis',(0.377974100944865,0.91250856650095,-0.156408743608861));
#12053=DIRECTION('ref_axis',(1.20704383054255E-16,-0.168941468970602,-0.985626085319405));
#12054=DIRECTION('',(-0.902754491300668,0.400733809818042,0.156354539765207));
#12055=DIRECTION('center_axis',(0.377970754559173,0.912507228505923,-0.156424635599412));
#12056=DIRECTION('ref_axis',(1.2070402794948E-16,-0.168958385030024,-0.985623185668867));
#12057=DIRECTION('center_axis',(-0.0204192440313174,0.155098105703271,-0.987688023659519));
#12058=DIRECTION('ref_axis',(-0.999786365907437,0.,0.0206693624865553));
#12059=DIRECTION('',(-0.998587769918083,0.0452986222810055,0.027757892381663));
#12060=DIRECTION('',(-0.255719054586668,0.954223511168188,0.155129803246042));
#12061=DIRECTION('center_axis',(-0.0204192346961186,0.155098293537432,-0.987687994356619));
#12062=DIRECTION('ref_axis',(-0.999786366090039,0.,0.0206693536540052));
#12063=DIRECTION('',(-0.991444731514013,-0.130527178599351,-1.21416961698014E-16));
#12064=DIRECTION('center_axis',(-0.0592574572020843,0.450101613904153,-0.891009029655042));
#12065=DIRECTION('ref_axis',(-0.997795784511842,0.,0.0663594184000827));
#12066=DIRECTION('',(-0.99677968609722,0.0216276332013156,0.077217244615679));
#12067=DIRECTION('',(-0.230991639959901,0.862169484470251,0.450895378460389));
#12068=DIRECTION('center_axis',(-0.0592573530420329,0.450103335021742,-0.891008167141445));
#12069=DIRECTION('ref_axis',(-0.997795787981836,0.,0.0663593662244252));
#12070=DIRECTION('',(-0.991444825795418,-0.130526462464487,-1.21416973244156E-16));
#12071=DIRECTION('center_axis',(-0.0922959323378119,0.701055731003084,-0.707108423724132));
#12072=DIRECTION('ref_axis',(-0.991588825031721,0.,0.12942798025238));
#12073=DIRECTION('',(-0.993136379857244,-0.013574466377483,0.116171704242529));
#12074=DIRECTION('',(-0.183771622176619,0.685947307528882,0.704062697617514));
#12075=DIRECTION('center_axis',(-0.0922959782374345,0.70105527549794,-0.707108869338875));
#12076=DIRECTION('ref_axis',(-0.991588827239011,0.,0.129427963341632));
#12077=DIRECTION('',(-0.991444806420096,-0.130526609634272,-1.21416970871364E-16));
#12078=DIRECTION('center_axis',(-0.116300560331085,0.883387585466911,-0.453982988127987));
#12079=DIRECTION('ref_axis',(1.08922921720379E-16,-0.457084735257704,-0.889423152832438));
#12080=DIRECTION('',(-0.988120777529846,-0.0566791067401804,0.142845398501138));
#12081=DIRECTION('',(-0.118286859806258,0.441512360239868,0.889424001560895));
#12082=DIRECTION('center_axis',(-0.11630161000352,0.883382724471546,-0.453992177923606));
#12083=DIRECTION('ref_axis',(1.08922335832215E-16,-0.457094044407001,-0.889418368692513));
#12084=DIRECTION('',(-0.991444561015006,-0.130528473651391,-1.21416940817908E-16));
#12085=DIRECTION('center_axis',(-0.12892143332191,0.979238094874514,-0.156435346315198));
#12086=DIRECTION('ref_axis',(1.2093127419741E-16,-0.157751815038658,-0.987478792102397));
#12087=DIRECTION('',(-0.982175073962586,-0.104329788069828,0.156356705669741));
#12088=DIRECTION('',(-0.0408366216923183,0.152375454075814,0.987478653604192));
#12089=DIRECTION('center_axis',(-0.128920743031271,0.979238971942202,-0.156430424936595));
#12090=DIRECTION('ref_axis',(1.20931371567178E-16,-0.157746837968962,-0.987479587186892));
#12091=DIRECTION('center_axis',(-0.059867246240628,0.144530918083275,-0.987687565248024));
#12092=DIRECTION('ref_axis',(-0.998168045396635,0.,0.0605025053122751));
#12093=DIRECTION('',(-0.84215155948355,-0.538525985493341,-0.0277581304819177));
#12094=DIRECTION('',(-0.493920016371225,0.85555622174829,0.155134035129755));
#12095=DIRECTION('',(-0.923878222182694,-0.382686595762832,-1.13142450759798E-16));
#12096=DIRECTION('center_axis',(-0.0598648743767546,0.144527244063989,-0.98768824663409));
#12097=DIRECTION('ref_axis',(-0.998168192675075,0.,0.0605000754691608));
#12098=DIRECTION('center_axis',(-0.173730218775732,0.419422366383133,-0.8910121714442));
#12099=DIRECTION('ref_axis',(-0.981516633905847,0.,0.191376846473485));
#12100=DIRECTION('',(-0.852420618730826,-0.517123315665863,-0.0772176479653454));
#12101=DIRECTION('',(-0.446307900340702,0.772987951779247,0.450886775696071));
#12102=DIRECTION('',(-0.923879698971354,-0.38268303049469,-1.13142631614249E-16));
#12103=DIRECTION('center_axis',(-0.173735298261612,0.419430051288741,-0.891007563499813));
#12104=DIRECTION('ref_axis',(-0.981515396927797,0.,0.19138319046789));
#12105=DIRECTION('center_axis',(-0.27059496502229,0.653278424155449,-0.707110787244516));
#12106=DIRECTION('ref_axis',(-0.933950867117837,0.,0.357401423905725));
#12107=DIRECTION('',(-0.866869664926022,-0.484810578462232,-0.116170938888183));
#12108=DIRECTION('',(-0.355096503497427,0.614988447643701,0.704056590387941));
#12109=DIRECTION('',(-0.923880441648141,-0.382681237507193,-1.13142722565924E-16));
#12110=DIRECTION('center_axis',(-0.27059846239263,0.65328328160839,-0.707104961177417));
#12111=DIRECTION('ref_axis',(-0.933948342237865,0.,0.357408021777833));
#12112=DIRECTION('center_axis',(-0.340974190725203,0.82319004707383,-0.453976593733509));
#12113=DIRECTION('ref_axis',(-0.799584077126365,0.,0.600554163757091));
#12114=DIRECTION('',(-0.939782175010897,-0.31049156942349,0.142844141807514));
#12115=DIRECTION('',(-0.228511467312694,0.395853898788897,0.889428018515399));
#12116=DIRECTION('center_axis',(-0.340974104560421,0.823188294377851,-0.453979836577026));
#12117=DIRECTION('ref_axis',(-0.799586209957125,0.,0.600551324073472));
#12118=DIRECTION('',(-0.923880187768367,-0.38268185043073,-1.13142691474619E-16));
#12119=DIRECTION('center_axis',(-0.377970997255389,0.912507127061974,-0.156424640945314));
#12120=DIRECTION('ref_axis',(1.20704027448656E-16,-0.168958408886437,-0.985623181579331));
#12121=DIRECTION('',(-0.921706626611188,-0.354978590336507,0.156355667833727));
#12122=DIRECTION('',(-0.0788544745598495,0.136614424826212,0.987480871091331));
#12123=DIRECTION('center_axis',(-0.377972119321144,0.912504509666386,-0.156437197796403));
#12124=DIRECTION('ref_axis',(1.20703740950312E-16,-0.168972055481595,-0.985620842142822));
#12125=DIRECTION('center_axis',(0.707111543954875,-0.70710201838614,8.65961888944481E-17));
#12126=DIRECTION('ref_axis',(1.22464679914735E-16,0.,-1.));
#12127=DIRECTION('',(1.22464679914735E-16,0.,-1.));
#12128=DIRECTION('',(-0.70710201838614,-0.707111543954875,-8.65950223487219E-17));
#12129=DIRECTION('',(1.22464679914735E-16,0.,-1.));
#12130=DIRECTION('center_axis',(0.890993041908989,-0.454016959231444,1.09115177683641E-16));
#12131=DIRECTION('ref_axis',(1.22464679914735E-16,0.,-1.));
#12132=DIRECTION('',(-0.454016959231444,-0.890993041908989,-5.56010415881402E-17));
#12133=DIRECTION('',(1.22464679914735E-16,0.,-1.));
#12134=DIRECTION('center_axis',(0.987692378856814,-0.156408966329197,1.20957431030923E-16));
#12135=DIRECTION('ref_axis',(1.22464679914735E-16,0.,-1.));
#12136=DIRECTION('',(-0.156408966329197,-0.987692378856814,-1.91545739972997E-17));
#12137=DIRECTION('center_axis',(0.15644438687359,0.,-0.987686769080029));
#12138=DIRECTION('ref_axis',(-0.987686769080029,0.,-0.15644438687359));
#12139=DIRECTION('',(0.,1.,0.));
#12140=DIRECTION('',(-0.987686769080029,0.,-0.15644438687359));
#12141=DIRECTION('',(-0.985623535143952,-0.0646030008953965,-0.156117581475147));
#12142=DIRECTION('center_axis',(0.453967445939799,0.,-0.891018270310377));
#12143=DIRECTION('ref_axis',(-0.891018270310377,0.,-0.453967445939799));
#12144=DIRECTION('',(0.,1.,0.));
#12145=DIRECTION('',(-0.891018270310377,0.,-0.453967445939799));
#12146=DIRECTION('',(-0.889502292698422,-0.0583086895880733,-0.453195066172142));
#12147=DIRECTION('center_axis',(0.707111543954875,0.,-0.70710201838614));
#12148=DIRECTION('ref_axis',(-0.70710201838614,0.,-0.707111543954875));
#12149=DIRECTION('',(0.,1.,0.));
#12150=DIRECTION('',(-0.707102018386139,0.,-0.707111543954875));
#12151=DIRECTION('',(-0.706343963275867,-0.0462922106549345,-0.706353478632631));
#12152=DIRECTION('center_axis',(0.890993041908989,0.,-0.454016959231444));
#12153=DIRECTION('ref_axis',(-0.454016959231444,0.,-0.890993041908989));
#12154=DIRECTION('',(-0.454016959231444,0.,-0.890993041908989));
#12155=DIRECTION('',(-0.453816078165865,-0.0297440715884139,-0.890598819561028));
#12156=DIRECTION('',(0.,1.,0.));
#12157=DIRECTION('center_axis',(0.987692349728016,0.,-0.156409150271813));
#12158=DIRECTION('ref_axis',(-0.156409150271813,0.,-0.987692349728016));
#12159=DIRECTION('',(-0.156409150271813,0.,-0.987692349728016));
#12160=DIRECTION('',(-0.15640093540559,-0.0102489285320593,-0.987640474498793));
#12161=DIRECTION('center_axis',(0.155098772259004,0.0204197045804188,-0.987687909467661));
#12162=DIRECTION('ref_axis',(-0.987893889200805,0.,-0.155131117702757));
#12163=DIRECTION('',(-0.0389638397023996,-0.998881975931587,-0.026769709648281));
#12164=DIRECTION('center_axis',(0.155105993469716,0.0204193926816619,-0.987686781926479));
#12165=DIRECTION('ref_axis',(-0.987892755130131,0.,-0.155138339430971));
#12166=DIRECTION('',(-0.130521801872042,0.991445439364202,-1.59843106881541E-17));
#12167=DIRECTION('center_axis',(0.450085545108027,0.0592528585150713,-0.891017452602699));
#12168=DIRECTION('ref_axis',(-0.892585720478832,0.,-0.450877734643533));
#12169=DIRECTION('',(-0.0179589787001591,-0.996993746298224,-0.0753720433999282));
#12170=DIRECTION('center_axis',(0.450083418960145,0.0592529774089839,-0.891018518688202));
#12171=DIRECTION('ref_axis',(-0.892586794750998,0.,-0.450875607940971));
#12172=DIRECTION('',(-0.130522665377857,0.991445325685012,-1.59844164371173E-17));
#12173=DIRECTION('center_axis',(0.701068457102422,0.0922948762405295,-0.707095944179979));
#12174=DIRECTION('ref_axis',(-0.710126965759202,0.,-0.704073641391033));
#12175=DIRECTION('',(-0.0152279832975376,0.99330030168482,0.114554001228831));
#12176=DIRECTION('center_axis',(0.70106248042874,0.0922954592266837,-0.707101793761858));
#12177=DIRECTION('ref_axis',(-0.710132878954033,0.,-0.704067677306988));
#12178=DIRECTION('',(-0.130524569563512,0.991445074999246,-1.59846496326041E-17));
#12179=DIRECTION('center_axis',(0.883390012193404,0.116306403242087,-0.453976769143341));
#12180=DIRECTION('ref_axis',(-0.457078788650344,0.,-0.889426208836874));
#12181=DIRECTION('',(-0.20088934106659,0.969177791768598,-0.142610941334718));
#12182=DIRECTION('',(-0.130532703054136,0.991444004184493,-1.598564569793E-17));
#12183=DIRECTION('center_axis',(0.88337067544569,0.116296484883608,-0.454016935109631));
#12184=DIRECTION('ref_axis',(-0.457118694544745,0.,-0.889405699946716));
#12185=DIRECTION('center_axis',(0.979238271568372,0.128921560452439,-0.156434135489334));
#12186=DIRECTION('ref_axis',(-0.157750596652398,0.,-0.987478986741395));
#12187=DIRECTION('',(-0.153435071368269,0.975710254333884,-0.15635593516692));
#12188=DIRECTION('center_axis',(0.979241711022376,0.128926159161402,-0.15640881329982));
#12189=DIRECTION('ref_axis',(-0.157725156458829,0.,-0.987483050497596));
#12190=DIRECTION('center_axis',(0.156438499378385,0.,-0.987687701610301));
#12191=DIRECTION('ref_axis',(-0.987687701610301,0.,-0.156438499378385));
#12192=DIRECTION('',(0.987687701610301,0.,0.156438499378385));
#12193=DIRECTION('',(-0.702709516241379,0.702717140539328,-0.111301195752953));
#12194=DIRECTION('center_axis',(1.91578682600834E-17,-0.98768811869974,
-0.156435866026203));
#12195=DIRECTION('ref_axis',(-1.20956909312151E-16,-0.156435866026203,0.98768811869974));
#12196=DIRECTION('',(-1.,0.,-1.22464679914735E-16));
#12197=DIRECTION('',(-1.,0.,-1.22464679914735E-16));
#12198=DIRECTION('',(1.20956909312151E-16,0.156435866026203,-0.98768811869974));
#12199=DIRECTION('center_axis',(5.55978002900658E-17,-0.891006528119579,
-0.45399049202411));
#12200=DIRECTION('ref_axis',(-1.09116829268104E-16,-0.45399049202411,0.891006528119579));
#12201=DIRECTION('',(-1.,0.,-1.22464679914735E-16));
#12202=DIRECTION('',(1.09116829268104E-16,0.45399049202411,-0.891006528119579));
#12203=DIRECTION('center_axis',(8.65956056235493E-17,-0.707106781186548,
-0.707106781186548));
#12204=DIRECTION('ref_axis',(-1.,0.,-1.22464679914735E-16));
#12205=DIRECTION('',(-1.,0.,-1.22464679914735E-16));
#12206=DIRECTION('',(8.65956056235493E-17,0.707106781186547,-0.707106781186547));
#12207=DIRECTION('center_axis',(1.09117065204963E-16,-0.453986710896382,
-0.891008454690237));
#12208=DIRECTION('ref_axis',(-1.,0.,-1.22464679914735E-16));
#12209=DIRECTION('',(5.55973372354689E-17,0.891008454690237,-0.453986710896382));
#12210=DIRECTION('',(-1.,0.,-1.22464679914735E-16));
#12211=DIRECTION('center_axis',(1.20956890350422E-16,-0.156436843599197,
-0.987687963865471));
#12212=DIRECTION('ref_axis',(-1.,0.,-1.22464679914735E-16));
#12213=DIRECTION('',(1.91579879782472E-17,0.987687963865471,-0.156436843599197));
#12214=DIRECTION('center_axis',(-0.987686462893142,0.,-0.156446319923589));
#12215=DIRECTION('ref_axis',(-0.156446319923589,0.,0.987686462893142));
#12216=DIRECTION('',(0.156446319923589,0.,-0.987686462893142));
#12217=DIRECTION('',(0.,1.,0.));
#12218=DIRECTION('',(-0.156438103203093,0.010248867452906,0.987634588591424));
#12219=DIRECTION('',(0.,1.,0.));
#12220=DIRECTION('center_axis',(-0.890993041908989,0.,-0.454016959231444));
#12221=DIRECTION('ref_axis',(-0.454016959231444,0.,0.890993041908989));
#12222=DIRECTION('',(0.454016959231444,0.,-0.890993041908989));
#12223=DIRECTION('',(-0.453816078165865,0.0297440715884139,0.890598819561028));
#12224=DIRECTION('',(0.,1.,0.));
#12225=DIRECTION('center_axis',(-0.707111543954875,0.,-0.70710201838614));
#12226=DIRECTION('ref_axis',(-0.70710201838614,0.,0.707111543954875));
#12227=DIRECTION('',(0.70710201838614,0.,-0.707111543954875));
#12228=DIRECTION('',(-0.706343963275868,0.0462922106549345,0.706353478632631));
#12229=DIRECTION('',(0.,1.,0.));
#12230=DIRECTION('center_axis',(-0.453998270553311,0.,-0.891002564718308));
#12231=DIRECTION('ref_axis',(-0.891002564718308,0.,0.453998270553311));
#12232=DIRECTION('',(0.891002564718308,0.,-0.453998270553311));
#12233=DIRECTION('',(-0.889486408478402,0.0583126353146335,0.45322573370767));
#12234=DIRECTION('',(0.,1.,0.));
#12235=DIRECTION('center_axis',(-0.156426725700593,0.,-0.987689566355032));
#12236=DIRECTION('ref_axis',(-0.987689566355032,0.,0.156426725700593));
#12237=DIRECTION('',(0.987689566355032,0.,-0.156426725700593));
#12238=DIRECTION('',(-0.985626790933676,0.0645957382269834,0.156100030738927));
#12239=DIRECTION('center_axis',(-0.979238271568372,0.128921560452439,-0.156434135489334));
#12240=DIRECTION('ref_axis',(-0.157750596652398,0.,0.987478986741395));
#12241=DIRECTION('',(-0.153435071368269,-0.975710254333884,0.15635593516692));
#12242=DIRECTION('',(-0.152375513328693,0.0408271141025068,0.98747903759618));
#12243=DIRECTION('center_axis',(-0.979236697078735,0.128919455552506,-0.156445725650702));
#12244=DIRECTION('ref_axis',(-0.157762240815318,0.,0.987477126506194));
#12245=DIRECTION('',(-0.130526688488069,-0.99144479603876,-1.59849091260218E-17));
#12246=DIRECTION('center_axis',(-0.883390863139737,0.116301063323892,-0.453976481319202));
#12247=DIRECTION('ref_axis',(-0.457078211097456,0.,0.889426505642793));
#12248=DIRECTION('',(-0.200883488709372,-0.969178979107424,0.142611116047252));
#12249=DIRECTION('',(-0.441504208539339,0.118296731961533,0.889426735065499));
#12250=DIRECTION('center_axis',(-0.883371317774522,0.116291038099792,-0.454017080505763));
#12251=DIRECTION('ref_axis',(-0.457118547413237,0.,0.889405775566368));
#12252=DIRECTION('',(-0.13051846725567,-0.991445878354048,-1.59839023154275E-17));
#12253=DIRECTION('center_axis',(-0.701062907079769,0.0922911255970549,-0.707101936394529));
#12254=DIRECTION('ref_axis',(-0.710132735729705,0.,0.704067821765094));
#12255=DIRECTION('',(-0.0152218120554604,-0.993300395033511,-0.114554011994424));
#12256=DIRECTION('center_axis',(-0.701030132744068,0.0922943225267788,-0.707134012061474));
#12257=DIRECTION('ref_axis',(-0.710165160216972,0.,0.704035116463662));
#12258=DIRECTION('',(-0.685968828458544,0.183793135807683,0.70403611385581));
#12259=DIRECTION('',(-0.130528909544888,-0.991444503627421,-1.59851811270342E-17));
#12260=DIRECTION('center_axis',(-0.450113492631502,0.0592598205443377,-0.891002871723837));
#12261=DIRECTION('ref_axis',(-0.892571483459135,0.,0.4509059180312));
#12262=DIRECTION('',(-0.0179400073768162,0.996994085909629,0.0753720690743175));
#12263=DIRECTION('center_axis',(-0.450115155027469,0.0592597276096295,-0.891002038099931));
#12264=DIRECTION('ref_axis',(-0.892570643434665,0.,0.450907580861787));
#12265=DIRECTION('',(-0.862154118168776,0.231026044811291,0.450907133613421));
#12266=DIRECTION('',(-0.130528234465464,-0.991444592504961,-1.59850984536486E-17));
#12267=DIRECTION('center_axis',(-0.155088565043605,0.0204181219343559,-0.987689544993461));
#12268=DIRECTION('ref_axis',(-0.987895493129629,0.,0.155120903343706));
#12269=DIRECTION('',(-0.0389768600022305,0.998881468322468,0.0267696960445229));
#12270=DIRECTION('center_axis',(-0.155093256355656,0.0204179192473381,-0.987688812534904));
#12271=DIRECTION('ref_axis',(-0.987894756428268,0.,0.155125594991715));
#12272=DIRECTION('',(-0.954236109509232,0.255674523006374,0.155125709004495));
#12273=DIRECTION('center_axis',(-0.91250655650366,0.377972967149745,-0.156423209409124));
#12274=DIRECTION('ref_axis',(-0.16895700941312,0.,0.985623421480118));
#12275=DIRECTION('',(-0.400735817134427,-0.902753362698559,0.156355911311492));
#12276=DIRECTION('',(-0.136604873864953,0.078873505671329,0.987480672489064));
#12277=DIRECTION('center_axis',(-0.912505675153539,0.377970763057642,-0.156433676317495));
#12278=DIRECTION('ref_axis',(-0.168968150781895,0.,0.985621511545556));
#12279=DIRECTION('',(-0.382682167762375,-0.923880056325868,-4.68650491840963E-17));
#12280=DIRECTION('center_axis',(-0.823180943277403,0.340971390904191,-0.453995203950203));
#12281=DIRECTION('ref_axis',(-0.482935770898334,0.,0.875655777795608));
#12282=DIRECTION('',(-0.444975845206051,-0.884076892631484,0.14284447871101));
#12283=DIRECTION('',(-0.395858476590047,0.228546655056648,0.889416939896146));
#12284=DIRECTION('center_axis',(-0.823188829404581,0.340978537918079,-0.453975536590645));
#12285=DIRECTION('ref_axis',(-0.482916181482276,0.,0.875666581332517));
#12286=DIRECTION('',(-0.38268588510259,-0.923878516550335,-4.68655044269758E-17));
#12287=DIRECTION('center_axis',(-0.653257200880265,0.270590024164594,-0.707132284880761));
#12288=DIRECTION('ref_axis',(-0.734534326046546,0.,0.678571531866277));
#12289=DIRECTION('',(-0.270149369967635,-0.95578422677845,-0.116171553091154));
#12290=DIRECTION('center_axis',(-0.653257542248959,0.27059007973596,-0.7071319482553));
#12291=DIRECTION('ref_axis',(-0.734533988294375,0.,0.678571897473185));
#12292=DIRECTION('',(-0.615030043022837,0.355059211088174,0.704039063405413));
#12293=DIRECTION('',(-0.382685781494071,-0.923878559466704,-4.68654917385918E-17));
#12294=DIRECTION('center_axis',(-0.419439234502538,0.173738669005949,-0.891002583302634));
#12295=DIRECTION('ref_axis',(-0.90476239743556,0.,0.425916663429196));
#12296=DIRECTION('',(-0.237101750934127,-0.968411208341981,-0.077217169474119));
#12297=DIRECTION('center_axis',(-0.419464318459534,0.173743789268027,-0.890989776164725));
#12298=DIRECTION('ref_axis',(-0.904750222434049,0.,0.425942525472085));
#12299=DIRECTION('',(-0.772955853758182,0.446321074340662,0.450928760161023));
#12300=DIRECTION('',(-0.382675874150969,-0.923882663189862,-4.686427843899E-17));
#12301=DIRECTION('center_axis',(-0.144524572560981,0.0598626528504333,-0.987688772194852));
#12302=DIRECTION('ref_axis',(-0.989463252540577,0.,0.144784225217469));
#12303=DIRECTION('',(-0.21468232292001,-0.976289396614683,-0.0277581390479572));
#12304=DIRECTION('center_axis',(-0.144524737019963,0.0598626882690897,-0.987688745983525));
#12305=DIRECTION('ref_axis',(-0.989463228387618,0.,0.144784390280002));
#12306=DIRECTION('',(-0.855550382224621,0.493932615563614,0.155126125323209));
#12307=DIRECTION('center_axis',(-0.783589662861517,0.601262939683425,-0.156429273538621));
#12308=DIRECTION('ref_axis',(-0.195768764928588,0.,0.980650085748395));
#12309=DIRECTION('',(-0.62072730446364,-0.768277459974433,0.156356509261807));
#12310=DIRECTION('',(-0.111538941795102,0.111548465270324,0.987479622250031));
#12311=DIRECTION('center_axis',(-0.783589795872387,0.60126405600336,-0.156424316405919));
#12312=DIRECTION('ref_axis',(-0.195762766950203,0.,0.980651283115461));
#12313=DIRECTION('',(-0.608757897420175,-0.793356050161948,-7.4551341053129E-17));
#12314=DIRECTION('center_axis',(-0.706884938944796,0.542406891662553,-0.453991681608794));
#12315=DIRECTION('ref_axis',(-0.540391711720354,0.,0.841413571262043));
#12316=DIRECTION('',(-0.658626920174291,-0.738786780098213,0.142844928414848));
#12317=DIRECTION('',(-0.32321401873801,0.32321401873801,0.889418571979723));
#12318=DIRECTION('center_axis',(-0.706883938792734,0.542405340634329,-0.453995091964911));
#12319=DIRECTION('ref_axis',(-0.540395126972734,0.,0.841411377831393));
#12320=DIRECTION('',(-0.608757343883454,-0.793356474901391,-7.45512732644317E-17));
#12321=DIRECTION('center_axis',(-0.560970251229689,0.430443023961789,-0.707128828685361));
#12322=DIRECTION('ref_axis',(-0.783420034078757,0.,0.621492598671971));
#12323=DIRECTION('',(-0.508313253346939,-0.853300466780144,-0.116172070071252));
#12324=DIRECTION('center_axis',(-0.560960139064332,0.430438469683495,-0.707139622845062));
#12325=DIRECTION('ref_axis',(-0.783430107747291,0.,0.621479900137622));
#12326=DIRECTION('',(-0.502201971936782,0.50212609915057,0.704033067358799));
#12327=DIRECTION('',(-0.608760196846479,-0.793354285761056,-7.45516226516354E-17));
#12328=DIRECTION('center_axis',(-0.360197014709285,0.276388001569301,-0.8909925831246));
#12329=DIRECTION('ref_axis',(-0.927106983903247,0.,0.374796798809468));
#12330=DIRECTION('',(-0.479670485362674,-0.87404450765355,-0.0772167346667783));
#12331=DIRECTION('center_axis',(-0.360169942172089,0.276374481651511,-0.891007720868688));
#12332=DIRECTION('ref_axis',(-0.927118984380375,0.,0.374767112753377));
#12333=DIRECTION('',(-0.631141898973343,0.631151359668555,0.450896733797061));
#12334=DIRECTION('',(-0.608770253084843,-0.793346569261515,-7.45528541856478E-17));
#12335=DIRECTION('center_axis',(-0.124105307909522,0.0952315452445702,-0.987688627725871));
#12336=DIRECTION('ref_axis',(-0.992198020329464,0.,0.124671923279836));
#12337=DIRECTION('',(-0.46006874833248,-0.887449290960515,-0.0277579318657764));
#12338=DIRECTION('center_axis',(-0.124108892485209,0.0952333839159139,-0.987688000025321));
#12339=DIRECTION('ref_axis',(-0.992197565088118,0.,0.124675546251904));
#12340=DIRECTION('',(-0.698546508839613,0.698546508839613,0.155130751226106));
#12341=DIRECTION('center_axis',(-0.601262616181343,0.783589569457539,-0.156430984846725));
#12342=DIRECTION('ref_axis',(-0.251788692743855,0.,0.967782234909455));
#12343=DIRECTION('',(-0.798427821652964,-0.581434499063019,0.156355162722052));
#12344=DIRECTION('',(-0.793356669256042,-0.608757090592758,-9.71581705586617E-17));
#12345=DIRECTION('center_axis',(-0.601262274542168,0.783591938583341,-0.156420430249951));
#12346=DIRECTION('ref_axis',(-0.251772915158664,0.,0.967786339639338));
#12347=DIRECTION('center_axis',(-0.542409182060459,0.706883080627249,-0.453991838626461));
#12348=DIRECTION('ref_axis',(-0.641838427370536,0.,0.766839900598891));
#12349=DIRECTION('',(-0.827399781652534,-0.543143743800006,0.142844232968129));
#12350=DIRECTION('',(-0.793354035758464,-0.60876052265711,-9.71578480482238E-17));
#12351=DIRECTION('center_axis',(-0.542412682793971,0.706893974679853,-0.453970693002937));
#12352=DIRECTION('ref_axis',(-0.641818411358168,0.,0.766856653385544));
#12353=DIRECTION('center_axis',(-0.430442969894835,0.560965526869875,-0.707132609438794));
#12354=DIRECTION('ref_axis',(-0.854190816458402,0.,0.519959661010476));
#12355=DIRECTION('',(-0.711846749112942,-0.692660264484295,-0.116172129970499));
#12356=DIRECTION('center_axis',(-0.430457468641805,0.560977371049061,-0.70711438739526));
#12357=DIRECTION('ref_axis',(-0.854177086284729,0.,0.519982216297953));
#12358=DIRECTION('',(-0.793350340327517,-0.608765338617609,-9.71573954884557E-17));
#12359=DIRECTION('center_axis',(-0.276371996502542,0.36017132312458,-0.891007933493237));
#12360=DIRECTION('ref_axis',(-0.955108946938,0.,0.29625478811149));
#12361=DIRECTION('',(-0.689532716765363,-0.720126445713934,-0.0772174507063977));
#12362=DIRECTION('center_axis',(-0.276364034510506,0.360164269912073,-0.891013254170654));
#12363=DIRECTION('ref_axis',(-0.955111862426048,0.,0.296245388576846));
#12364=DIRECTION('',(-0.793353052944442,-0.608761803486169,-9.71577276882191E-17));
#12365=DIRECTION('center_axis',(-0.0952327097584389,0.124109562384438,-0.987687980850637));
#12366=DIRECTION('ref_axis',(-0.995383770190146,0.,0.0959747364781528));
#12367=DIRECTION('',(-0.674075592790571,-0.738140628469014,-0.027758022397295));
#12368=DIRECTION('center_axis',(-0.0952357627045118,0.124112326227672,-0.987687339182014));
#12369=DIRECTION('ref_axis',(-0.99538347030303,0.,0.0959778466496102));
#12370=DIRECTION('center_axis',(0.975816812920361,-0.154604240366862,-0.154528562028299));
#12371=DIRECTION('ref_axis',(-0.156409150271813,0.,-0.987692349728016));
#12372=DIRECTION('',(-0.218523161596427,-0.672496266791451,-0.70710423488865));
#12373=DIRECTION('',(-0.156483874348279,-0.987680513662668,-1.91637475838797E-17));
#12374=DIRECTION('center_axis',(0.975817373073376,-0.154528464444703,-0.154600802341186));
#12375=DIRECTION('ref_axis',(-0.156480392106713,0.,-0.987681065367829));
#12376=DIRECTION('',(-0.148825152415315,0.0483415033607094,-0.987681210240118));
#12377=DIRECTION('center_axis',(0.795906671022845,-0.405554189857444,-0.449509032290126));
#12378=DIRECTION('ref_axis',(-0.491765990457206,0.,-0.870727403169122));
#12379=DIRECTION('',(-0.600696924359086,-0.436442292626509,-0.669836793758339));
#12380=DIRECTION('',(-0.454007817299525,-0.890997700238851,-5.5599922024374E-17));
#12381=DIRECTION('',(-0.431740957708018,0.140292711532609,-0.891020594895646));
#12382=DIRECTION('center_axis',(0.795911540485464,-0.405502351153462,-0.449547175423303));
#12383=DIRECTION('ref_axis',(-0.491795345757598,0.,-0.870710823345595));
#12384=DIRECTION('',(-0.453959540085476,-0.891022298242521,-5.55940097708082E-17));
#12385=DIRECTION('',(-0.367301127786695,0.26684817476915,-0.891000523652481));
#12386=DIRECTION('center_axis',(0.880309949354996,-0.448501794545541,-0.154597973324471));
#12387=DIRECTION('ref_axis',(-0.172970573639941,0.,-0.984926992550549));
#12388=DIRECTION('',(-0.415633605166166,-0.572058814119725,-0.707104956455907));
#12389=DIRECTION('center_axis',(0.880289601072287,-0.448562883348224,-0.154536590897826));
#12390=DIRECTION('ref_axis',(-0.17290782726979,0.,-0.984938009860946));
#12391=DIRECTION('',(-0.12653693362856,0.0919497907495103,-0.987691065267375));
#12392=DIRECTION('center_axis',(0.631606300863311,-0.631650998111762,-0.449544766729832));
#12393=DIRECTION('ref_axis',(-0.579868559765649,0.,-0.814710042527592));
#12394=DIRECTION('',(-0.706194343665656,-0.229441554071822,-0.669810512189635));
#12395=DIRECTION('',(-0.707131799975943,-0.707081761511908,-8.65986695415845E-17));
#12396=DIRECTION('center_axis',(0.631608314809071,-0.631646336690705,-0.449548486827904));
#12397=DIRECTION('ref_axis',(-0.579870517549674,0.,-0.814708649074424));
#12398=DIRECTION('',(-0.707128063614194,-0.707085498118325,-8.65982119692389E-17));
#12399=DIRECTION('',(-0.266865291089489,0.367285073177874,-0.89100201539191));
#12400=DIRECTION('center_axis',(0.698591065562746,-0.698633119706403,-0.154538950317405));
#12401=DIRECTION('ref_axis',(-0.215993361301481,0.,-0.976394831957691));
#12402=DIRECTION('',(-0.572070016402324,-0.415623310511257,-0.70710194462546));
#12403=DIRECTION('center_axis',(0.698612917454063,-0.698603506371156,-0.154574035504829));
#12404=DIRECTION('ref_axis',(-0.216033667952042,0.,-0.976385914641945));
#12405=DIRECTION('',(-0.0919778761105075,0.126557690189854,-0.987685790805967));
#12406=DIRECTION('center_axis',(0.405542715686954,-0.795892665809864,-0.449544180546605));
#12407=DIRECTION('ref_axis',(-0.742510990397489,0.,-0.669833881749005));
#12408=DIRECTION('',(-0.742510990397489,0.,-0.669833881749004));
#12409=DIRECTION('',(-0.890999664648919,-0.454003962092308,-1.09115988735366E-16));
#12410=DIRECTION('center_axis',(0.405536611636446,-0.795899597846326,-0.44953741420541));
#12411=DIRECTION('ref_axis',(-0.742510990397489,0.,-0.669833881749005));
#12412=DIRECTION('',(-0.891004028417303,-0.453995397932773,-1.09116523142865E-16));
#12413=DIRECTION('',(-0.140291570860005,0.431771885112869,-0.89100578806858));
#12414=DIRECTION('center_axis',(0.448539398298079,-0.880296171739258,-0.154567325769724));
#12415=DIRECTION('ref_axis',(-1.20619427761254E-16,-0.172939935218169,0.984932372707251));
#12416=DIRECTION('',(-0.672505525278566,-0.218506671479217,-0.707100525377314));
#12417=DIRECTION('center_axis',(0.4485173528885,-0.880311940886097,-0.15454148598757));
#12418=DIRECTION('ref_axis',(-1.20620095401724E-16,-0.172908883680213,0.98493782440541));
#12419=DIRECTION('',(-0.891016343882001,-0.45397122699038,-1.09118031352307E-16));
#12420=DIRECTION('',(-0.0483133533381833,0.148776456516316,-0.987689923951677));
#12421=DIRECTION('center_axis',(0.139740232680497,-0.882263217850846,-0.449537853576171));
#12422=DIRECTION('ref_axis',(-1.09116714173866E-16,-0.453992336511735,0.891005588303808));
#12423=DIRECTION('',(-0.706165334924156,0.229452532352108,-0.669837334842318));
#12424=DIRECTION('',(-0.987687740948148,-0.156438251015358,-1.20956863050923E-16));
#12425=DIRECTION('center_axis',(0.139738237605301,-0.882264399310698,-0.44953615500858));
#12426=DIRECTION('ref_axis',(-1.09116829268104E-16,-0.45399049202411,0.891006528119579));
#12427=DIRECTION('',(-0.987688118412434,-0.156435867840164,-1.20956909276966E-16));
#12428=DIRECTION('center_axis',(0.154556313796766,-0.975821190308231,-0.154548860917782));
#12429=DIRECTION('ref_axis',(-1.20957052012127E-16,-0.156428508920165,0.987689283933472));
#12430=DIRECTION('',(-0.707089731828493,0.,-0.707123830133527));
#12431=DIRECTION('center_axis',(0.154563409197605,-0.975818942739591,-0.154555955976472));
#12432=DIRECTION('ref_axis',(-1.20956909312151E-16,-0.156435866026203,0.98768811869974));
#12433=DIRECTION('',(-0.987686953070443,-0.156443225274939,-1.20956766563732E-16));
#12434=DIRECTION('center_axis',(0.324211144239514,-0.324161677642385,-0.888710493186043));
#12435=DIRECTION('ref_axis',(-0.939438584497215,0.,-0.342717297430212));
#12436=DIRECTION('',(-0.280795762402884,0.864137698572847,-0.417635939212379));
#12437=DIRECTION('',(-0.523715846167293,0.720843948076893,-0.453988672759788));
#12438=DIRECTION('',(-0.707052831515475,-0.70716072674177,-8.658899869435E-17));
#12439=DIRECTION('center_axis',(0.32420250862214,-0.324165357554298,-0.888712301234098));
#12440=DIRECTION('ref_axis',(-0.939441747990538,0.,-0.342708625704814));
#12441=DIRECTION('',(-0.72082789026915,0.523733062934433,-0.453994307672953));
#12442=DIRECTION('',(-0.707066263255375,-0.707147296796135,-8.65906436080775E-17));
#12443=DIRECTION('center_axis',(0.408499269831857,-0.208143132540515,-0.888709616760762));
#12444=DIRECTION('ref_axis',(-0.90860964199653,0.,-0.417646403637021));
#12445=DIRECTION('',(-0.534051689897242,0.735093312141988,-0.417644124778527));
#12446=DIRECTION('',(-0.453994583672458,-0.891004443308826,-5.55983013724711E-17));
#12447=DIRECTION('center_axis',(0.40849173828491,-0.208149697551478,-0.888711541031285));
#12448=DIRECTION('ref_axis',(-0.908612907187546,0.,-0.417639299985281));
#12449=DIRECTION('',(-0.847397358457847,0.275337462300181,-0.453990086601855));
#12450=DIRECTION('',(-0.454012596846228,-0.890995264805007,-5.56005073500311E-17));
#12451=DIRECTION('center_axis',(0.633901763309219,-0.323008883519045,-0.702733104130753));
#12452=DIRECTION('ref_axis',(-0.742536057006507,0.,-0.669806094362562));
#12453=DIRECTION('',(-0.251280266719571,0.773304944211619,-0.582114843321493));
#12454=DIRECTION('',(-0.572088724012382,0.415616838075795,-0.707090613546639));
#12455=DIRECTION('center_axis',(0.633905175106415,-0.3230063386783,-0.702731196224377));
#12456=DIRECTION('ref_axis',(-0.742533359571142,0.,-0.669809084683085));
#12457=DIRECTION('',(-0.672520199663981,0.218504293243894,-0.707087303575666));
#12458=DIRECTION('center_axis',(0.503130561382129,-0.503072906561078,-0.70269288376039));
#12459=DIRECTION('ref_axis',(-0.813072353382706,0.,-0.582162647517606));
#12460=DIRECTION('',(7.12889610424311E-17,0.813103930553321,-0.582118543012281));
#12461=DIRECTION('',(-0.415587062303409,0.572072813718896,-0.707120986430022));
#12462=DIRECTION('center_axis',(0.503060909165401,-0.50309650956776,-0.702725852470519));
#12463=DIRECTION('ref_axis',(-0.813123427777461,0.,-0.582091308300882));
#12464=DIRECTION('center_axis',(0.156396438232931,-0.0247565359169654,-0.98738405295885));
#12465=DIRECTION('ref_axis',(-0.987686769080029,0.,-0.15644438687359));
#12466=DIRECTION('',(-0.156346817901474,-0.987702218551767,-1.91469630099915E-17));
#12467=DIRECTION('',(-0.93934445710559,0.30521884008501,-0.156439926368445));
#12468=DIRECTION('center_axis',(0.452832453799172,-0.071680423374797,-0.888709562056711));
#12469=DIRECTION('ref_axis',(-0.891001529877695,0.,-0.454000301492859));
#12470=DIRECTION('',(-0.735091403805879,0.53406246441572,-0.41763370571939));
#12471=DIRECTION('center_axis',(0.452797794193537,-0.0717382879437015,-0.888722552665552));
#12472=DIRECTION('ref_axis',(-0.891018270310377,0.,-0.453967445939799));
#12473=DIRECTION('',(-0.156481625041777,-0.98768087003054,-1.91634721232788E-17));
#12474=DIRECTION('center_axis',(0.141082812016791,-0.0718860977472165,-0.987384438354237));
#12475=DIRECTION('ref_axis',(-0.989945578237748,0.,-0.141448761491685));
#12476=DIRECTION('',(-0.799049383589856,0.580557234029196,-0.156439702764487));
#12477=DIRECTION('center_axis',(0.0718711605830935,-0.141088853264873,-0.987384662510433));
#12478=DIRECTION('ref_axis',(-0.99736133062614,0.,-0.0725973565059723));
#12479=DIRECTION('',(-0.580555185394065,0.799051608268735,-0.15643594227418));
#12480=DIRECTION('',(-0.891050462617044,-0.453904255399696,-1.09122209692273E-16));
#12481=DIRECTION('',(-0.305163366170813,0.939362540173221,-0.156439566819305));
#12482=DIRECTION('center_axis',(0.208089624675174,-0.408496624842933,-0.888723362804465));
#12483=DIRECTION('ref_axis',(-0.973666164385904,0.,-0.227978508482798));
#12484=DIRECTION('',(5.11460066240045E-17,0.908613119505164,-0.417638838068366));
#12485=DIRECTION('',(-0.275396861887141,0.847384485000759,-0.453978086522591));
#12486=DIRECTION('center_axis',(0.208141113060818,-0.408492049442114,-0.888713408583659));
#12487=DIRECTION('ref_axis',(-0.973653074488215,0.,-0.228034406482106));
#12488=DIRECTION('',(-0.891002979063988,-0.453997457370741,-1.09116394634147E-16));
#12489=DIRECTION('center_axis',(0.323010368914691,-0.633931305779369,-0.70270577137694));
#12490=DIRECTION('ref_axis',(-0.908605431175221,0.,-0.41765556435763));
#12491=DIRECTION('',(-0.251280457191537,-0.773304550164967,0.582115284568074));
#12492=DIRECTION('',(-0.218478494358126,0.672502924749742,-0.707111705253172));
#12493=DIRECTION('center_axis',(0.323016161420753,-0.63393123305729,-0.702703174331429));
#12494=DIRECTION('ref_axis',(-0.908602003139728,0.,-0.417663021933321));
#12495=DIRECTION('center_axis',(0.0247744194630503,-0.156388827964192,-0.987384809802265));
#12496=DIRECTION('ref_axis',(-0.999685370750884,0.,-0.0250830521800483));
#12497=DIRECTION('',(-0.987683595299625,-0.156464422716494,-1.20956355355404E-16));
#12498=DIRECTION('center_axis',(0.0717332736352175,-0.45281717323701,-0.888713083663799));
#12499=DIRECTION('ref_axis',(-0.996758303298549,0.,-0.0804542404438582));
#12500=DIRECTION('',(-0.280731451003185,-0.864154429679988,0.417644554713816));
#12501=DIRECTION('center_axis',(0.071717007236302,-0.452813442146289,-0.888716297523961));
#12502=DIRECTION('ref_axis',(-0.996759789505123,0.,-0.0804358255114214));
#12503=DIRECTION('',(-0.987688878594695,-0.156431068206907,-1.20957002372443E-16));
#12504=DIRECTION('center_axis',(0.111296902477625,-0.70271662821986,-0.702710708558079));
#12505=DIRECTION('ref_axis',(-0.987688674989806,0.,-0.156432353740786));
#12506=DIRECTION('',(-0.65780609626599,0.477935526412656,-0.582124361548249));
#12507=DIRECTION('center_axis',(0.111301613183053,-0.70271329534272,-0.70271329534272));
#12508=DIRECTION('ref_axis',(-0.987687740948148,0.,-0.156438251015359));
#12509=DIRECTION('center_axis',(0.702715495304903,-0.111333595682528,-0.702706028955768));
#12510=DIRECTION('ref_axis',(-0.70710201838614,0.,-0.707111543954875));
#12511=DIRECTION('',(-0.65782389017284,-0.477925664915024,-0.582112350267028));
#12512=DIRECTION('center_axis',(0.702698000427758,-0.111277357584614,-0.702732431216759));
#12513=DIRECTION('ref_axis',(-0.70712410395515,0.,-0.707089457993559));
#12514=DIRECTION('',(-0.156408314031469,-0.987692482153141,-1.91544941138673E-17));
#12515=DIRECTION('center_axis',(0.882254416283288,-0.139711426674898,-0.449564080198918));
#12516=DIRECTION('ref_axis',(-0.454016959231444,0.,-0.890993041908989));
#12517=DIRECTION('',(-0.436445314627608,-0.600704875864346,-0.669827693852986));
#12518=DIRECTION('center_axis',(0.88227049486109,-0.139783162013653,-0.449510224038378));
#12519=DIRECTION('ref_axis',(-0.453967211194594,0.,-0.891018389911344));
#12520=DIRECTION('center_axis',(0.111971124407923,-0.111954040385367,-0.987384808542352));
#12521=DIRECTION('ref_axis',(-0.993631385860612,0.,-0.112679496949181));
#12522=DIRECTION('center_axis',(-1.,0.,-1.22464679914735E-16));
#12523=DIRECTION('ref_axis',(-1.22464679914735E-16,0.,1.));
#12524=DIRECTION('',(1.22464679914735E-16,0.,-1.));
#12525=DIRECTION('center_axis',(0.,-1.,0.));
#12526=DIRECTION('ref_axis',(-1.22464679914735E-16,0.,1.));
#12527=DIRECTION('',(1.22464679914735E-16,0.,-1.));
#12528=DIRECTION('center_axis',(0.156443225274939,-0.987686953070443,1.91587695081242E-17));
#12529=DIRECTION('ref_axis',(-1.22464679914735E-16,0.,1.));
#12530=DIRECTION('',(1.22464679914735E-16,0.,-1.));
#12531=DIRECTION('center_axis',(0.45397122699038,-0.891016343882001,5.55954410038766E-17));
#12532=DIRECTION('ref_axis',(-1.22464679914735E-16,0.,1.));
#12533=DIRECTION('center_axis',(0.999789879177615,-7.74217209943309E-5,
-0.0204985731183158));
#12534=DIRECTION('ref_axis',(7.74379920966791E-5,0.999999997001679,-4.86580601421097E-15));
#12535=DIRECTION('',(0.013955257514271,0.735047129774675,0.677872383120689));
#12536=DIRECTION('',(0.0127335587459647,0.786001652668704,0.618093244166064));
#12537=DIRECTION('',(0.0114350226314427,0.83204850392544,0.554585004641177));
#12538=DIRECTION('',(0.0100638650003996,0.873034907315514,0.487553862901162));
#12539=DIRECTION('',(0.0086324646281329,0.908587671039764,0.417604986307613));
#12540=DIRECTION('',(0.00714643984622307,0.938570730812184,0.345012915207833));
#12541=DIRECTION('',(0.00561735004507774,0.962747873101749,0.270342335228003));
#12542=DIRECTION('',(0.00405358362535302,0.980992589142414,0.194002856956938));
#12543=DIRECTION('',(0.00246404430853418,0.993195942145221,0.116429158684207));
#12544=DIRECTION('',(0.000860111864314138,0.999270637617454,0.0381766028240855));
#12545=DIRECTION('',(-0.000749581210550759,0.999185985831825,-0.0403336564830518));
#12546=DIRECTION('',(-0.00235455679846398,0.9929404492303,-0.118590557569363));
#12547=DIRECTION('',(-0.00394489033706427,0.980573928666337,-0.196110194176883));
#12548=DIRECTION('',(-0.00551093729631616,0.96216195973619,-0.272422452831498));
#12549=DIRECTION('',(-0.00704270912515537,0.937823660596149,-0.347040605512117));
#12550=DIRECTION('',(-0.00853205761069043,0.907683945004964,-0.419567706065604));
#12551=DIRECTION('',(-0.00996768063429543,0.871972498112736,-0.489453376612938));
#12552=DIRECTION('',(-0.0113424799126965,0.830869245253665,-0.556352087657659));
#12553=DIRECTION('',(-0.0126473761717083,0.784640498912272,-0.61982201585832));
#12554=DIRECTION('',(-0.0138740688536006,0.733581893141831,-0.679459429449538));
#12555=DIRECTION('',(-0.0150147630671348,0.678025081968894,-0.73488539590273));
#12556=DIRECTION('',(-0.0160635774054246,0.618254085311799,-0.785814130361761));
#12557=DIRECTION('',(-0.0170130763003318,0.554687877458499,-0.831884555593734));
#12558=DIRECTION('',(-0.0178586236251188,0.487622924245208,-0.872871670586673));
#12559=DIRECTION('',(-0.0185923457396419,0.41770191459307,-0.908393876699519));
#12560=DIRECTION('',(0.0203902646209032,-0.0989739246652726,0.99488109809416));
#12561=DIRECTION('center_axis',(-0.999789879177616,7.7421720756958E-5,0.0204985731182929));
#12562=DIRECTION('ref_axis',(7.74379918593561E-5,0.999999997001679,0.));
#12563=DIRECTION('center_axis',(0.999789879177615,-7.74217209943309E-5,
-0.0204985731183158));
#12564=DIRECTION('ref_axis',(7.74379920966791E-5,0.999999997001679,-4.86580601421097E-15));
#12565=DIRECTION('',(0.0150901457432099,0.679592665596219,0.733434452674044));
#12566=DIRECTION('center_axis',(-0.999789879177616,7.7421720756958E-5,0.0204985731182929));
#12567=DIRECTION('ref_axis',(7.74379918593561E-5,0.999999997001679,0.));
#12568=DIRECTION('center_axis',(-0.999789879177615,7.74217209957109E-5,
0.0204985731183171));
#12569=DIRECTION('ref_axis',(7.74379920980589E-5,0.999999997001679,-4.89409584124082E-15));
#12570=DIRECTION('',(0.999789879177615,-7.74217209957109E-5,-0.0204985731183171));
#12571=DIRECTION('',(-0.999789879177615,7.74217209957109E-5,0.0204985731183171));
#12572=DIRECTION('center_axis',(-0.999789879177616,7.7421720756958E-5,0.0204985731182929));
#12573=DIRECTION('ref_axis',(7.74379920980589E-5,0.999999997001679,-4.89409584124082E-15));
#12574=DIRECTION('center_axis',(-0.999789879177615,7.74217209957109E-5,
0.0204985731183171));
#12575=DIRECTION('ref_axis',(7.74379920980589E-5,0.999999997001679,-4.89409584124082E-15));
#12576=DIRECTION('',(-0.999789879177615,7.74217209957109E-5,0.0204985731183171));
#12577=DIRECTION('center_axis',(-0.999789879177616,7.7421720756958E-5,0.0204985731182929));
#12578=DIRECTION('ref_axis',(7.74379920980589E-5,0.999999997001679,-4.89409584124082E-15));
#12579=DIRECTION('',(0.999789879177615,-7.74217209957109E-5,-0.0204985731183171));
#12580=DIRECTION('center_axis',(0.0138738961889911,-0.733589669279566,0.679451037331487));
#12581=DIRECTION('ref_axis',(0.999789879177616,-7.7421720756958E-5,-0.0204985731182929));
#12582=DIRECTION('',(0.0150901457430318,0.679592665596219,0.733434452674048));
#12583=DIRECTION('',(0.999789879177616,-7.7421720756958E-5,-0.0204985731182929));
#12584=DIRECTION('',(0.0150901457430318,0.679592665596219,0.733434452674048));
#12585=DIRECTION('',(0.999789879177616,-7.7421720756958E-5,-0.0204985731182929));
#12586=DIRECTION('',(0.0150901457430318,0.679592665596219,0.733434452674048));
#12587=DIRECTION('center_axis',(-0.012435003863348,0.792692952653072,-0.609494260426686));
#12588=DIRECTION('ref_axis',(-0.999789879177616,7.7421720756958E-5,0.0204985731182929));
#12589=DIRECTION('',(0.0162962625447482,0.609621092827366,0.792525428618566));
#12590=DIRECTION('',(0.999789879177616,-7.7421720756958E-5,-0.0204985731182929));
#12591=DIRECTION('',(0.0162962625447482,0.609621092827366,0.792525428618566));
#12592=DIRECTION('',(0.999789879177616,-7.7421720756958E-5,-0.0204985731182929));
#12593=DIRECTION('center_axis',(0.0178582226234016,-0.487657712555095,0.872852243664565));
#12594=DIRECTION('ref_axis',(0.999789879177616,-7.7421720756958E-5,-0.0204985731182929));
#12595=DIRECTION('',(0.999789879177616,-7.7421720756958E-5,-0.0204985731182929));
#12596=DIRECTION('',(0.0100638650001812,0.873034907315514,0.487553862901166));
#12597=DIRECTION('',(0.999789879177616,-7.7421720756958E-5,-0.0204985731182929));
#12598=DIRECTION('center_axis',(-0.00779350990458588,0.923464111346518,
-0.383605652015652));
#12599=DIRECTION('ref_axis',(-0.999789879177616,7.7421720756958E-5,0.0204985731182929));
#12600=DIRECTION('',(0.999789879177616,-7.7421720756958E-5,-0.0204985731182929));
#12601=DIRECTION('',(0.0189593960182271,0.383684804313207,0.923269468921051));
#12602=DIRECTION('',(0.0189593960182271,0.383684804313207,0.923269468921051));
#12603=DIRECTION('center_axis',(0.0170128701703165,-0.55470287643144,0.831874558528661));
#12604=DIRECTION('ref_axis',(0.999789879177616,-7.7421720756958E-5,-0.0204985731182929));
#12605=DIRECTION('',(0.999789879177616,-7.7421720756958E-5,-0.0204985731182929));
#12606=DIRECTION('',(0.0114350226312325,0.83204850392544,0.554585004641182));
#12607=DIRECTION('center_axis',(-0.00262089827185584,0.991302778854595,
-0.131574813423417));
#12608=DIRECTION('ref_axis',(-0.999789879177616,7.7421720756958E-5,0.0204985731182929));
#12609=DIRECTION('',(0.999789879177616,-7.7421720756958E-5,-0.0204985731182929));
#12610=DIRECTION('',(0.0203304792431813,0.131600891490276,0.991094282585016));
#12611=DIRECTION('',(0.0203304792431813,0.131600891490276,0.991094282585016));
#12612=DIRECTION('center_axis',(0.0160640585057768,-0.6182243896903,0.785837483209079));
#12613=DIRECTION('ref_axis',(0.999789879177616,-7.7421720756958E-5,-0.0204985731182929));
#12614=DIRECTION('',(0.999789879177616,-7.7421720756958E-5,-0.0204985731182929));
#12615=DIRECTION('',(0.012733558745764,0.786001652668704,0.618093244166068));
#12616=DIRECTION('center_axis',(0.000860576427606347,0.999269771181053,
0.0381992645476182));
#12617=DIRECTION('ref_axis',(-0.999789879177616,7.7421720756958E-5,0.0204985731182929));
#12618=DIRECTION('',(0.999789879177616,-7.7421720756958E-5,-0.0204985731182929));
#12619=DIRECTION('',(-0.0204806470166616,0.0382088786755622,-0.999059870422256));
#12620=DIRECTION('',(-0.0204806470166616,0.0382088786755622,-0.999059870422256));
#12621=DIRECTION('center_axis',(0.0150149352887226,-0.678016010884617,0.734893761507326));
#12622=DIRECTION('ref_axis',(0.999789879177616,-7.7421720756958E-5,-0.0204985731182929));
#12623=DIRECTION('',(0.013955257514081,0.735047129774675,0.677872383120693));
#12624=DIRECTION('',(0.013955257514081,0.735047129774675,0.677872383120693));
#12625=DIRECTION('center_axis',(0.00246425733098814,0.993194723048419,0.116439553179239));
#12626=DIRECTION('ref_axis',(-0.999789879177616,7.7421720756958E-5,0.0204985731182929));
#12627=DIRECTION('',(0.999789879177616,-7.7421720756958E-5,-0.0204985731182929));
#12628=DIRECTION('',(-0.0203500597005393,0.116465600563649,-0.992986222943467));
#12629=DIRECTION('',(-0.0203500597005393,0.116465600563649,-0.992986222943467));
#12630=DIRECTION('center_axis',(0.00405368056990793,0.980991652943754,0.194007588842599));
#12631=DIRECTION('ref_axis',(-0.999789879177616,7.7421720756958E-5,0.0204985731182929));
#12632=DIRECTION('',(0.999789879177616,-7.7421720756958E-5,-0.0204985731182929));
#12633=DIRECTION('',(-0.0200939087249344,0.194049918476044,-0.98078584001381));
#12634=DIRECTION('',(-0.0200939087249344,0.194049918476044,-0.98078584001381));
#12635=DIRECTION('center_axis',(0.0056175036779718,0.962745765814179,0.270349836432905));
#12636=DIRECTION('ref_axis',(-0.999789879177616,7.7421720756958E-5,0.0204985731182929));
#12637=DIRECTION('',(0.999789879177616,-7.7421720756958E-5,-0.0204985731182929));
#12638=DIRECTION('',(-0.0197139835253258,0.270408181112827,-0.96254390779892));
#12639=DIRECTION('',(-0.0197139835253258,0.270408181112827,-0.96254390779892));
#12640=DIRECTION('center_axis',(0.0071465092601071,0.938569484027526,0.345016305495404));
#12641=DIRECTION('ref_axis',(-0.999789879177616,7.7421720756958E-5,0.0204985731182929));
#12642=DIRECTION('',(0.999789879177616,-7.7421720756958E-5,-0.0204985731182929));
#12643=DIRECTION('',(-0.019212623438876,0.345090303628167,-0.938372824330722));
#12644=DIRECTION('',(-0.019212623438876,0.345090303628167,-0.938372824330722));
#12645=DIRECTION('',(0.999789879177616,-7.7421720756958E-5,-0.0204985731182929));
#12646=DIRECTION('center_axis',(0.00863262265499615,0.908584120789683,0.417612707271865));
#12647=DIRECTION('ref_axis',(-0.999789879177616,7.7421720756958E-5,0.0204985731182929));
#12648=DIRECTION('',(0.999789879177616,-7.7421720756958E-5,-0.0204985731182929));
#12649=DIRECTION('',(-0.0185923457397202,0.417701914593071,-0.908393876699517));
#12650=DIRECTION('center_axis',(0.010063153393533,0.873054338375585,0.487519081869981));
#12651=DIRECTION('ref_axis',(-0.999789879177616,7.7421720756958E-5,0.0204985731182929));
#12652=DIRECTION('',(0.999789879177616,-7.7421720756958E-5,-0.0204985731182929));
#12653=DIRECTION('',(-0.0178586236252145,0.487622924245208,-0.87287167058667));
#12654=DIRECTION('center_axis',(0.011434715947679,0.832058503115293,0.554570008803879));
#12655=DIRECTION('ref_axis',(-0.999789879177616,7.7421720756958E-5,0.0204985731182929));
#12656=DIRECTION('',(0.999789879177616,-7.7421720756958E-5,-0.0204985731182929));
#12657=DIRECTION('',(-0.0170130763004443,0.5546878774585,-0.831884555593731));
#12658=DIRECTION('center_axis',(0.012734165655615,0.785978294866434,0.618122933585147));
#12659=DIRECTION('ref_axis',(-0.999789879177616,7.7421720756958E-5,0.0204985731182929));
#12660=DIRECTION('',(0.999789879177616,-7.7421720756958E-5,-0.0204985731182929));
#12661=DIRECTION('',(-0.0160635774055532,0.6182540853118,-0.785814130361758));
#12662=DIRECTION('center_axis',(0.0139554428106858,0.73503876239757,0.67788145231228));
#12663=DIRECTION('ref_axis',(-0.999789879177616,7.7421720756958E-5,0.0204985731182929));
#12664=DIRECTION('',(0.999789879177616,-7.7421720756958E-5,-0.0204985731182929));
#12665=DIRECTION('',(-0.0150147630672788,0.678025081968894,-0.734885395902727));
#12666=DIRECTION('center_axis',(0.0150899869930361,0.679601059490289,0.733426678156874));
#12667=DIRECTION('ref_axis',(-0.999789879177616,7.7421720756958E-5,0.0204985731182929));
#12668=DIRECTION('',(0.999789879177616,-7.7421720756958E-5,-0.0204985731182929));
#12669=DIRECTION('',(-0.013874068853759,0.733581893141832,-0.679459429449535));
#12670=DIRECTION('center_axis',(0.156358846103181,-0.987697997035481,-0.00213960215502664));
#12671=DIRECTION('ref_axis',(0.987487578052181,0.156369759952914,-0.0204152238514783));
#12672=DIRECTION('',(-0.987487578052181,-0.156369759952914,0.0204152238514783));
#12673=DIRECTION('',(0.0204986447825124,0.0010792702942928,0.999789298171226));
#12674=DIRECTION('',(0.978790161076168,0.154657636034993,0.134353400390751));
#12675=DIRECTION('center_axis',(0.45381181778829,-0.891058491454353,-0.00834259209005443));
#12676=DIRECTION('ref_axis',(0.890861739888838,0.453887210640182,-0.018755277110902));
#12677=DIRECTION('',(-0.890861739888838,-0.453887210640182,0.018755277110902));
#12678=DIRECTION('',(0.0204986447825124,0.0010792702942928,0.999789298171226));
#12679=DIRECTION('',(0.819651417642374,0.413734846329049,0.396225984117555));
#12680=DIRECTION('center_axis',(0.706952444863485,-0.70712777678383,-0.0137312782470712));
#12681=DIRECTION('ref_axis',(0.70696396390737,0.707084961285693,-0.0152581538853583));
#12682=DIRECTION('',(-0.70696396390737,-0.707084961285693,0.0152581538853583));
#12683=DIRECTION('',(0.0204986447825124,0.0010792702942928,0.999789298171226));
#12684=DIRECTION('',(0.589077257203876,0.577964624028944,0.564752050386928));
#12685=DIRECTION('center_axis',(0.890790248636575,-0.454066987730208,-0.0177736768172603));
#12686=DIRECTION('ref_axis',(0.453952132384098,0.890966893789689,-0.0102691613427461));
#12687=DIRECTION('',(-0.453952132384098,-0.890966893789689,0.0102691613427461));
#12688=DIRECTION('',(0.0204986447825124,0.0010792702942928,0.999789298171226));
#12689=DIRECTION('',(0.35256414492705,0.665926866236622,0.657449566534293));
#12690=DIRECTION('center_axis',(0.999789879177616,-7.7421720756958E-5,-0.0204985731182929));
#12691=DIRECTION('ref_axis',(5.52819068168822E-5,0.999999414590583,-0.00108063055748326));
#12692=DIRECTION('',(0.0204986447825124,0.0010792702942928,0.999789298171226));
#12693=DIRECTION('',(-5.52819068168822E-5,-0.999999414590583,0.00108063055748326));
#12694=DIRECTION('',(0.0204986447825124,0.0010792702942928,0.999789298171226));
#12695=DIRECTION('',(-0.0203160688692489,0.129452966013434,-0.991377419016605));
#12696=DIRECTION('',(-0.0189171890062804,0.38167835250535,-0.924101604364424));
#12697=DIRECTION('',(-0.016228933447001,0.60790998925125,-0.793840076267077));
#12698=DIRECTION('',(-0.0124350109346476,0.792692688125222,-0.60949460432055));
#12699=DIRECTION('',(-0.00779338766207225,0.923466585168406,-0.383599699147631));
#12700=DIRECTION('',(-0.00262082570242392,0.99130324859617,-0.131571275722772));
#12701=DIRECTION('',(0.00273044360983163,0.991584997271107,0.129428504837815));
#12702=DIRECTION('',(0.00789553537405448,0.924292619706883,0.381602952919057));
#12703=DIRECTION('',(0.0125226572552043,0.794009336636138,0.607776567819053));
#12704=DIRECTION('',(0.0162963798010038,0.609613618031232,0.792531175863923));
#12705=DIRECTION('',(0.0189593977884857,0.383684594552675,0.923269556055244));
#12706=DIRECTION('',(0.0203304824061869,0.131599695140469,0.99109444137482));
#12707=DIRECTION('',(0.0204986447825124,0.0010792702942928,0.999789298171226));
#12708=DIRECTION('',(5.52819068168822E-5,0.999999414590583,-0.00108063055748326));
#12709=DIRECTION('',(0.0203305803801403,0.131562632616898,0.991099359903092));
#12710=DIRECTION('',(0.0189592579992116,0.383701157970899,0.923262675465607));
#12711=DIRECTION('',(0.016296258511793,0.609621349915671,0.792525230945685));
#12712=DIRECTION('',(0.0125229108989511,0.793999835501425,0.607788974831172));
#12713=DIRECTION('',(0.00789545080679479,0.92429432598093,0.381598821822101));
#12714=DIRECTION('',(0.00273045699407726,0.991584911984258,0.129429157958221));
#12715=DIRECTION('',(-0.00262083909617717,0.991303161899438,-0.131571928657327));
#12716=DIRECTION('',(-0.00779330290566744,0.923468300357481,-0.383595571748015));
#12717=DIRECTION('',(-0.0124348334210502,0.792699328599605,-0.60948597141815));
#12718=DIRECTION('',(-0.0162293140211786,0.607885858155597,-0.793858547110778));
#12719=DIRECTION('',(-0.0189169447550081,0.381706945137467,-0.924089799334977));
#12720=DIRECTION('',(-0.0203160537301967,0.1294584639612,-0.991376701395407));
#12721=DIRECTION('',(-0.0203902646209038,0.0989739246652733,-0.99488109809416));
#12722=DIRECTION('',(0.0125227940729114,0.794004211677366,0.607783260272288));
#12723=DIRECTION('',(0.00789556188633796,0.924292084776479,0.381604248039836));
#12724=DIRECTION('',(0.00273036250257406,0.991585514091943,0.129424546990216));
#12725=DIRECTION('',(-0.00262074453755233,0.991303773960765,-0.131567319001391));
#12726=DIRECTION('',(-0.0077934849151946,0.923464617060514,-0.383604435102302));
#12727=DIRECTION('',(-0.0124348852403554,0.792697390145117,-0.609488491512498));
#12728=DIRECTION('',(-0.0162289551415626,0.607908613703176,-0.793841129194309));
#12729=DIRECTION('',(-0.0189171556453449,0.381682257961924,-0.92409999198105));
#12730=DIRECTION('',(-0.0203160736173428,0.12945124163257,-0.991377644085522));
#12731=DIRECTION('',(0.0204850150398075,0.0403334155203563,0.998976265859846));
#12732=DIRECTION('',(0.020363130808547,0.118577242095237,0.992736007486765));
#12733=DIRECTION('',(0.0201154806715329,0.196166975480918,0.980364159467298));
#12734=DIRECTION('',(0.019743823948957,0.272515668116963,0.961948747099677));
#12735=DIRECTION('',(0.0192508899146309,0.347115438841593,0.937624805215446));
#12736=DIRECTION('',(0.0204013237039615,0.101122924847194,0.994664737517861));
#12737=DIRECTION('center_axis',(-5.52819068168822E-5,-0.999999414590583,
0.00108063055748326));
#12738=DIRECTION('ref_axis',(0.999789879177616,-7.7421720756958E-5,-0.0204985731182929));
#12739=DIRECTION('',(0.0204986447825124,0.0010792702942928,0.999789298171226));
#12740=DIRECTION('',(0.999789879177616,-7.7421720756958E-5,-0.0204985731182929));
#12741=DIRECTION('',(0.0204986447825124,0.0010792702942928,0.999789298171226));
#12742=DIRECTION('',(0.999789879177616,-7.7421720756958E-5,-0.0204985731182929));
#12743=DIRECTION('center_axis',(0.00789557221427958,0.924291876392119,0.381604752558122));
#12744=DIRECTION('ref_axis',(-0.999789879177616,7.7421720756958E-5,0.0204985731182929));
#12745=DIRECTION('',(0.999789879177616,-7.7421720756958E-5,-0.0204985731182929));
#12746=DIRECTION('',(-0.0189171201142758,0.381686417418034,-0.924098274711715));
#12747=DIRECTION('',(0.999789879177616,-7.7421720756958E-5,-0.0204985731182929));
#12748=DIRECTION('',(-0.0189171201142758,0.381686417418034,-0.924098274711715));
#12749=DIRECTION('center_axis',(0.0197140273024703,-0.27040067833483,0.96254601463181));
#12750=DIRECTION('ref_axis',(0.999789879177616,-7.7421720756958E-5,-0.0204985731182929));
#12751=DIRECTION('',(0.999789879177616,-7.7421720756958E-5,-0.0204985731182929));
#12752=DIRECTION('',(0.00561735004484315,0.962747873101749,0.270342335228008));
#12753=DIRECTION('',(0.999789879177616,-7.7421720756958E-5,-0.0204985731182929));
#12754=DIRECTION('center_axis',(0.0124350091485956,-0.792692754939057,0.60949451746066));
#12755=DIRECTION('ref_axis',(0.999789879177616,-7.7421720756958E-5,-0.0204985731182929));
#12756=DIRECTION('',(0.999789879177616,-7.7421720756958E-5,-0.0204985731182929));
#12757=DIRECTION('',(0.999789879177616,-7.7421720756958E-5,-0.0204985731182929));
#12758=DIRECTION('',(0.016296258511793,0.609621349915671,0.792525230945685));
#12759=DIRECTION('center_axis',(-0.00789548708431835,-0.924293594028956,
-0.38160059397325));
#12760=DIRECTION('ref_axis',(0.999789879177616,-7.7421720756958E-5,-0.0204985731182929));
#12761=DIRECTION('',(0.999789879177616,-7.7421720756958E-5,-0.0204985731182929));
#12762=DIRECTION('',(0.999789879177616,-7.7421720756958E-5,-0.0204985731182929));
#12763=DIRECTION('',(-0.0189171556453449,0.381682257961924,-0.92409999198105));
#12764=DIRECTION('center_axis',(0.999789879177616,-7.7421720756958E-5,-0.0204985731182929));
#12765=DIRECTION('ref_axis',(5.52819068168822E-5,0.999999414590583,-0.00108063055748326));
#12766=DIRECTION('',(-0.0203902646209038,0.0989739246652733,-0.99488109809416));
#12767=DIRECTION('',(-0.0203160537301967,0.1294584639612,-0.991376701395407));
#12768=DIRECTION('',(-0.0189169447550081,0.381706945137467,-0.924089799334977));
#12769=DIRECTION('',(-0.0162293140211786,0.607885858155597,-0.793858547110778));
#12770=DIRECTION('',(-0.0124348334210502,0.792699328599605,-0.60948597141815));
#12771=DIRECTION('',(-0.00779330290566744,0.923468300357481,-0.383595571748015));
#12772=DIRECTION('',(-0.00262083909617717,0.991303161899438,-0.131571928657327));
#12773=DIRECTION('',(0.00273045699407726,0.991584911984258,0.129429157958221));
#12774=DIRECTION('',(0.00789545080679479,0.92429432598093,0.381598821822101));
#12775=DIRECTION('',(0.0125229108989511,0.793999835501425,0.607788974831172));
#12776=DIRECTION('',(0.0189592579992116,0.383701157970899,0.923262675465607));
#12777=DIRECTION('',(0.0203305803801403,0.131562632616898,0.991099359903092));
#12778=DIRECTION('',(0.0204013237039615,0.101122924847194,0.994664737517861));
#12779=DIRECTION('',(0.0186388878009425,0.419635458107228,0.907501335624736));
#12780=DIRECTION('',(0.0179120778798856,0.489555594918084,0.87178809176911));
#12781=DIRECTION('',(0.017074503960095,0.556482616240983,0.830683790100727));
#12782=DIRECTION('',(0.0161323493693467,0.619929252206277,0.784491854363569));
#12783=DIRECTION('center_axis',(0.0179120863323521,0.489554855497227,0.87178850681935));
#12784=DIRECTION('ref_axis',(0.999789879177616,-7.7421720756958E-5,-0.0204985731182929));
#12785=DIRECTION('',(0.999789879177616,-7.7421720756958E-5,-0.0204985731182929));
#12786=DIRECTION('',(-0.00996768063449106,0.871972498112737,-0.489453376612934));
#12787=DIRECTION('',(0.999789879177616,-7.7421720756958E-5,-0.0204985731182929));
#12788=DIRECTION('center_axis',(0.0189171385110176,-0.381684263804071,0.924099163853587));
#12789=DIRECTION('ref_axis',(0.999789879177616,-7.7421720756958E-5,-0.0204985731182929));
#12790=DIRECTION('',(0.00789552813710518,0.924292765724271,0.381602599395254));
#12791=DIRECTION('',(0.999789879177616,-7.7421720756958E-5,-0.0204985731182929));
#12792=DIRECTION('',(0.00789552813710518,0.924292765724271,0.381602599395254));
#12793=DIRECTION('',(0.999789879177616,-7.7421720756958E-5,-0.0204985731182929));
#12794=DIRECTION('center_axis',(0.0203304868717105,0.131598006117319,0.991094665553955));
#12795=DIRECTION('ref_axis',(0.999789879177616,-7.7421720756958E-5,-0.0204985731182929));
#12796=DIRECTION('',(0.999789879177616,-7.7421720756958E-5,-0.0204985731182929));
#12797=DIRECTION('',(0.999789879177616,-7.7421720756958E-5,-0.0204985731182929));
#12798=DIRECTION('center_axis',(-0.016296353060364,-0.609615322693745,-0.792529865187384));
#12799=DIRECTION('ref_axis',(0.999789879177616,-7.7421720756958E-5,-0.0204985731182929));
#12800=DIRECTION('',(-0.0124348852403554,0.792697390145117,-0.609488491512498));
#12801=DIRECTION('',(0.999789879177616,-7.7421720756958E-5,-0.0204985731182929));
#12802=DIRECTION('',(0.999789879177616,-7.7421720756958E-5,-0.0204985731182929));
#12803=DIRECTION('center_axis',(0.0204850096904365,0.0403405468872344,0.9989759780169));
#12804=DIRECTION('ref_axis',(0.999789879177616,-7.7421720756958E-5,-0.0204985731182929));
#12805=DIRECTION('',(0.999789879177616,-7.7421720756958E-5,-0.0204985731182929));
#12806=DIRECTION('',(-0.000749581210786927,0.999185985831825,-0.040333656483047));
#12807=DIRECTION('',(0.999789879177616,-7.7421720756958E-5,-0.0204985731182929));
#12808=DIRECTION('center_axis',(0.0113427866296401,-0.830859249107494,0.556367009593493));
#12809=DIRECTION('ref_axis',(0.999789879177616,-7.7421720756958E-5,-0.0204985731182929));
#12810=DIRECTION('',(0.999789879177616,-7.7421720756958E-5,-0.0204985731182929));
#12811=DIRECTION('',(0.999789879177616,-7.7421720756958E-5,-0.0204985731182929));
#12812=DIRECTION('',(0.017074503960095,0.556482616240983,0.830683790100727));
#12813=DIRECTION('center_axis',(0.00235380493729765,-0.992944828106257,
0.118553903096239));
#12814=DIRECTION('ref_axis',(0.999789879177616,-7.7421720756958E-5,-0.0204985731182929));
#12815=DIRECTION('',(0.999789879177616,-7.7421720756958E-5,-0.0204985731182929));
#12816=DIRECTION('',(0.999789879177616,-7.7421720756958E-5,-0.0204985731182929));
#12817=DIRECTION('',(0.020363130808547,0.118577242095237,0.992736007486765));
#12818=DIRECTION('center_axis',(0.0204806665318812,-0.0381862121908448,
0.999060736640634));
#12819=DIRECTION('ref_axis',(0.999789879177616,-7.7421720756958E-5,-0.0204985731182929));
#12820=DIRECTION('',(0.999789879177616,-7.7421720756958E-5,-0.0204985731182929));
#12821=DIRECTION('',(0.000860111864076158,0.999270637617454,0.0381766028240903));
#12822=DIRECTION('center_axis',(-0.0203160678925175,0.129453320733364,-0.99137737271762));
#12823=DIRECTION('ref_axis',(-0.999789879177616,7.7421720756958E-5,0.0204985731182929));
#12824=DIRECTION('',(0.999789879177616,-7.7421720756958E-5,-0.0204985731182929));
#12825=DIRECTION('',(0.00273036250257406,0.991585514091943,0.129424546990216));
#12826=DIRECTION('',(0.999789879177616,-7.7421720756958E-5,-0.0204985731182929));
#12827=DIRECTION('center_axis',(0.0124349978230689,-0.79269317861164,0.60949396667376));
#12828=DIRECTION('ref_axis',(0.999789879177616,-7.7421720756958E-5,-0.0204985731182929));
#12829=DIRECTION('',(0.0162962671538336,0.609620799012347,0.792525654530123));
#12830=DIRECTION('',(0.999789879177616,-7.7421720756958E-5,-0.0204985731182929));
#12831=DIRECTION('',(0.0162962671538336,0.609620799012347,0.792525654530123));
#12832=DIRECTION('',(0.999789879177616,-7.7421720756958E-5,-0.0204985731182929));
#12833=DIRECTION('center_axis',(0.0203304878605176,0.131597632111493,0.991094715194265));
#12834=DIRECTION('ref_axis',(0.999789879177616,-7.7421720756958E-5,-0.0204985731182929));
#12835=DIRECTION('',(-0.0026208314257482,0.991303211549587,-0.131571554730163));
#12836=DIRECTION('',(0.999789879177616,-7.7421720756958E-5,-0.0204985731182929));
#12837=DIRECTION('',(-0.0026208314257482,0.991303211549587,-0.131571554730163));
#12838=DIRECTION('',(0.999789879177616,-7.7421720756958E-5,-0.0204985731182929));
#12839=DIRECTION('center_axis',(0.00262011362644774,-0.991307857178984,
0.131536562596855));
#12840=DIRECTION('ref_axis',(0.999789879177616,-7.7421720756958E-5,-0.0204985731182929));
#12841=DIRECTION('',(0.999789879177616,-7.7421720756958E-5,-0.0204985731182929));
#12842=DIRECTION('',(0.999789879177616,-7.7421720756958E-5,-0.0204985731182929));
#12843=DIRECTION('center_axis',(0.0019958670133609,-0.994873935770872,0.10110325632065));
#12844=DIRECTION('ref_axis',(0.999789879177616,-7.7421720756958E-5,-0.0204985731182929));
#12845=DIRECTION('',(0.999789879177616,-7.7421720756958E-5,-0.0204985731182929));
#12846=DIRECTION('center_axis',(-0.0189171244249186,0.38168591279405,-0.92409848305149));
#12847=DIRECTION('ref_axis',(-0.999789879177616,7.7421720756958E-5,0.0204985731182929));
#12848=DIRECTION('',(0.999789879177616,-7.7421720756958E-5,-0.0204985731182929));
#12849=DIRECTION('',(0.00789556188633796,0.924292084776479,0.381604248039836));
#12850=DIRECTION('center_axis',(0.00262084998926339,-0.991303091389008,
0.131572459686402));
#12851=DIRECTION('ref_axis',(0.999789879177616,-7.7421720756958E-5,-0.0204985731182929));
#12852=DIRECTION('',(0.0203304854674605,0.131598537258107,0.991094595057497));
#12853=DIRECTION('',(0.999789879177616,-7.7421720756958E-5,-0.0204985731182929));
#12854=DIRECTION('',(0.0203304854674605,0.131598537258107,0.991094595057497));
#12855=DIRECTION('center_axis',(0.00853166780604599,-0.907692721302212,
0.419548727014435));
#12856=DIRECTION('ref_axis',(0.999789879177616,-7.7421720756958E-5,-0.0204985731182929));
#12857=DIRECTION('',(0.999789879177616,-7.7421720756958E-5,-0.0204985731182929));
#12858=DIRECTION('',(0.999789879177616,-7.7421720756958E-5,-0.0204985731182929));
#12859=DIRECTION('',(0.0186388878009425,0.419635458107228,0.907501335624736));
#12860=DIRECTION('center_axis',(0.0126469283952343,-0.784657706433094,0.619800241156231));
#12861=DIRECTION('ref_axis',(0.999789879177616,-7.7421720756958E-5,-0.0204985731182929));
#12862=DIRECTION('',(0.0161323493693467,0.619929252206277,0.784491854363569));
#12863=DIRECTION('center_axis',(-0.0189594062904269,-0.383683587143308,
-0.923269974530721));
#12864=DIRECTION('ref_axis',(-0.999789879177616,7.7421720756958E-5,0.0204985731182929));
#12865=DIRECTION('',(-0.0077934849151946,0.923464617060514,-0.383604435102302));
#12866=DIRECTION('',(0.999789879177616,-7.7421720756958E-5,-0.0204985731182929));
#12867=DIRECTION('center_axis',(0.0192126492586644,-0.34508691263008,0.93837407084803));
#12868=DIRECTION('ref_axis',(0.999789879177616,-7.7421720756958E-5,-0.0204985731182929));
#12869=DIRECTION('',(0.999789879177616,-7.7421720756958E-5,-0.0204985731182929));
#12870=DIRECTION('',(0.00714643984599245,0.938570730812184,0.345012915207837));
#12871=DIRECTION('center_axis',(-0.0203304990612069,-0.131593395491651,
-0.991095277493996));
#12872=DIRECTION('ref_axis',(-0.999789879177616,7.7421720756958E-5,0.0204985731182929));
#12873=DIRECTION('',(-0.00262074453755233,0.991303773960765,-0.131567319001391));
#12874=DIRECTION('center_axis',(0.0189594811065429,0.383674721920461,0.923273657067842));
#12875=DIRECTION('ref_axis',(0.999789879177616,-7.7421720756958E-5,-0.0204985731182929));
#12876=DIRECTION('',(0.999789879177616,-7.7421720756958E-5,-0.0204985731182929));
#12877=DIRECTION('center_axis',(0.0186387093687624,0.419654441160942,0.907492561141393));
#12878=DIRECTION('ref_axis',(0.999789879177616,-7.7421720756958E-5,-0.0204985731182929));
#12879=DIRECTION('',(0.999789879177616,-7.7421720756958E-5,-0.0204985731182929));
#12880=DIRECTION('',(-0.00853205761089615,0.907683945004964,-0.4195677060656));
#12881=DIRECTION('center_axis',(0.00789599234705909,0.924283399201619,0.38162527597783));
#12882=DIRECTION('ref_axis',(-0.999789879177616,7.7421720756958E-5,0.0204985731182929));
#12883=DIRECTION('',(0.999789879177616,-7.7421720756958E-5,-0.0204985731182929));
#12884=DIRECTION('',(0.999789879177616,-7.7421720756958E-5,-0.0204985731182929));
#12885=DIRECTION('center_axis',(0.0162964113713158,0.609611605476919,0.792532723264011));
#12886=DIRECTION('ref_axis',(-0.999789879177616,7.7421720756958E-5,0.0204985731182929));
#12887=DIRECTION('',(-0.0124348088214372,0.792700248816493,-0.609484775081252));
#12888=DIRECTION('',(0.999789879177616,-7.7421720756958E-5,-0.0204985731182929));
#12889=DIRECTION('',(-0.0124348088214372,0.792700248816493,-0.609484775081252));
#12890=DIRECTION('',(0.999789879177616,-7.7421720756958E-5,-0.0204985731182929));
#12891=DIRECTION('center_axis',(0.0185924191125513,-0.41769419201183,0.908397426191383));
#12892=DIRECTION('ref_axis',(0.999789879177616,-7.7421720756958E-5,-0.0204985731182929));
#12893=DIRECTION('',(0.0086324646279077,0.908587671039764,0.417604986307618));
#12894=DIRECTION('center_axis',(0.00779384565719487,-0.923457316489327,
0.383622002226414));
#12895=DIRECTION('ref_axis',(0.999789879177616,-7.7421720756958E-5,-0.0204985731182929));
#12896=DIRECTION('center_axis',(0.0203630438856904,0.118613904278574,0.99273162947269));
#12897=DIRECTION('ref_axis',(0.999789879177616,-7.7421720756958E-5,-0.0204985731182929));
#12898=DIRECTION('',(-0.00235455679869689,0.9929404492303,-0.118590557569358));
#12899=DIRECTION('',(0.999789879177616,-7.7421720756958E-5,-0.0204985731182929));
#12900=DIRECTION('center_axis',(0.0203160562233446,-0.129457558557323,0.991376819575638));
#12901=DIRECTION('ref_axis',(0.999789879177616,-7.7421720756958E-5,-0.0204985731182929));
#12902=DIRECTION('',(0.00273044932909308,0.991584960826986,0.129428783924623));
#12903=DIRECTION('',(0.00273044932909308,0.991584960826986,0.129428783924623));
#12904=DIRECTION('center_axis',(0.0161319983255578,0.619951031511827,0.784474650423738));
#12905=DIRECTION('ref_axis',(-0.999789879177616,7.7421720756958E-5,0.0204985731182929));
#12906=DIRECTION('',(0.999789879177616,-7.7421720756958E-5,-0.0204985731182929));
#12907=DIRECTION('',(-0.0126473761718803,0.784640498912272,-0.619822015858317));
#12908=DIRECTION('center_axis',(0.0162290121877708,-0.60790499665335,0.793843897883771));
#12909=DIRECTION('ref_axis',(0.999789879177616,-7.7421720756958E-5,-0.0204985731182929));
#12910=DIRECTION('',(0.0125226457834609,0.794009766344072,0.607776006677471));
#12911=DIRECTION('',(0.0125226457834609,0.794009766344072,0.607776006677471));
#12912=DIRECTION('center_axis',(0.00394524161009547,-0.98057050319523,0.196127314089833));
#12913=DIRECTION('ref_axis',(0.999789879177616,-7.7421720756958E-5,-0.0204985731182929));
#12914=DIRECTION('',(0.999789879177616,-7.7421720756958E-5,-0.0204985731182929));
#12915=DIRECTION('',(0.0201154806715329,0.196166975480918,0.980364159467298));
#12916=DIRECTION('center_axis',(0.00273046787943096,0.991584842620481,0.129429689138449));
#12917=DIRECTION('ref_axis',(-0.999789879177616,7.7421720756958E-5,0.0204985731182929));
#12918=DIRECTION('',(0.999789879177616,-7.7421720756958E-5,-0.0204985731182929));
#12919=DIRECTION('center_axis',(0.02031605519318,-0.12945793266945,0.991376770743767));
#12920=DIRECTION('ref_axis',(0.999789879177616,-7.7421720756958E-5,-0.0204985731182929));
#12921=DIRECTION('',(0.999789879177616,-7.7421720756958E-5,-0.0204985731182929));
#12922=DIRECTION('center_axis',(0.00210584963811856,0.995090024189887,0.0989515495334544));
#12923=DIRECTION('ref_axis',(-0.999789879177616,7.7421720756958E-5,0.0204985731182929));
#12924=DIRECTION('center_axis',(0.00779331793416402,-0.923467996232033,
0.383596303593728));
#12925=DIRECTION('ref_axis',(0.999789879177616,-7.7421720756958E-5,-0.0204985731182929));
#12926=DIRECTION('',(0.018959474929066,0.383675453920461,0.923273353005134));
#12927=DIRECTION('',(0.018959474929066,0.383675453920461,0.923273353005134));
#12928=DIRECTION('center_axis',(0.0162288076156499,-0.60791796751666,0.793833969148327));
#12929=DIRECTION('ref_axis',(0.999789879177616,-7.7421720756958E-5,-0.0204985731182929));
#12930=DIRECTION('',(0.999789879177616,-7.7421720756958E-5,-0.0204985731182929));
#12931=DIRECTION('center_axis',(0.0162963926008051,0.6096128020667,0.792531803238575));
#12932=DIRECTION('ref_axis',(-0.999789879177616,7.7421720756958E-5,0.0204985731182929));
#12933=DIRECTION('',(0.999789879177616,-7.7421720756958E-5,-0.0204985731182929));
#12934=DIRECTION('center_axis',(0.0192509153596465,0.347112050542639,0.937626059058674));
#12935=DIRECTION('ref_axis',(0.999789879177616,-7.7421720756958E-5,-0.0204985731182929));
#12936=DIRECTION('',(0.999789879177616,-7.7421720756958E-5,-0.0204985731182929));
#12937=DIRECTION('',(-0.00704270912536993,0.937823660596149,-0.347040605512113));
#12938=DIRECTION('center_axis',(0.0125225569112178,0.794013095294266,0.607771659482098));
#12939=DIRECTION('ref_axis',(-0.999789879177616,7.7421720756958E-5,0.0204985731182929));
#12940=DIRECTION('',(-0.0162290807630671,0.607900648549659,-0.793847226127603));
#12941=DIRECTION('',(-0.0162290807630671,0.607900648549659,-0.793847226127603));
#12942=DIRECTION('center_axis',(0.0170747077115463,0.556467691153298,0.830693784170246));
#12943=DIRECTION('ref_axis',(-0.999789879177616,7.7421720756958E-5,0.0204985731182929));
#12944=DIRECTION('',(-0.0113424799128809,0.830869245253665,-0.556352087657655));
#12945=DIRECTION('center_axis',(0.0197440386983633,0.272478177552792,0.961959362807695));
#12946=DIRECTION('ref_axis',(0.999789879177616,-7.7421720756958E-5,-0.0204985731182929));
#12947=DIRECTION('',(0.999789879177616,-7.7421720756958E-5,-0.0204985731182929));
#12948=DIRECTION('',(-0.00551093729653817,0.96216195973619,-0.272422452831493));
#12949=DIRECTION('center_axis',(0.00704277867773849,-0.937822406494794,
0.347043993097144));
#12950=DIRECTION('ref_axis',(0.999789879177616,-7.7421720756958E-5,-0.0204985731182929));
#12951=DIRECTION('',(0.999789879177616,-7.7421720756958E-5,-0.0204985731182929));
#12952=DIRECTION('',(0.0192508899146309,0.347115438841593,0.937624805215446));
#12953=DIRECTION('center_axis',(0.00273046787943094,0.991584842620481,0.129429689138449));
#12954=DIRECTION('ref_axis',(-0.999789879177616,7.7421720756958E-5,0.0204985731182929));
#12955=DIRECTION('',(0.999789879177616,-7.7421720756958E-5,-0.0204985731182929));
#12956=DIRECTION('',(-0.0203160537301967,0.1294584639612,-0.991376701395407));
#12957=DIRECTION('',(-0.0203160537301967,0.1294584639612,-0.991376701395407));
#12958=DIRECTION('center_axis',(0.00551170662149546,-0.962151341856697,
0.27245993550149));
#12959=DIRECTION('ref_axis',(0.999789879177616,-7.7421720756958E-5,-0.0204985731182929));
#12960=DIRECTION('',(0.019743823948957,0.272515668116963,0.961948747099677));
#12961=DIRECTION('center_axis',(0.00996769582369746,-0.871972082976444,
0.489454115877769));
#12962=DIRECTION('ref_axis',(0.999789879177616,-7.7421720756958E-5,-0.0204985731182929));
#12963=DIRECTION('',(0.0179120778798856,0.489555594918084,0.87178809176911));
#12964=DIRECTION('center_axis',(-0.00273031990498419,-0.991585785520175,
-0.129422468325841));
#12965=DIRECTION('ref_axis',(0.999789879177616,-7.7421720756958E-5,-0.0204985731182929));
#12966=DIRECTION('',(0.999789879177616,-7.7421720756958E-5,-0.0204985731182929));
#12967=DIRECTION('',(-0.0203160736173428,0.12945124163257,-0.991377644085522));
#12968=DIRECTION('center_axis',(0.018917170786519,-0.381680485439504,0.924100723776417));
#12969=DIRECTION('ref_axis',(0.999789879177616,-7.7421720756958E-5,-0.0204985731182929));
#12970=DIRECTION('center_axis',(0.0125222546057337,0.794024418680125,0.607756872177747));
#12971=DIRECTION('ref_axis',(-0.999789879177616,7.7421720756958E-5,0.0204985731182929));
#12972=DIRECTION('center_axis',(0.0201155495633497,0.196149851964622,0.980367584245838));
#12973=DIRECTION('ref_axis',(0.999789879177616,-7.7421720756958E-5,-0.0204985731182929));
#12974=DIRECTION('',(-0.00394489033729243,0.980573928666337,-0.196110194176878));
#12975=DIRECTION('center_axis',(-0.0162288977634434,0.607912251763757,-0.793838344395698));
#12976=DIRECTION('ref_axis',(-0.999789879177616,7.7421720756958E-5,0.0204985731182929));
#12977=DIRECTION('',(0.0125227940729114,0.794004211677366,0.607783260272288));
#12978=DIRECTION('center_axis',(0.0189594310898693,0.383680648597637,0.923271195188307));
#12979=DIRECTION('ref_axis',(0.999789879177616,-7.7421720756958E-5,-0.0204985731182929));
#12980=DIRECTION('',(-0.00779342458469586,0.923465837969967,-0.383601497176));
#12981=DIRECTION('',(-0.00779342458469586,0.923465837969967,-0.383601497176));
#12982=DIRECTION('center_axis',(0.020350085495044,-0.11645520388606,0.992987441767619));
#12983=DIRECTION('ref_axis',(0.999789879177616,-7.7421720756958E-5,-0.0204985731182929));
#12984=DIRECTION('',(0.999789879177616,-7.7421720756958E-5,-0.0204985731182929));
#12985=DIRECTION('',(0.00246404430829589,0.993195942145221,0.116429158684212));
#12986=DIRECTION('center_axis',(-0.0125227197134645,-0.794006997067004,
-0.607779622971696));
#12987=DIRECTION('ref_axis',(0.999789879177616,-7.7421720756958E-5,-0.0204985731182929));
#12988=DIRECTION('',(-0.0162289551415626,0.607908613703176,-0.793841129194309));
#12989=DIRECTION('center_axis',(0.0200939282820218,-0.194045185597425,0.98078677600825));
#12990=DIRECTION('ref_axis',(0.999789879177616,-7.7421720756958E-5,-0.0204985731182929));
#12991=DIRECTION('',(0.00405358362511578,0.980992589142414,0.194002856956943));
#12992=DIRECTION('center_axis',(0.000749435005656289,-0.999186273723944,
0.0403265266150317));
#12993=DIRECTION('ref_axis',(0.999789879177616,-7.7421720756958E-5,-0.0204985731182929));
#12994=DIRECTION('',(0.0204850150398075,0.0403334155203563,0.998976265859846));
#12995=DIRECTION('center_axis',(-0.999789879177616,7.7421720756958E-5,0.0204985731182929));
#12996=DIRECTION('ref_axis',(-5.52819068168822E-5,-0.999999414590583,0.00108063055748326));
#12997=DIRECTION('',(-0.0204986447825124,-0.0010792702942928,-0.999789298171226));
#12998=DIRECTION('',(-5.52819068168822E-5,-0.999999414590583,0.00108063055748326));
#12999=DIRECTION('',(0.00315227288543767,-0.987517530343417,0.157477587103989));
#13000=DIRECTION('',(0.00925653784106225,-0.890525864612889,0.454838433911058));
#13001=DIRECTION('',(0.0144557384132545,-0.706338439957818,0.707726670307743));
#13002=DIRECTION('',(0.018239050946549,-0.453055071123087,0.891295932645395));
#13003=DIRECTION('',(0.0202377086426785,-0.155342887721516,0.987653290574802));
#13004=DIRECTION('center_axis',(0.712441601589264,-0.653068624580497,0.256765137652024));
#13005=DIRECTION('ref_axis',(0.678524584955404,0.7344305024212,-0.0147045817499543));
#13006=DIRECTION('',(-0.0965394364785362,0.271207159082582,0.957667381749406));
#13007=DIRECTION('',(0.0189594140123999,0.383682672150978,0.923270354615262));
#13008=DIRECTION('',(0.696695654799215,0.61452117207677,-0.370106597689483));
#13009=DIRECTION('center_axis',(0.712459209256952,-0.653050712201052,0.256761839919131));
#13010=DIRECTION('ref_axis',(0.6785054007037,0.734448233367096,-0.0147042075564332));
#13011=DIRECTION('',(0.0189593681428987,0.383688107283822,0.923268096864925));
#13012=DIRECTION('',(0.700195030172221,0.685675369677511,-0.198937696628194));
#13013=DIRECTION('center_axis',(0.89436251550068,-0.419304736962082,0.155882097844669));
#13014=DIRECTION('ref_axis',(0.425860546507441,0.904736728778778,-0.00970806505232959));
#13015=DIRECTION('',(-0.0573368966560622,0.238140538362466,0.969536778193735));
#13016=DIRECTION('',(0.0189594492552942,0.383678496115779,0.923272089311851));
#13017=DIRECTION('',(0.441689007059316,0.772484530656545,-0.456265789797233));
#13018=DIRECTION('center_axis',(0.894367870142375,-0.419294163315982,0.155879817379103));
#13019=DIRECTION('ref_axis',(0.42584964466726,0.904741862545308,-0.00970784707417359));
#13020=DIRECTION('',(0.446095223634469,0.861888808732512,-0.241136336606834));
#13021=DIRECTION('center_axis',(0.988700404255614,-0.144535491662814,0.0397618193066499));
#13022=DIRECTION('ref_axis',(0.144807661962271,0.989451586932677,-0.00403709715352121));
#13023=DIRECTION('',(-0.00772780570983402,0.215750921744053,0.976417851529509));
#13024=DIRECTION('',(0.145015877317754,0.855004784446454,-0.497932941167217));
#13025=DIRECTION('center_axis',(0.988699532649318,-0.144541113938843,0.0397630547158855));
#13026=DIRECTION('ref_axis',(0.144813305026968,0.989450760577174,-0.00403721196102916));
#13027=DIRECTION('',(0.149910287316052,0.95394420928683,-0.259841011630078));
#13028=DIRECTION('center_axis',(0.460844117720286,-0.822845548003137,0.33248744832554));
#13029=DIRECTION('ref_axis',(0.875497850842349,0.482868838025722,-0.0184715574361233));
#13030=DIRECTION('',(0.160961004232787,0.445923579741613,0.880479253671998));
#13031=DIRECTION('',(0.884567041990471,0.395542721045147,-0.247158054799818));
#13032=DIRECTION('',(0.0189594003662713,0.383684289106835,0.923269682936862));
#13033=DIRECTION('center_axis',(0.460824062057382,-0.82285364218522,0.332495214057966));
#13034=DIRECTION('ref_axis',(0.875508949047356,0.482848707257655,-0.0184717632511111));
#13035=DIRECTION('',(0.88683933249558,0.441307414981584,-0.136980888524881));
#13036=DIRECTION('center_axis',(0.164156192429217,-0.912102304593411,0.375662255813024));
#13037=DIRECTION('ref_axis',(0.985413088717207,0.168953971141009,-0.0203862752972947));
#13038=DIRECTION('',(0.174850009322903,0.401702852832562,0.89892285112014));
#13039=DIRECTION('',(0.985653677120224,0.136517982230518,-0.0992455001855998));
#13040=DIRECTION('center_axis',(0.164098242126045,-0.912107190516126,0.375675711139171));
#13041=DIRECTION('ref_axis',(0.985423707827035,0.168892005974512,-0.0203864261292721));
#13042=DIRECTION('',(0.98644307078816,0.152254908308878,-0.0612250846457637));
#13043=DIRECTION('center_axis',(0.989425699363545,-0.124083748020742,0.0750999927835235));
#13044=DIRECTION('ref_axis',(0.124705431235776,0.992187176796285,-0.00362789488773413));
#13045=DIRECTION('',(-0.00953521815437946,0.461017772117949,0.887339671944263));
#13046=DIRECTION('',(0.140817515259322,0.697780168918034,-0.702334153562896));
#13047=DIRECTION('center_axis',(0.98942635469599,-0.124079769271688,0.0750979326645581));
#13048=DIRECTION('ref_axis',(0.124701408458593,0.992187682700006,-0.00362781295499711));
#13049=DIRECTION('',(0.0162963159327239,0.609617689494206,0.792528045398247));
#13050=DIRECTION('center_axis',(0.896471639752317,-0.359934088037938,0.258429973857698));
#13051=DIRECTION('ref_axis',(0.374731776964068,0.927092597908121,-0.00868390680073092));
#13052=DIRECTION('',(-0.0592578185244684,0.480604553104777,0.874933011423548));
#13053=DIRECTION('',(0.43788867750449,0.630448222140233,-0.640927878402546));
#13054=DIRECTION('center_axis',(0.896469266227561,-0.359938410346501,0.258432187365761));
#13055=DIRECTION('ref_axis',(0.374736518138172,0.92709068061544,-0.00868400193914349));
#13056=DIRECTION('',(0.0162963411149756,0.609616084186,0.792529279691289));
#13057=DIRECTION('center_axis',(0.715738665137781,-0.560585938091639,0.416487177762659));
#13058=DIRECTION('ref_axis',(0.621441528612788,0.783342721713464,-0.0135870104858878));
#13059=DIRECTION('',(-0.0986271136764179,0.509256810048863,0.854944556019111));
#13060=DIRECTION('',(0.693659630091611,0.501520093645412,-0.517024093491848));
#13061=DIRECTION('center_axis',(0.715727963849814,-0.560596045247243,0.416491963687837));
#13062=DIRECTION('ref_axis',(0.621454225291563,0.78333264468866,-0.0135872599273202));
#13063=DIRECTION('',(0.0162963858316685,0.609613233587319,0.792531471453366));
#13064=DIRECTION('center_axis',(0.464975816755751,-0.706334270299304,0.533750305323633));
#13065=DIRECTION('ref_axis',(0.841266646634736,0.540326251683402,-0.0178317414099346));
#13066=DIRECTION('',(0.157995451648294,0.659412825933306,0.734991266786962));
#13067=DIRECTION('',(0.882624105146362,0.322796133920041,-0.341727003528926));
#13068=DIRECTION('',(0.0162963771556861,0.609613786665307,0.792531046205249));
#13069=DIRECTION('center_axis',(0.464979194656595,-0.706333272085843,0.533748683633985));
#13070=DIRECTION('ref_axis',(0.841264453853773,0.540329667103602,-0.0178317001383621));
#13071=DIRECTION('center_axis',(0.168678510813273,-0.782946548630413,0.598783986073059));
#13072=DIRECTION('ref_axis',(0.98045452694362,0.195694361895109,-0.0203134762713766));
#13073=DIRECTION('',(0.172105329148845,0.621551423931979,0.764233984514361));
#13074=DIRECTION('',(0.984991705939492,0.111342033182648,-0.131887417433064));
#13075=DIRECTION('center_axis',(0.16873207660184,-0.782945120381476,0.598770761474262));
#13076=DIRECTION('ref_axis',(0.9804415295759,0.195759489513988,-0.0203132800919216));
#13077=DIRECTION('center_axis',(0.990019205179997,-0.0951754617194413,0.103940390903916));
#13078=DIRECTION('ref_axis',(0.0960098894792085,0.995375728714706,-0.00304299323994505));
#13079=DIRECTION('',(-0.012584043132166,0.674874000507548,0.73782567405681));
#13080=DIRECTION('',(0.137588434260106,0.493012923474205,-0.859073733765193));
#13081=DIRECTION('center_axis',(0.990019260227486,-0.0951751747474431,0.103940129355386));
#13082=DIRECTION('ref_axis',(0.0960095969004268,0.995375756953866,-0.00304298727169665));
#13083=DIRECTION('',(0.0125226500363704,0.794009607038897,0.607776214709003));
#13084=DIRECTION('center_axis',(0.898184380577123,-0.276055548581136,0.342137622287958));
#13085=DIRECTION('ref_axis',(0.296250009072412,0.955084002008757,-0.00710501453426963));
#13086=DIRECTION('',(-0.0624009324045064,0.690322294225517,0.720805975093345));
#13087=DIRECTION('',(0.4349861902233,0.44537782695014,-0.782576261827683));
#13088=DIRECTION('center_axis',(0.898192878456269,-0.276042488712387,0.342125850405832));
#13089=DIRECTION('ref_axis',(0.296234579085367,0.955088790293618,-0.00710470334273116));
#13090=DIRECTION('',(0.0125225313011186,0.794014054582756,0.607770406761356));
#13091=DIRECTION('center_axis',(0.718441930293288,-0.429899574084009,0.546834114699186));
#13092=DIRECTION('ref_axis',(0.519913771006271,0.854140229852001,-0.0115818161964868));
#13093=DIRECTION('',(-0.101908407446486,0.71261214746892,0.694117139805274));
#13094=DIRECTION('',(0.691321854116384,0.354378047584977,-0.629674752083125));
#13095=DIRECTION('center_axis',(0.718425044205948,-0.429913179459164,0.546845603424764));
#13096=DIRECTION('ref_axis',(0.519934952796293,0.854127330470673,-0.0115822365611289));
#13097=DIRECTION('',(0.0125226238354423,0.794010588469982,0.607774933087758));
#13098=DIRECTION('center_axis',(0.468371951816529,-0.541676302388705,0.698007520147222));
#13099=DIRECTION('ref_axis',(0.766700691106805,0.641794890622555,-0.0164124534159324));
#13100=DIRECTION('',(-0.129273066711625,0.739503938534158,0.660622735845081));
#13101=DIRECTION('',(0.881123980777659,0.228087342768899,-0.414242313829906));
#13102=DIRECTION('center_axis',(0.468356717803108,-0.541683268091375,0.698012336537505));
#13103=DIRECTION('ref_axis',(0.766715414004715,0.641777294717756,-0.0164127362842503));
#13104=DIRECTION('',(0.0125226747320956,0.794008681986498,0.607777422703096));
#13105=DIRECTION('center_axis',(0.172416598794219,-0.600435555643148,0.780864687368905));
#13106=DIRECTION('ref_axis',(0.967597715336478,0.251694727939357,-0.0201103257845681));
#13107=DIRECTION('',(-0.143556620404074,0.768955558530778,0.622975798681441));
#13108=DIRECTION('',(0.984477329457643,0.0786305320389561,-0.156912801310849));
#13109=DIRECTION('center_axis',(0.172427444232243,-0.600433112646961,0.780864171103156));
#13110=DIRECTION('ref_axis',(0.967593211085511,0.251712049017148,-0.0201102521321336));
#13111=DIRECTION('center_axis',(0.990658635863402,-0.0203283323157971,0.134841485064957));
#13112=DIRECTION('ref_axis',(0.0207203151486575,0.999784179833531,-0.00150409266108662));
#13113=DIRECTION('',(-0.0215046143676083,0.953164350782907,0.301687374541095));
#13114=DIRECTION('',(-0.134847553751543,0.00107821509081979,0.990865770273372));
#13115=DIRECTION('center_axis',(0.990658453456317,-0.0203287410857519,0.134842763548537));
#13116=DIRECTION('ref_axis',(0.0207207344306243,0.999784171130995,-0.00150410124821566));
#13117=DIRECTION('',(0.00273047482402723,0.991584798367893,0.129430028018775));
#13118=DIRECTION('',(0.135553669975236,0.254606381648691,-0.957497150376964));
#13119=DIRECTION('center_axis',(0.90004411979447,-0.0588416477734888,0.431808108898731));
#13120=DIRECTION('ref_axis',(0.0664018458897376,0.997789982086513,-0.00243854674566467));
#13121=DIRECTION('',(-0.0714320557426872,0.957522782592663,0.279369973741592));
#13122=DIRECTION('',(-0.432504321968361,0.000998240590670304,0.901631307683141));
#13123=DIRECTION('center_axis',(0.900046959309472,-0.0588397832358609,0.43180244434988));
#13124=DIRECTION('ref_axis',(0.0663995414775624,0.997790135555046,-0.0024384996640519));
#13125=DIRECTION('',(0.00273042454925118,0.991585118727838,0.129427574725329));
#13126=DIRECTION('',(0.433132530298995,0.230097743666836,-0.871464996173812));
#13127=DIRECTION('center_axis',(0.721325878863475,-0.0915939366853301,0.686512583456646));
#13128=DIRECTION('ref_axis',(0.129455438810957,0.991578245282525,-0.00372462678562573));
#13129=DIRECTION('',(-0.111093299885731,0.963081124892624,0.245220361299905));
#13130=DIRECTION('',(-0.689355629742343,0.000820942601010688,0.724422626507334));
#13131=DIRECTION('center_axis',(0.721330242001956,-0.0915923209868532,0.68650821459735));
#13132=DIRECTION('ref_axis',(0.129452403712389,0.99157864175705,-0.00372456498510001));
#13133=DIRECTION('',(0.0027303944223915,0.991585310698664,0.129426104603875));
#13134=DIRECTION('',(0.689854311483177,0.183050005300683,-0.700423960532114));
#13135=DIRECTION('center_axis',(0.471998677417839,-0.115380168670512,0.874016398698202));
#13136=DIRECTION('ref_axis',(0.879861674924938,-0.000562188324403683,-0.475229541319319));
#13137=DIRECTION('',(-0.138639540811242,0.969348727445637,0.202835209771804));
#13138=DIRECTION('',(-0.879861674924938,0.000562188324403655,0.475229541319319));
#13139=DIRECTION('center_axis',(0.471989428317353,-0.115382473004431,0.874021089265036));
#13140=DIRECTION('ref_axis',(0.879866634638067,-0.000562178675428199,-0.475220358576754));
#13141=DIRECTION('',(0.00273043325538581,0.991585063251219,0.129427999564675));
#13142=DIRECTION('',(0.880193249141755,0.117741418648363,-0.459779080102555));
#13143=DIRECTION('center_axis',(0.176463518480176,-0.127875139948094,0.975965458010094));
#13144=DIRECTION('ref_axis',(0.984038500766854,-0.000246703845090916,-0.177955522942491));
#13145=DIRECTION('',(-0.153123096222568,0.975887898974724,0.155551039976957));
#13146=DIRECTION('',(-0.984038500766854,0.000246703845090944,0.17795552294249));
#13147=DIRECTION('center_axis',(0.176458718751845,-0.127876013146073,0.975966211422467));
#13148=DIRECTION('ref_axis',(0.984039372355134,-0.000246698684986751,-0.177950703271082));
#13149=DIRECTION('',(0.984152985879084,0.0405196294552707,-0.1726298352374));
#13150=DIRECTION('center_axis',(0.990439387679603,-0.0597870436487614,0.124319462452968));
#13151=DIRECTION('ref_axis',(0.0605443231825165,0.998162816304443,-0.00231885263751246));
#13152=DIRECTION('',(-0.0166664987607547,0.842738355766456,0.538065322743538));
#13153=DIRECTION('center_axis',(0.990439711978395,-0.0597857766595631,0.124317488091448));
#13154=DIRECTION('ref_axis',(0.0605430232958378,0.998162895210923,-0.00231882607116102));
#13155=DIRECTION('',(0.00789548456059201,0.924293644948946,0.381600470689627));
#13156=DIRECTION('center_axis',(0.899414480261036,-0.17334362644156,0.401255006035888));
#13157=DIRECTION('ref_axis',(0.191387587754606,0.981501887701757,-0.00498354204977604));
#13158=DIRECTION('',(-0.066553604315791,0.852985982430434,0.517673189888915));
#13159=DIRECTION('center_axis',(0.899407199797777,-0.173351923091574,0.40126774068242));
#13160=DIRECTION('ref_axis',(0.191397965201885,0.981499863029168,-0.00498375263258278));
#13161=DIRECTION('',(0.0078956040023945,0.924291235009045,0.381606305402429));
#13162=DIRECTION('center_axis',(0.720347021863235,-0.26994407183287,0.638929077578301));
#13163=DIRECTION('ref_axis',(0.357373656904984,0.933924295992951,-0.00833538867894444));
#13164=DIRECTION('',(-0.106162376194158,0.867396734439679,0.486160935251066));
#13165=DIRECTION('center_axis',(0.720338859493486,-0.269949049823597,0.638936176783692));
#13166=DIRECTION('ref_axis',(0.357383060922869,0.933920695729263,-0.0083355776027155));
#13167=DIRECTION('',(0.00789565634348526,0.92429017892561,0.381608862256327));
#13168=DIRECTION('center_axis',(0.470739488909305,-0.340126032375059,0.814075313274028));
#13169=DIRECTION('ref_axis',(0.600475701288796,0.799534465388208,-0.0131746278171803));
#13170=DIRECTION('',(-0.133645091449319,0.884566019194782,0.446857860194268));
#13171=DIRECTION('center_axis',(0.47075967821271,-0.340118643754258,0.814066725483747));
#13172=DIRECTION('ref_axis',(0.600450156409471,0.799553658051705,-0.0131741247898558));
#13173=DIRECTION('',(0.00789557754445177,0.924291768846408,0.381605012936175));
#13174=DIRECTION('center_axis',(0.175060172711701,-0.377001145720226,0.909518593573428));
#13175=DIRECTION('ref_axis',(0.98195591359433,-0.000258642376482534,-0.18910980107135));
#13176=DIRECTION('',(-0.148057280411258,0.90319856815406,0.402878875348011));
#13177=DIRECTION('center_axis',(0.175076034120923,-0.376997802010936,0.909516926480982));
#13178=DIRECTION('ref_axis',(0.981952667796776,-0.000258660408987031,-0.18912665412783));
#13179=DIRECTION('center_axis',(0.990660919629726,0.0205101563495236,0.134797165418652));
#13180=DIRECTION('ref_axis',(-0.0206097493263947,0.999787380880694,-0.00065670725971555));
#13181=DIRECTION('',(-0.0267682956671676,0.998638223856592,0.0447789705065426));
#13182=DIRECTION('',(-0.135522781808702,0.256760780392353,0.956926056319474));
#13183=DIRECTION('center_axis',(0.990660894182813,0.0205101472193227,0.134797353823991));
#13184=DIRECTION('ref_axis',(-0.0206097404956903,0.999787381062612,-0.000656707440967584));
#13185=DIRECTION('',(-0.00262082131331002,0.991303277006471,-0.131571061757046));
#13186=DIRECTION('center_axis',(0.900051559069663,0.059674220361225,0.431678327508514));
#13187=DIRECTION('ref_axis',(-0.0662903148509339,0.997800338053155,0.000282024775290008));
#13188=DIRECTION('',(-0.0767025786125342,0.996808422927005,0.0221287689663204));
#13189=DIRECTION('',(-0.433114560289864,0.231956927744535,0.870980919042567));
#13190=DIRECTION('center_axis',(0.900050732012118,0.059674118125563,0.431680066056318));
#13191=DIRECTION('ref_axis',(-0.0662902626860478,0.997800341519107,0.000282023702013689));
#13192=DIRECTION('',(-0.00262080662830377,0.991303372060724,-0.131570345874956));
#13193=DIRECTION('center_axis',(0.721335640218331,0.0929977613810929,0.686313565747403));
#13194=DIRECTION('ref_axis',(-0.129345967817703,0.991598265083231,0.00158154773196816));
#13195=DIRECTION('',(-0.116370649840072,0.993130142160779,-0.0122634655587225));
#13196=DIRECTION('',(-0.689843609942233,0.184566346893017,0.700036468633195));
#13197=DIRECTION('center_axis',(0.721336076404742,0.0929978067545752,0.686313101154168));
#13198=DIRECTION('ref_axis',(-0.129345950910387,0.99159826728921,0.00158154738293672));
#13199=DIRECTION('',(-0.00262080964615599,0.991303352526577,-0.131570492992794));
#13200=DIRECTION('center_axis',(0.47200227448568,0.117218758082848,0.873769772671188));
#13201=DIRECTION('ref_axis',(0.879866648884561,-0.000562178647711722,-0.475220332199519));
#13202=DIRECTION('',(-0.143922603383441,0.98807008633498,-0.0548068310096325));
#13203=DIRECTION('',(-0.880180170895432,0.118832162471669,0.459523431312045));
#13204=DIRECTION('center_axis',(0.472011362764541,0.117219801796851,0.873764723188038));
#13205=DIRECTION('ref_axis',(0.879861674924938,-0.000562188324403655,-0.475229541319319));
#13206=DIRECTION('',(-0.00262084786954727,0.991303105109852,-0.131572356351969));
#13207=DIRECTION('center_axis',(0.176482656878581,0.129966108943228,0.975685749792029));
#13208=DIRECTION('ref_axis',(0.984037603826239,-0.000246709155137574,-0.177960482665411));
#13209=DIRECTION('',(-0.158408174625122,0.98207400435218,-0.102164084626702));
#13210=DIRECTION('',(-0.98414541594442,0.0410775043839115,0.172541122371374));
#13211=DIRECTION('center_axis',(0.176477754474601,0.129965419980608,0.975686728302106));
#13212=DIRECTION('ref_axis',(0.984038500766854,-0.000246703845090944,-0.17795552294249));
#13213=DIRECTION('center_axis',(0.990446029049963,0.0599467306494007,0.124189585004575));
#13214=DIRECTION('ref_axis',(-0.0604346118432295,0.998172145267733,0.000161564137624642));
#13215=DIRECTION('',(0.0167598007819696,0.841567702299022,-0.539891573859876));
#13216=DIRECTION('',(-0.137536390317307,0.494855114384974,0.858022235787348));
#13217=DIRECTION('',(-0.00779348283978233,0.923464659060852,-0.383604334035541));
#13218=DIRECTION('center_axis',(0.990446634849318,0.0599443547689019,0.124185900355078));
#13219=DIRECTION('ref_axis',(-0.0604321825025339,0.998172292357964,0.000161514170154307));
#13220=DIRECTION('center_axis',(0.899432145474076,0.174113803477697,0.400881776994702));
#13221=DIRECTION('ref_axis',(-0.191282374102024,0.981530876041534,0.00286229541330827));
#13222=DIRECTION('',(0.0666482192102761,0.851856025559506,-0.519518360208819));
#13223=DIRECTION('',(-0.434922156799517,0.447176810432097,0.781585323388709));
#13224=DIRECTION('',(-0.0077934096749775,0.923466139696536,-0.38360077111447));
#13225=DIRECTION('center_axis',(0.899427696308868,0.174118891611448,0.400889549248324));
#13226=DIRECTION('ref_axis',(-0.191288716831806,0.981529639555371,0.00286242679285776));
#13227=DIRECTION('center_axis',(0.720368489910867,0.271245124876628,0.638353601833811));
#13228=DIRECTION('ref_axis',(-0.357274695839805,0.933977991007445,0.006316963374318));
#13229=DIRECTION('',(0.106256491328304,0.866336921642674,-0.488026532321035));
#13230=DIRECTION('',(-0.691282593292749,0.355814543656203,0.628907295818056));
#13231=DIRECTION('',(-0.00779337288010706,0.923466884308005,-0.383598979307319));
#13232=DIRECTION('center_axis',(0.72036276483249,0.27124862793849,0.638358573909976));
#13233=DIRECTION('ref_axis',(-0.357281292465143,0.933975466639769,0.00631710134974427));
#13234=DIRECTION('center_axis',(0.470774333865195,0.341827288030994,0.813342259895032));
#13235=DIRECTION('ref_axis',(-0.600383772289873,0.799630104979082,0.0114464484502502));
#13236=DIRECTION('',(-0.149126830717915,0.939457579765314,-0.308513604532327));
#13237=DIRECTION('',(-0.881114030162008,0.229007427941455,0.413755560445177));
#13238=DIRECTION('center_axis',(0.470777540094667,0.341827199723564,0.813340441187797));
#13239=DIRECTION('ref_axis',(-0.600380933085023,0.799632237588741,0.0114463879359857));
#13240=DIRECTION('',(-0.0077933854582439,0.92346662976687,-0.383599591827361));
#13241=DIRECTION('center_axis',(0.175117827287721,0.378943507158305,0.908699931192135));
#13242=DIRECTION('ref_axis',(0.981952663219075,-0.000258660434417928,-0.189126677895386));
#13243=DIRECTION('',(-0.163548440581078,0.921335074512643,-0.352694751954549));
#13244=DIRECTION('',(-0.984468611006214,0.0790783247564387,0.156742376201242));
#13245=DIRECTION('center_axis',(0.175130327909322,0.378944625426353,0.908697055737969));
#13246=DIRECTION('ref_axis',(0.981950044537423,-0.000258674981659506,-0.189140273660071));
#13247=DIRECTION('center_axis',(-0.0145337235743771,-0.707874284208597,
-0.706188904355789));
#13248=DIRECTION('ref_axis',(0.999789879177616,-7.7421720756958E-5,-0.0204985731182929));
#13249=DIRECTION('',(0.999789879177616,-7.7421720756958E-5,-0.0204985731182929));
#13250=DIRECTION('',(-0.0144557384132544,0.706338439957818,-0.707726670307743));
#13251=DIRECTION('',(0.999789879177616,-7.7421720756958E-5,-0.0204985731182929));
#13252=DIRECTION('center_axis',(-0.00935598816683909,-0.891482527330476,
-0.452958462720248));
#13253=DIRECTION('ref_axis',(0.999789879177616,-7.7421720756958E-5,-0.0204985731182929));
#13254=DIRECTION('',(-0.018239050946549,0.453055071123087,-0.891295932645395));
#13255=DIRECTION('',(0.999789879177616,-7.7421720756958E-5,-0.0204985731182929));
#13256=DIRECTION('center_axis',(-0.00326077335963384,-0.987860608203515,
-0.155308680107969));
#13257=DIRECTION('ref_axis',(0.999789879177616,-7.7421720756958E-5,-0.0204985731182929));
#13258=DIRECTION('',(-0.0202377086426785,0.155342887721515,-0.987653290574802));
#13259=DIRECTION('center_axis',(0.987470586979835,-0.156520763698804,-0.0200771108689551));
#13260=DIRECTION('ref_axis',(0.156466115858295,0.987674078685259,-0.00427421120716455));
#13261=DIRECTION('',(0.0204986447825124,0.0010792702942928,0.999789298171226));
#13262=DIRECTION('',(0.156466115858295,0.987674078685259,-0.00427421120716457));
#13263=DIRECTION('',(0.154814991101726,0.985541147159066,-0.0688546714941341));
#13264=DIRECTION('center_axis',(0.890805952632615,-0.454036164350695,-0.0177740320695069));
#13265=DIRECTION('ref_axis',(0.453921315115714,0.890982601759058,-0.0102685464540949));
#13266=DIRECTION('',(0.0204986447825124,0.0010792702942928,0.999789298171226));
#13267=DIRECTION('',(0.453921315115714,0.890982601759058,-0.0102685464540949));
#13268=DIRECTION('',(0.451953764719396,0.889403753996971,-0.0685474793997641));
#13269=DIRECTION('center_axis',(0.706914351054045,-0.707165875060133,-0.0137304560840339));
#13270=DIRECTION('ref_axis',(0.707002055043632,0.707046858649459,-0.0152588937348741));
#13271=DIRECTION('',(0.0204986447825124,0.0010792702942928,0.999789298171226));
#13272=DIRECTION('',(0.707002055043633,0.707046858649459,-0.0152588937348741));
#13273=DIRECTION('',(0.705295179517553,0.706238900865864,-0.0615249921014127));
#13274=DIRECTION('center_axis',(0.453872305020277,-0.891027671087508,-0.00834386552815893));
#13275=DIRECTION('ref_axis',(0.890830924641518,0.453947711231154,-0.0187547106172227));
#13276=DIRECTION('',(0.890830924641518,0.453947711231154,-0.0187547106172227));
#13277=DIRECTION('',(0.889827060864916,0.453714758911648,-0.0484842170015153));
#13278=DIRECTION('',(0.0204986447825124,0.0010792702942928,0.999789298171226));
#13279=DIRECTION('center_axis',(0.156321683936088,-0.98770388098917,-0.00213883386870828));
#13280=DIRECTION('ref_axis',(0.987493461595299,0.156332589867129,-0.0204153043565319));
#13281=DIRECTION('',(0.987493461595299,0.156332589867129,-0.0204153043565319));
#13282=DIRECTION('',(0.987231507666628,0.156313317657871,-0.0306610011751919));
#13283=DIRECTION('center_axis',(0.987890377786747,-0.155153111579672,0.000336813753775276));
#13284=DIRECTION('ref_axis',(0.155153134082656,0.987881300360344,-0.00424751488337383));
#13285=DIRECTION('',(0.00629051196595463,0.0378836806914883,-0.999262356038929));
#13286=DIRECTION('center_axis',(0.987889243689781,-0.155160333035483,0.000336532837182258));
#13287=DIRECTION('ref_axis',(0.15516035423074,0.987880165731215,-0.00424766169298624));
#13288=DIRECTION('',(0.0203305033768574,0.131591763074468,0.991095494149477));
#13289=DIRECTION('center_axis',(0.892019952994684,-0.450090315878068,0.0414621636210959));
#13290=DIRECTION('ref_axis',(0.45083233968376,0.892550290220679,-0.0102069056157233));
#13291=DIRECTION('',(0.0549201783150177,0.0168771070195316,-0.998348104256475));
#13292=DIRECTION('center_axis',(0.892021021410881,-0.450088189685651,0.0414622583391452));
#13293=DIRECTION('ref_axis',(0.450830213487451,0.892551364656869,-0.0102068631822467));
#13294=DIRECTION('',(0.0203305010943243,0.131592626457087,0.991095379561109));
#13295=DIRECTION('center_axis',(0.708800532080866,-0.701023180156842,0.07853856762553));
#13296=DIRECTION('ref_axis',(0.703964958031234,0.710072039451333,-0.015199889917609));
#13297=DIRECTION('',(-0.0941677791693326,0.016308882859748,0.995422749240835));
#13298=DIRECTION('center_axis',(0.708806392714455,-0.701017203310344,0.0785390241221898));
#13299=DIRECTION('ref_axis',(0.70395899552726,0.710077953104452,-0.0151997740523752));
#13300=DIRECTION('',(0.0203304960608728,0.131594530371069,0.991095126870442));
#13301=DIRECTION('center_axis',(0.456216667332919,-0.883299116665168,0.107930639515287));
#13302=DIRECTION('ref_axis',(0.889264590057425,0.457009660164543,-0.0187259014813617));
#13303=DIRECTION('',(0.162458912636841,0.201924187080145,0.965833176266418));
#13304=DIRECTION('',(0.0203304745602564,0.131602662701234,0.991094047492013));
#13305=DIRECTION('center_axis',(0.456256622615568,-0.883279793743081,0.107919879005746));
#13306=DIRECTION('ref_axis',(0.889244087682686,0.457049567623416,-0.0187255242019061));
#13307=DIRECTION('center_axis',(0.158989848533777,-0.979110668502531,0.126745914678672));
#13308=DIRECTION('ref_axis',(0.987280217598398,0.157674051981348,-0.0204123803277));
#13309=DIRECTION('',(0.176332301626801,0.154475931293722,0.972133790202733));
#13310=DIRECTION('center_axis',(0.158964625742145,-0.979114101030784,0.126751035204211));
#13311=DIRECTION('ref_axis',(0.987284279094337,0.157648611488049,-0.0204124361374531));
#13312=DIRECTION('center_axis',(0.987471519639635,-0.156514876279243,-0.0200771363467023));
#13313=DIRECTION('ref_axis',(0.156460229651728,0.987675011670805,-0.00427409152963433));
#13314=DIRECTION('',(-0.156460229651728,-0.987675011670805,0.00427409152963433));
#13315=DIRECTION('',(0.125721405222664,0.703458909473588,0.699528191677126));
#13316=DIRECTION('center_axis',(0.13615672769225,-0.0010780939804744,-0.990686723044933));
#13317=DIRECTION('ref_axis',(-0.990687308108895,-9.23680694431205E-5,-0.13615670758391));
#13318=DIRECTION('',(5.52819068168822E-5,0.999999414590583,-0.00108063055748326));
#13319=DIRECTION('',(5.52819068168822E-5,0.999999414590583,-0.00108063055748326));
#13320=DIRECTION('',(0.990687308108895,9.23680694431198E-5,0.13615670758391));
#13321=DIRECTION('center_axis',(0.435630672849748,-0.000996785602920212,
-0.900124948710421));
#13322=DIRECTION('ref_axis',(-0.900125498925781,-0.00042099519332019,-0.435630472931659));
#13323=DIRECTION('',(5.52819068168822E-5,0.999999414590583,-0.00108063055748326));
#13324=DIRECTION('',(0.900125498925781,0.00042099519332019,0.435630472931659));
#13325=DIRECTION('center_axis',(0.692463472597322,-0.000817904767586017,
-0.721452472551206));
#13326=DIRECTION('ref_axis',(5.52819068168822E-5,0.999999414590583,-0.00108063055748326));
#13327=DIRECTION('',(5.52819068168822E-5,0.999999414590583,-0.00108063055748326));
#13328=DIRECTION('',(0.72145293405902,0.000708413920069212,0.69246311243802));
#13329=DIRECTION('center_axis',(0.88151512293834,-0.000558957778845306,
-0.472155457023642));
#13330=DIRECTION('ref_axis',(5.52819068168822E-5,0.999999414590583,-0.00108063055748326));
#13331=DIRECTION('',(0.472155784646248,0.000926490524752461,0.881514637791338));
#13332=DIRECTION('',(5.52819068168822E-5,0.999999414590583,-0.00108063055748326));
#13333=DIRECTION('center_axis',(0.984273686770407,-0.000245306139962959,
-0.176650076015518));
#13334=DIRECTION('ref_axis',(5.52819068168822E-5,0.999999414590583,-0.00108063055748326));
#13335=DIRECTION('',(0.17665023768821,0.00105387066980932,0.984273124128313));
#13336=DIRECTION('center_axis',(0.156468048485193,0.987673772348891,-0.00427425050105641));
#13337=DIRECTION('ref_axis',(-0.987470280750421,0.156522696723965,0.0200771025036479));
#13338=DIRECTION('',(0.987470280750421,-0.156522696723965,-0.0200771025036479));
#13339=DIRECTION('',(0.0204986447825124,0.0010792702942928,0.999789298171226));
#13340=DIRECTION('',(-0.98720832990947,0.156525537290274,0.0303227560315112));
#13341=DIRECTION('',(0.0204986447825124,0.0010792702942928,0.999789298171226));
#13342=DIRECTION('center_axis',(0.453970816608911,0.890957369539035,-0.0102695341433425));
#13343=DIRECTION('ref_axis',(-0.890780726795051,0.454085675660128,0.0177734614177005));
#13344=DIRECTION('',(0.890780726795051,-0.454085675660128,-0.0177734614177005));
#13345=DIRECTION('',(-0.889776885228626,0.453916866083671,0.0475034019584289));
#13346=DIRECTION('',(0.0204986447825124,0.0010792702942928,0.999789298171226));
#13347=DIRECTION('center_axis',(0.706992532003009,0.707056384950104,-0.0152587087679275));
#13348=DIRECTION('ref_axis',(-0.706923875147852,0.707156350234459,0.0137306616382218));
#13349=DIRECTION('',(0.706923875147852,-0.70715635023446,-0.0137306616382218));
#13350=DIRECTION('',(-0.705217083435235,0.706448198685055,0.0599983983597932));
#13351=DIRECTION('',(0.0204986447825124,0.0010792702942928,0.999789298171226));
#13352=DIRECTION('center_axis',(0.89084044441675,0.453929021826689,-0.0187548856256691));
#13353=DIRECTION('ref_axis',(-0.453853619742585,0.891037192444343,0.00834347214628503));
#13354=DIRECTION('',(0.453853619742585,-0.891037192444343,-0.00834347214628503));
#13355=DIRECTION('',(-0.451885999041382,0.889583912375954,0.0666296233837629));
#13356=DIRECTION('',(0.0204986447825124,0.0010792702942928,0.999789298171226));
#13357=DIRECTION('center_axis',(0.987490679778763,0.156350165501114,-0.0204152662939027));
#13358=DIRECTION('ref_axis',(-0.156339255825775,0.987701098978535,0.00213919714771808));
#13359=DIRECTION('',(0.156339255825775,-0.987701098978535,-0.00213919714771808));
#13360=DIRECTION('',(-0.154688618451302,0.985708015732868,0.0667168572521205));
#13361=DIRECTION('center_axis',(0.159098116851538,0.979364728123602,0.124629525080044));
#13362=DIRECTION('ref_axis',(-0.987262776090829,0.157826956626078,0.0200714400972924));
#13363=DIRECTION('',(-0.176315337260166,0.152394031798145,-0.972465403456154));
#13364=DIRECTION('',(-0.986426223570302,0.152495939944388,0.0608957613739334));
#13365=DIRECTION('center_axis',(0.159109661342935,0.979363150465801,0.124627184743288));
#13366=DIRECTION('ref_axis',(-0.987260915602791,0.157838600638159,0.0200713893820869));
#13367=DIRECTION('',(-0.0203160589312389,0.129456575159721,-0.991376947935253));
#13368=DIRECTION('center_axis',(0.456313941123888,0.88348071863688,0.106016069219944));
#13369=DIRECTION('ref_axis',(-0.889214350458903,0.457146804450121,0.0177380415771948));
#13370=DIRECTION('',(-0.162436900883364,0.199848406226285,-0.966268527770734));
#13371=DIRECTION('',(-0.886790518106549,0.441700485175652,0.136026682646871));
#13372=DIRECTION('center_axis',(0.456354325195702,0.883461159319922,0.106005235004102));
#13373=DIRECTION('ref_axis',(-0.88919362250843,0.45718713913733,0.0177375730515521));
#13374=DIRECTION('',(-0.0203160815717209,0.129448352764024,-0.991378021138381));
#13375=DIRECTION('center_axis',(0.708883958648638,0.701107358692558,0.0770195089427338));
#13376=DIRECTION('ref_axis',(-0.703880624963646,0.710186830153605,0.0136649945905903));
#13377=DIRECTION('',(0.0941694713418904,0.0141408945660711,-0.995455747769864));
#13378=DIRECTION('center_axis',(0.708916091296717,0.701074585343043,0.0770220831104032));
#13379=DIRECTION('ref_axis',(-0.703847924741791,0.71021925208979,0.0136642891396858));
#13380=DIRECTION('',(-0.700082749339339,0.686221297045114,0.197444867138131));
#13381=DIRECTION('',(-0.0203160528144184,0.12945879653083,-0.991376657985667));
#13382=DIRECTION('center_axis',(0.892055282611054,0.450108203519255,0.0404966404826631));
#13383=DIRECTION('ref_axis',(-0.45076183025531,0.892605870851457,0.00827838791046942));
#13384=DIRECTION('',(-0.0549182124580356,0.0190218584103595,0.998309650781274));
#13385=DIRECTION('center_axis',(0.892054447349174,0.450109865878488,0.0404965628592011));
#13386=DIRECTION('ref_axis',(-0.450763492782939,0.892605030956217,0.00827842290387992));
#13387=DIRECTION('',(-0.44602900628397,0.862437863009195,0.239288649963736));
#13388=DIRECTION('',(-0.0203160546736072,0.129458121355879,-0.99137674611497));
#13389=DIRECTION('center_axis',(0.987909128274266,0.155034042301621,-1.04083408558608E-17));
#13390=DIRECTION('ref_axis',(-0.15503369646533,0.987906924533567,0.00211220712189069));
#13391=DIRECTION('',(-0.00628620005985571,0.0400569728370215,0.999177623156134));
#13392=DIRECTION('center_axis',(0.987908392074149,0.155038733448879,-1.92699531133961E-7));
#13393=DIRECTION('ref_axis',(-0.155038387168253,0.987906188195872,0.00211230409008249));
#13394=DIRECTION('',(-0.149799380644213,0.954523502907441,0.257769330906371));
#13395=DIRECTION('center_axis',(0.164188720329144,0.91290184675518,0.373700792490007));
#13396=DIRECTION('ref_axis',(-0.985406981210585,0.169033219165405,0.0200212936650394));
#13397=DIRECTION('',(-0.174806124746898,0.399773372996177,-0.899791125203084));
#13398=DIRECTION('',(-0.985648830484657,0.13676637217973,0.0989512122463607));
#13399=DIRECTION('center_axis',(0.164199139808576,0.912900962216399,0.373698375258037));
#13400=DIRECTION('ref_axis',(-0.985405071061424,0.169044360379787,0.0200212424744026));
#13401=DIRECTION('',(-0.0189171336963328,0.381684827436348,-0.92409893115272));
#13402=DIRECTION('center_axis',(0.460934768539934,0.823513312583029,0.330703739243396));
#13403=DIRECTION('ref_axis',(-0.875445086673167,0.483003282960294,0.0174278188362644));
#13404=DIRECTION('',(-0.160912243180939,0.444032486050256,-0.881443362517699));
#13405=DIRECTION('',(-0.884523274367639,0.396173768656386,0.246302501267335));
#13406=DIRECTION('center_axis',(0.460915252252957,0.823521207941831,0.330711279382214));
#13407=DIRECTION('ref_axis',(-0.875455889022968,0.482983694392132,0.0174280614622773));
#13408=DIRECTION('',(-0.0189171019275194,0.381688546436221,-0.924097395718692));
#13409=DIRECTION('center_axis',(0.712566543754275,0.653494110834063,0.255331877812554));
#13410=DIRECTION('ref_axis',(-0.678388343399789,0.734586432218888,0.0131159879237066));
#13411=DIRECTION('',(0.0965697960477185,0.269108668094391,-0.958256124033531));
#13412=DIRECTION('center_axis',(0.712566208357555,0.653494452288596,0.255331939903659));
#13413=DIRECTION('ref_axis',(-0.678388708948547,0.734586094495221,0.0131159957831119));
#13414=DIRECTION('',(-0.696578897460036,0.615467395753469,0.368751575424165));
#13415=DIRECTION('',(-0.0189171028129745,0.381688442781445,-0.924097438514056));
#13416=DIRECTION('center_axis',(0.8943999597687,0.41955751699009,0.154984521494433));
#13417=DIRECTION('ref_axis',(-0.425777152479062,0.904794842980114,0.00775296997367202));
#13418=DIRECTION('',(0.0573629346126623,0.236050456396572,-0.970046223521123));
#13419=DIRECTION('center_axis',(0.89438726166696,0.4195826074501,0.154989876099225));
#13420=DIRECTION('ref_axis',(-0.425803009760855,0.904782669988015,0.00775351326532784));
#13421=DIRECTION('',(-0.441642303003762,0.773472014020349,0.454635150120223));
#13422=DIRECTION('',(-0.0189171874814346,0.381678531015116,-0.924101530666374));
#13423=DIRECTION('center_axis',(0.988716331068252,0.144512627373578,0.0394476514956328));
#13424=DIRECTION('ref_axis',(-0.144699103621672,0.989473882743326,0.00189862580079358));
#13425=DIRECTION('',(0.00775156498698577,0.213626368015668,-0.976884685174605));
#13426=DIRECTION('center_axis',(0.988716305597558,0.14451279187272,0.0394476872664018));
#13427=DIRECTION('ref_axis',(-0.144699268650857,0.989473858603161,0.00189862921044037));
#13428=DIRECTION('',(-0.144921284404739,0.856094978308288,0.49608387339422));
#13429=DIRECTION('center_axis',(0.168764798243204,0.784226018347074,0.597082904646771));
#13430=DIRECTION('ref_axis',(-0.980433208275286,0.195844573940808,0.0198903737765911));
#13431=DIRECTION('',(-0.172037987260919,0.619909867433704,-0.765581274064054));
#13432=DIRECTION('',(-0.984979373768719,0.111735719815663,0.131646352655358));
#13433=DIRECTION('center_axis',(0.168759865042499,0.784226152946468,0.597084122201907));
#13434=DIRECTION('ref_axis',(-0.98043440572234,0.195838576058638,0.0198904048025061));
#13435=DIRECTION('',(-0.0162290705609676,0.607901295429832,-0.793846730977371));
#13436=DIRECTION('center_axis',(0.465053972650401,0.707434779956087,0.532222542392337));
#13437=DIRECTION('ref_axis',(-0.841206898866233,0.540456539056513,0.0166638138165432));
#13438=DIRECTION('',(-0.157922631344237,0.657840243282472,-0.736414731538804));
#13439=DIRECTION('',(-0.88258836937183,0.323631525130919,0.341028453638416));
#13440=DIRECTION('center_axis',(0.465057350440665,0.707433777866597,0.532220922864278));
#13441=DIRECTION('ref_axis',(-0.841204705707666,0.540459954137074,0.0166637651637186));
#13442=DIRECTION('',(-0.0162290792981511,0.607900741435027,-0.793847155029152));
#13443=DIRECTION('center_axis',(0.715834756346804,0.561379740070856,0.415250995235279));
#13444=DIRECTION('ref_axis',(-0.62131870118271,0.783467692483718,0.0118931238481852));
#13445=DIRECTION('',(0.0986842572649779,0.507383019688103,-0.856051335318299));
#13446=DIRECTION('center_axis',(0.715845454322875,0.561369622160418,0.415246231579223));
#13447=DIRECTION('ref_axis',(-0.621306004759696,0.783477765163213,0.0118928526604363));
#13448=DIRECTION('',(-0.693564468126568,0.502798115177366,0.515909278775251));
#13449=DIRECTION('',(-0.0162290342660238,0.607903596759056,-0.793844969433072));
#13450=DIRECTION('center_axis',(0.896490858874416,0.360426119027386,0.257676449598074));
#13451=DIRECTION('ref_axis',(-0.374666793955982,0.927135458579186,0.00668093944803599));
#13452=DIRECTION('',(0.0593102990355668,0.478720896033586,-0.875961524342886));
#13453=DIRECTION('center_axis',(0.896505714801134,0.360399030742403,0.257662651482212));
#13454=DIRECTION('ref_axis',(-0.37463711347414,0.927147456750943,0.00668031795816236));
#13455=DIRECTION('',(-0.437829352751052,0.631857621611639,0.639579083367239));
#13456=DIRECTION('',(-0.0162288755323127,0.607913661319721,-0.79383726542649));
#13457=DIRECTION('center_axis',(0.989440072175279,0.124131547281838,0.0748311602422121));
#13458=DIRECTION('ref_axis',(-0.124590876514285,0.992207091802229,0.00148339703530751));
#13459=DIRECTION('',(0.00958602504608765,0.459108532279628,-0.888328466115919));
#13460=DIRECTION('center_axis',(0.989439482495055,0.124135133888447,0.074833007519508));
#13461=DIRECTION('ref_axis',(-0.124594498750257,0.992206636841647,0.00148347179301305));
#13462=DIRECTION('',(-0.140740281293305,0.699312030889784,0.700824412156346));
#13463=DIRECTION('center_axis',(0.172493878623054,0.602095857985752,0.779568110965281));
#13464=DIRECTION('ref_axis',(-0.967564964351318,0.251863472710328,0.0195660643494686));
#13465=DIRECTION('',(-0.168196789894832,0.79781193454863,-0.578969737517296));
#13466=DIRECTION('',(-0.0124348370894343,0.79269919137326,-0.609486149820272));
#13467=DIRECTION('center_axis',(0.172483374789003,0.60209551972086,0.779570696315263));
#13468=DIRECTION('ref_axis',(-0.967569069090926,0.251847695452169,0.0195661655403149));
#13469=DIRECTION('center_axis',(0.468416576074378,0.543136633610119,0.696841810233444));
#13470=DIRECTION('ref_axis',(-0.766643289516207,0.641897421696926,0.0150255335548672));
#13471=DIRECTION('',(-0.153902188852796,0.826824157623013,-0.540995312953185));
#13472=DIRECTION('',(-0.0124349075876871,0.792696554173099,-0.609489578315644));
#13473=DIRECTION('center_axis',(0.468395658400831,0.543140147736339,0.696853131662762));
#13474=DIRECTION('ref_axis',(-0.766660039889274,0.641877406993306,0.015025898593004));
#13475=DIRECTION('center_axis',(0.718506854932056,0.430993403915314,0.545886971082052));
#13476=DIRECTION('ref_axis',(-0.519803185361778,0.854230572578734,0.00973536643159949));
#13477=DIRECTION('',(0.101988475316039,0.71108977049745,-0.695664925949694));
#13478=DIRECTION('center_axis',(0.718488880308493,0.431007916847649,0.54589917062375));
#13479=DIRECTION('ref_axis',(-0.51982573666895,0.854216844159367,0.0097358436200543));
#13480=DIRECTION('',(-0.0124350065126411,0.792692853546592,-0.609494389268016));
#13481=DIRECTION('center_axis',(0.898219016558036,0.276691573554258,0.341532387069782));
#13482=DIRECTION('ref_axis',(-0.296139738567972,0.955131324363707,0.00504068052196085));
#13483=DIRECTION('',(0.0624777281863651,0.688749123717517,-0.722302691438308));
#13484=DIRECTION('center_axis',(0.898224191096017,0.276683603542624,0.341525234881077));
#13485=DIRECTION('ref_axis',(-0.296130340847193,0.955134239122319,0.00504048469434723));
#13486=DIRECTION('',(-0.0124349338972789,0.792695569977291,-0.609490857812771));
#13487=DIRECTION('center_axis',(0.99002978951906,0.0952901332691847,0.103734306602912));
#13488=DIRECTION('ref_axis',(-0.0958995434747654,0.995390618012361,0.000891703034715973));
#13489=DIRECTION('',(0.0126585715003824,0.673276395853196,-0.739282527424056));
#13490=DIRECTION('center_axis',(0.990029204809078,0.0952931892460834,0.103737079717984));
#13491=DIRECTION('ref_axis',(-0.0959026530092893,0.995390318366216,0.000891767112860151));
#13492=DIRECTION('center_axis',(0.151272969940492,-0.975995065299188,-0.156684782531734));
#13493=DIRECTION('ref_axis',(0.987493461595299,0.156332589867129,-0.0204153043565319));
#13494=DIRECTION('',(0.693182475851837,0.21774248320052,-0.687085341265252));
#13495=DIRECTION('',(-0.0202374612812203,0.155417808502498,-0.987641508828569));
#13496=DIRECTION('center_axis',(0.15134674834693,-0.975995549262142,-0.156610502793718));
#13497=DIRECTION('ref_axis',(0.987482183544575,0.156403832533978,-0.0204151500293533));
#13498=DIRECTION('',(0.988472840495821,0.148800770861372,0.0279244372044525));
#13499=DIRECTION('center_axis',(0.441057270566222,-0.796378709444199,-0.413822951544094));
#13500=DIRECTION('ref_axis',(0.870571630972756,0.491698289358901,-0.0183800866963826));
#13501=DIRECTION('',(0.660782779247153,0.600173673586645,-0.450730163383725));
#13502=DIRECTION('',(-0.0182391469413816,0.453045924168923,-0.891300580114687));
#13503=DIRECTION('',(0.893733050838161,0.431823134371172,0.121531948315536));
#13504=DIRECTION('center_axis',(0.441096468038719,-0.796383525909102,-0.413771900380336));
#13505=DIRECTION('ref_axis',(0.870555056255812,0.491727645925746,-0.0183797785558924));
#13506=DIRECTION('',(-0.0182396538359776,0.452997620435241,-0.89132512076568));
#13507=DIRECTION('',(0.896303636941881,0.367519931279534,0.248130793165709));
#13508=DIRECTION('center_axis',(0.145323144887878,-0.880805457918172,-0.450625042426023));
#13509=DIRECTION('ref_axis',(0.98472960102402,0.172894217638755,-0.0203765152603984));
#13510=DIRECTION('',(0.695252925573829,0.414961210483187,-0.586882069308102));
#13511=DIRECTION('center_axis',(0.145260524246185,-0.880785170826372,-0.450684882093999));
#13512=DIRECTION('ref_axis',(0.984740612550711,0.172831470452358,-0.0203766732938962));
#13513=DIRECTION('',(0.989375372109854,0.126559629488521,0.0715474195636469));
#13514=DIRECTION('center_axis',(0.436467402176266,-0.632322457803055,-0.640050401293059));
#13515=DIRECTION('ref_axis',(0.814570911223139,0.579805144051724,-0.0173270170619659));
#13516=DIRECTION('',(0.665005569908607,0.705894442916816,-0.24388650526359));
#13517=DIRECTION('',(-0.0144551262671522,0.706368253673492,-0.707696926322887));
#13518=DIRECTION('center_axis',(0.436471216934148,-0.632324467004719,-0.640045814934543));
#13519=DIRECTION('ref_axis',(0.814569518170994,0.579807101942485,-0.0173269906138055));
#13520=DIRECTION('',(-0.014455203069073,0.706364513281123,-0.707700658104367));
#13521=DIRECTION('',(0.898358396386837,0.267192551823824,0.348655032791933));
#13522=DIRECTION('center_axis',(0.140146826865725,-0.699356635245124,-0.700898825550512));
#13523=DIRECTION('ref_axis',(0.976201611597501,0.215917640688905,-0.0202481098816439));
#13524=DIRECTION('',(0.698465278299183,0.571566366565196,-0.430648515174388));
#13525=DIRECTION('center_axis',(0.140182510506246,-0.699378457879211,-0.700869914037308));
#13526=DIRECTION('ref_axis',(0.976192698383696,0.215957948006264,-0.0202479706459933));
#13527=DIRECTION('',(0.990077603303419,0.0920379438878375,0.106185480748813));
#13528=DIRECTION('center_axis',(0.433112581737628,-0.406436266074098,-0.804501742173571));
#13529=DIRECTION('ref_axis',(0.669734183126292,0.742458696032817,-0.0145330188676326));
#13530=DIRECTION('',(0.669734183126292,0.742458696032817,-0.0145330188676326));
#13531=DIRECTION('',(-0.00925720978834849,0.890509150059547,-0.454871144091552));
#13532=DIRECTION('center_axis',(0.433105675058273,-0.406430168984843,-0.804508540645325));
#13533=DIRECTION('ref_axis',(0.669734183126292,0.742458696032817,-0.0145330188676326));
#13534=DIRECTION('',(-0.00925703399344681,0.89051352306842,-0.454862586452122));
#13535=DIRECTION('',(0.899677063285194,0.140688504100195,0.413264959333087));
#13536=DIRECTION('center_axis',(0.136465173315011,-0.449501180095563,-0.882794395974963));
#13537=DIRECTION('ref_axis',(-0.988270452207853,-0.00011039377565362,-0.152713788199037));
#13538=DIRECTION('',(0.702510035579934,0.672214558888443,-0.23368191356606));
#13539=DIRECTION('center_axis',(0.136439016934906,-0.449479149717501,-0.882809655943493));
#13540=DIRECTION('ref_axis',(-0.98827526624605,-0.000110359840571276,-0.152682631451664));
#13541=DIRECTION('',(-0.00925653784106228,0.890525864612889,-0.454838433911058));
#13542=DIRECTION('',(0.990534776321021,0.0483974264116129,0.128446666034573));
#13543=DIRECTION('center_axis',(0.431350470898763,-0.140727155352192,-0.891141200372812));
#13544=DIRECTION('ref_axis',(-0.900124597116981,-0.000420997256783057,-0.43563233629553));
#13545=DIRECTION('',(0.674439092192033,0.706360702871346,0.214910372858742));
#13546=DIRECTION('',(-0.00315217087630206,0.987518323589232,-0.157472614743899));
#13547=DIRECTION('center_axis',(0.431348748580041,-0.140725161421772,-0.891142348921455));
#13548=DIRECTION('ref_axis',(-0.900125498925781,-0.00042099519332019,-0.435630472931659));
#13549=DIRECTION('',(-0.00315212200357333,0.987518703625387,-0.157470232478743));
#13550=DIRECTION('center_axis',(0.134504830864913,-0.155621363580039,-0.978616595849207));
#13551=DIRECTION('ref_axis',(-0.990688322287084,-9.23600389227405E-5,-0.136149328142399));
#13552=DIRECTION('',(0.707014337961478,0.707034571147788,-0.0152591323067759));
#13553=DIRECTION('center_axis',(0.134511970112648,-0.155628457100302,-0.978614486525207));
#13554=DIRECTION('ref_axis',(-0.990687308108895,-9.23680694431198E-5,-0.13615670758391));
#13555=DIRECTION('',(-0.00315227288543764,0.987517530343417,-0.157477587103989));
#13556=DIRECTION('center_axis',(0.881860958513994,-0.324629618008122,-0.341960320740113));
#13557=DIRECTION('ref_axis',(0.342697219346119,0.939411500778121,-0.00804040162156342));
#13558=DIRECTION('',(0.435277359856768,0.281695902077585,0.855091245861409));
#13559=DIRECTION('',(0.468698556332373,0.524458376454836,0.710820001588522));
#13560=DIRECTION('',(-0.0144567493128764,0.706289200034427,-0.707775789578899));
#13561=DIRECTION('center_axis',(0.881862691226326,-0.324620986507404,-0.34196404627098));
#13562=DIRECTION('ref_axis',(0.342688549617715,0.939414664940972,-0.00804022728213385));
#13563=DIRECTION('',(0.464674580773878,0.721357568806165,0.513537527264249));
#13564=DIRECTION('',(-0.0144564732746592,0.706302646261005,-0.707762376977726));
#13565=DIRECTION('center_axis',(0.884233645608791,-0.408792478820233,-0.225875118668253));
#13566=DIRECTION('ref_axis',(0.417608877104785,0.908576775184652,-0.0095430266865109));
#13567=DIRECTION('',(0.43265430913492,0.534812406906878,0.725800205432223));
#13568=DIRECTION('',(-0.0182392858967579,0.453032683272008,-0.891307307463224));
#13569=DIRECTION('center_axis',(0.884235435317514,-0.408784954512096,-0.225881729879576));
#13570=DIRECTION('ref_axis',(0.417601775126176,0.908580040923734,-0.00954288460025149));
#13571=DIRECTION('',(0.45958558440832,0.847658877233709,0.265057575728276));
#13572=DIRECTION('',(-0.0182390967540658,0.453050706341319,-0.891298150358918));
#13573=DIRECTION('center_axis',(0.695929157609933,-0.634304412916087,-0.336660837258372));
#13574=DIRECTION('ref_axis',(0.669706402964288,0.742483764778508,-0.0145324763536035));
#13575=DIRECTION('',(0.597858123484136,0.252069656339606,0.760937942631894));
#13576=DIRECTION('',(0.715493247170299,0.572482207841367,0.40041670164814));
#13577=DIRECTION('center_axis',(0.695927302081624,-0.634307821817001,-0.336658250157579));
#13578=DIRECTION('ref_axis',(0.669709392507363,0.742481067113207,-0.0145325347359763));
#13579=DIRECTION('',(0.711454949899611,0.672700887241429,0.203237227318069));
#13580=DIRECTION('center_axis',(0.692205106525658,-0.5037276221809,-0.516827411378092));
#13581=DIRECTION('ref_axis',(0.582085271213423,0.813026805368563,-0.0128121344273888));
#13582=DIRECTION('',(0.598663756428975,0.000832490299134362,0.801000008550718));
#13583=DIRECTION('',(0.718722097430237,0.416149493685296,0.557008209608218));
#13584=DIRECTION('center_axis',(0.692237588329232,-0.503657998031465,-0.516851760491406));
#13585=DIRECTION('ref_axis',(0.582013949810044,0.813077885256623,-0.0128107272677902));
#13586=DIRECTION('center_axis',(0.986660461680501,-0.156499510643216,-0.0448222771047508));
#13587=DIRECTION('ref_axis',(0.156466115858295,0.987674078685259,-0.00427421120716455));
#13588=DIRECTION('',(-0.0202379137787738,0.155280728710485,-0.987663061037024));
#13589=DIRECTION('',(0.162715556419043,0.939661208983567,0.300932650323593));
#13590=DIRECTION('center_axis',(0.887028440694536,-0.452978356681968,-0.0893932535302545));
#13591=DIRECTION('ref_axis',(0.453954162839695,0.890965858792443,-0.0102692018558285));
#13592=DIRECTION('',(0.428534146185907,0.735635037309447,0.52459467919094));
#13593=DIRECTION('center_axis',(0.887040244344585,-0.452943760553888,-0.0894514096501628));
#13594=DIRECTION('ref_axis',(0.453921315115714,0.890982601759058,-0.0102685464540949));
#13595=DIRECTION('',(-0.0202374687106247,0.155415558812695,-0.987641862690684));
#13596=DIRECTION('center_axis',(0.985695601414652,-0.141236758957721,-0.0919584649226256));
#13597=DIRECTION('ref_axis',(0.141473766240804,0.98993404750777,-0.0039692632220184));
#13598=DIRECTION('',(0.168351641015336,0.799663382164664,0.57636464169171));
#13599=DIRECTION('center_axis',(0.984281088972486,-0.0720998365368444,-0.161221436113494));
#13600=DIRECTION('ref_axis',(0.0726372383258627,0.997355126149162,-0.00256592135125921));
#13601=DIRECTION('',(0.172814641103796,0.581405126656165,0.795049167358909));
#13602=DIRECTION('',(-0.00925516312806555,0.890560055608406,-0.454771513301158));
#13603=DIRECTION('',(0.175679224654654,0.306164901790027,0.935628058010576));
#13604=DIRECTION('center_axis',(0.880151492721849,-0.208599187622085,-0.426403246684294));
#13605=DIRECTION('ref_axis',(0.22798443157328,0.97364794390414,-0.00572540753555691));
#13606=DIRECTION('',(0.436176421033719,0.000948304831388389,0.899860672800052));
#13607=DIRECTION('',(0.471268154289605,0.276276109805086,0.837602434275018));
#13608=DIRECTION('center_axis',(0.880141631535772,-0.20865067026882,-0.426398412560274));
#13609=DIRECTION('ref_axis',(0.22804031710362,0.973634849686395,-0.00572653921943943));
#13610=DIRECTION('',(-0.00925707626714439,0.890512471493029,-0.454864644322199));
#13611=DIRECTION('center_axis',(0.689545528979563,-0.323748767738335,-0.647853146054107));
#13612=DIRECTION('ref_axis',(0.417618035667754,0.908572563656569,-0.00954320991786992));
#13613=DIRECTION('',(-0.597830774045471,0.250490773827167,-0.761480622098593));
#13614=DIRECTION('',(0.720760602837559,0.219149433083277,0.657630351623552));
#13615=DIRECTION('center_axis',(0.689542933650229,-0.323754559961452,-0.647853013852064));
#13616=DIRECTION('ref_axis',(0.417625491486945,0.908569135045704,-0.00954335908309061));
#13617=DIRECTION('center_axis',(0.98397021108448,-0.025019635807277,-0.176569084277048));
#13618=DIRECTION('ref_axis',(0.0251330462220083,0.999682843552593,-0.00159445733864506));
#13619=DIRECTION('',(-0.00315270758988634,0.987514149696796,-0.157498776450695));
#13620=DIRECTION('center_axis',(0.87924024260204,-0.0722907494619004,-0.470861596789696));
#13621=DIRECTION('ref_axis',(0.0804924380323335,0.996751490881114,-0.00272632461138474));
#13622=DIRECTION('',(-0.435255274217845,0.279830965214806,-0.855714600303453));
#13623=DIRECTION('center_axis',(0.879243533168444,-0.0722744792944746,-0.470857949942638));
#13624=DIRECTION('ref_axis',(0.0804740270514178,0.996752978512534,-0.00272594873758593));
#13625=DIRECTION('',(-0.00315202357557177,0.987519468987304,-0.157465434678255));
#13626=DIRECTION('center_axis',(0.688152163156463,-0.112109663577765,-0.716852860547798));
#13627=DIRECTION('ref_axis',(0.156454085359265,0.987675985525546,-0.0042739666046963));
#13628=DIRECTION('',(0.591835440458863,0.658276463726586,0.465191260365545));
#13629=DIRECTION('center_axis',(0.688154817456615,-0.112114370883633,-0.716849576307764));
#13630=DIRECTION('ref_axis',(0.156459981343062,0.987675051027858,-0.00427408648105633));
#13631=DIRECTION('center_axis',(0.700237340504283,-0.702889647681159,-0.124955232568086));
#13632=DIRECTION('ref_axis',(0.707002055043632,0.707046858649459,-0.0152588937348741));
#13633=DIRECTION('',(0.572229573662729,0.657262625963686,-0.490468302275582));
#13634=DIRECTION('center_axis',(0.700264890989552,-0.702872094162256,-0.124899566433818));
#13635=DIRECTION('ref_axis',(0.706979974943969,0.707068945915474,-0.0152584648705219));
#13636=DIRECTION('',(-0.0202377107961735,0.155342235312685,-0.987653393144472));
#13637=DIRECTION('center_axis',(0.446556949810776,-0.882439492220508,-0.147944020309403));
#13638=DIRECTION('ref_axis',(0.890830924641518,0.453947711231154,-0.0187547106172227));
#13639=DIRECTION('',(0.657397440766845,0.435744876987585,-0.614780454351207));
#13640=DIRECTION('center_axis',(0.446501633600455,-0.88245564404108,-0.148014619183943));
#13641=DIRECTION('ref_axis',(0.890856264567563,0.45389796126094,-0.0187551764558536));
#13642=DIRECTION('center_axis',(0.984876242351279,-0.112168332560013,-0.132049431739525));
#13643=DIRECTION('ref_axis',(0.112710750478299,0.993622080338894,-0.00338351734558066));
#13644=DIRECTION('center_axis',(5.52819068168822E-5,0.999999414590583,-0.00108063055748326));
#13645=DIRECTION('ref_axis',(-0.999789879177616,7.7421720756958E-5,0.0204985731182929));
#13646=DIRECTION('',(0.999789879177616,-7.7421720756958E-5,-0.0204985731182929));
#13647=DIRECTION('center_axis',(-0.0204986447825124,-0.0010792702942928,
-0.999789298171226));
#13648=DIRECTION('ref_axis',(-0.999789879177616,7.7421720756958E-5,0.0204985731182929));
#13649=DIRECTION('',(0.999789879177616,-7.7421720756958E-5,-0.0204985731182929));
#13650=DIRECTION('center_axis',(-0.0202548924871148,-0.157509114880111,
-0.987309788293431));
#13651=DIRECTION('ref_axis',(-0.999789879177616,7.7421720756958E-5,0.0204985731182929));
#13652=DIRECTION('',(0.999789879177616,-7.7421720756958E-5,-0.0204985731182929));
#13653=DIRECTION('center_axis',(-0.0182897239237181,-0.45493260870303,-0.890338029928774));
#13654=DIRECTION('ref_axis',(-0.999789879177616,7.7421720756958E-5,0.0204985731182929));
#13655=DIRECTION('center_axis',(0.0204986447825124,0.0010792702942928,0.999789298171226));
#13656=DIRECTION('ref_axis',(0.999789880461203,0.,-0.0204986567211833));
#13657=DIRECTION('',(-5.52819068168822E-5,-0.999999414590583,0.00108063055748326));
#13658=DIRECTION('',(0.999789879177616,-7.7421720756958E-5,-0.0204985731182929));
#13659=DIRECTION('',(-5.52819068168826E-5,-0.999999414590583,0.00108063055748324));
#13660=DIRECTION('',(-0.999789879177616,7.7421720756958E-5,0.0204985731182929));
#13661=DIRECTION('',(5.52819068168826E-5,0.999999414590583,-0.00108063055748324));
#13662=DIRECTION('',(0.999789879177616,-7.7421720756958E-5,-0.0204985731182929));
#13663=DIRECTION('center_axis',(0.987490679778763,0.156350165501114,-0.0204152662939026));
#13664=DIRECTION('ref_axis',(0.156339255825775,-0.987701098978535,-0.00213919714771808));
#13665=DIRECTION('',(0.156339255825775,-0.987701098978535,-0.00213919714771813));
#13666=DIRECTION('',(-0.0204986447825123,-0.00107927029429272,-0.999789298171226));
#13667=DIRECTION('',(0.156339255825775,-0.987701098978535,-0.00213919714771808));
#13668=DIRECTION('',(-0.0204986447825123,-0.00107927029429272,-0.999789298171226));
#13669=DIRECTION('center_axis',(0.89084044441675,0.453929021826689,-0.018754885625669));
#13670=DIRECTION('ref_axis',(0.453853619742585,-0.891037192444343,-0.00834347214628503));
#13671=DIRECTION('',(0.453853619742585,-0.891037192444343,-0.00834347214628502));
#13672=DIRECTION('',(-0.0204986447825123,-0.00107927029429272,-0.999789298171226));
#13673=DIRECTION('',(0.453853619742585,-0.891037192444343,-0.00834347214628503));
#13674=DIRECTION('center_axis',(0.706992532003009,0.707056384950104,-0.0152587087679274));
#13675=DIRECTION('ref_axis',(0.706923875147851,-0.70715635023446,-0.0137306616382218));
#13676=DIRECTION('',(0.706923875147851,-0.70715635023446,-0.0137306616382218));
#13677=DIRECTION('',(-0.0204986447825123,-0.00107927029429272,-0.999789298171226));
#13678=DIRECTION('',(0.706923875147852,-0.70715635023446,-0.0137306616382218));
#13679=DIRECTION('center_axis',(0.453970816608911,0.890957369539035,-0.0102695341433424));
#13680=DIRECTION('ref_axis',(0.890780726795051,-0.454085675660128,-0.0177734614177005));
#13681=DIRECTION('',(0.890780726795051,-0.454085675660128,-0.0177734614177005));
#13682=DIRECTION('',(-0.0204986447825123,-0.00107927029429272,-0.999789298171226));
#13683=DIRECTION('',(0.890780726795051,-0.454085675660128,-0.0177734614177005));
#13684=DIRECTION('center_axis',(0.156468048485193,0.987673772348891,-0.00427425050105628));
#13685=DIRECTION('ref_axis',(0.987470280750421,-0.156522696723965,-0.0200771025036479));
#13686=DIRECTION('',(0.987470280750421,-0.156522696723965,-0.0200771025036479));
#13687=DIRECTION('',(-0.0204986447825123,-0.00107927029429272,-0.999789298171226));
#13688=DIRECTION('',(0.987470280750421,-0.156522696723965,-0.0200771025036479));
#13689=DIRECTION('center_axis',(5.52819068168468E-5,0.999999414590583,-0.00108063055748316));
#13690=DIRECTION('ref_axis',(0.999789879177616,-7.7421720756958E-5,-0.0204985731182929));
#13691=DIRECTION('',(-0.0204986447825123,-0.00107927029429272,-0.999789298171226));
#13692=DIRECTION('',(0.999789879177616,-7.7421720756958E-5,-0.0204985731182929));
#13693=DIRECTION('',(0.999789879177616,-7.7421720756958E-5,-0.0204985731182929));
#13694=DIRECTION('center_axis',(-0.999789879177616,7.74217207569953E-5,
0.0204985731182927));
#13695=DIRECTION('ref_axis',(5.52819068168822E-5,0.999999414590583,-0.00108063055748326));
#13696=DIRECTION('',(-0.0204986447825123,-0.00107927029429272,-0.999789298171226));
#13697=DIRECTION('',(-5.52819068168822E-5,-0.999999414590583,0.00108063055748326));
#13698=DIRECTION('center_axis',(-5.52819068168468E-5,-0.999999414590583,
0.00108063055748316));
#13699=DIRECTION('ref_axis',(-0.999789879177616,7.7421720756958E-5,0.0204985731182929));
#13700=DIRECTION('',(-0.0204986447825123,-0.00107927029429272,-0.999789298171226));
#13701=DIRECTION('',(0.999789879177616,-7.7421720756958E-5,-0.0204985731182929));
#13702=DIRECTION('center_axis',(0.999789879177616,-7.74217207569953E-5,
-0.0204985731182927));
#13703=DIRECTION('ref_axis',(-5.52819068168822E-5,-0.999999414590583,0.00108063055748326));
#13704=DIRECTION('',(-5.52819068168826E-5,-0.999999414590583,0.00108063055748324));
#13705=DIRECTION('',(-0.0204986447825123,-0.00107927029429272,-0.999789298171226));
#13706=DIRECTION('',(5.52819068168822E-5,0.999999414590583,-0.00108063055748326));
#13707=DIRECTION('center_axis',(0.156358846103181,-0.98769799703548,-0.00213960215502671));
#13708=DIRECTION('ref_axis',(-0.987487578052181,-0.156369759952914,0.0204152238514783));
#13709=DIRECTION('',(-0.987487578052181,-0.156369759952914,0.0204152238514783));
#13710=DIRECTION('',(-0.0204986447825123,-0.00107927029429272,-0.999789298171226));
#13711=DIRECTION('',(-0.987487578052181,-0.156369759952914,0.0204152238514783));
#13712=DIRECTION('center_axis',(0.45381181778829,-0.891058491454353,-0.00834259209005446));
#13713=DIRECTION('ref_axis',(-0.890861739888838,-0.453887210640182,0.018755277110902));
#13714=DIRECTION('',(-0.890861739888838,-0.453887210640182,0.018755277110902));
#13715=DIRECTION('',(-0.0204986447825123,-0.00107927029429272,-0.999789298171226));
#13716=DIRECTION('',(-0.890861739888838,-0.453887210640182,0.018755277110902));
#13717=DIRECTION('center_axis',(0.706952444863485,-0.70712777678383,-0.0137312782470712));
#13718=DIRECTION('ref_axis',(-0.70696396390737,-0.707084961285693,0.0152581538853583));
#13719=DIRECTION('',(-0.70696396390737,-0.707084961285693,0.0152581538853583));
#13720=DIRECTION('',(-0.0204986447825123,-0.00107927029429272,-0.999789298171226));
#13721=DIRECTION('',(-0.70696396390737,-0.707084961285693,0.0152581538853583));
#13722=DIRECTION('center_axis',(0.890790248636575,-0.454066987730208,-0.0177736768172602));
#13723=DIRECTION('ref_axis',(-0.453952132384098,-0.890966893789689,0.0102691613427461));
#13724=DIRECTION('',(-0.453952132384098,-0.890966893789689,0.0102691613427461));
#13725=DIRECTION('',(-0.0204986447825123,-0.00107927029429272,-0.999789298171226));
#13726=DIRECTION('',(-0.453952132384098,-0.890966893789689,0.0102691613427461));
#13727=DIRECTION('center_axis',(0.987471519639635,-0.156514876279243,-0.0200771363467022));
#13728=DIRECTION('ref_axis',(-0.156460229651728,-0.987675011670805,0.00427409152963433));
#13729=DIRECTION('',(-0.156460229651728,-0.987675011670805,0.00427409152963431));
#13730=DIRECTION('',(-0.0204986447825123,-0.00107927029429272,-0.999789298171226));
#13731=DIRECTION('',(-0.156460229651728,-0.987675011670805,0.00427409152963433));
#13732=DIRECTION('center_axis',(0.999789879177616,-7.74217207569953E-5,
-0.0204985731182927));
#13733=DIRECTION('ref_axis',(-5.52819068168822E-5,-0.999999414590583,0.00108063055748326));
#13734=DIRECTION('',(-5.52819068168826E-5,-0.999999414590583,0.00108063055748324));
#13735=DIRECTION('',(-5.52819068168822E-5,-0.999999414590583,0.00108063055748326));
#13736=DIRECTION('center_axis',(-0.0204986447825124,-0.0010792702942928,
-0.999789298171226));
#13737=DIRECTION('ref_axis',(-0.999789879177616,7.7421720756958E-5,0.0204985731182929));
#13738=DIRECTION('center_axis',(-0.0204986447825124,-0.0010792702942928,
-0.999789298171226));
#13739=DIRECTION('ref_axis',(-0.999789879177616,7.7421720756958E-5,0.0204985731182929));
#13740=DIRECTION('',(0.999789879177616,-7.7421720756958E-5,-0.0204985731182929));
#13741=DIRECTION('',(5.52819068168822E-5,0.999999414590583,-0.00108063055748326));
#13742=DIRECTION('',(-0.987487578052181,-0.156369759952914,0.0204152238514783));
#13743=DIRECTION('',(-0.890861739888838,-0.453887210640182,0.018755277110902));
#13744=DIRECTION('',(-0.70696396390737,-0.707084961285693,0.0152581538853583));
#13745=DIRECTION('',(-0.453952132384098,-0.890966893789689,0.0102691613427461));
#13746=DIRECTION('',(-0.156460229651728,-0.987675011670805,0.00427409152963433));
#13747=DIRECTION('',(-5.52819068168822E-5,-0.999999414590583,0.00108063055748326));
#13748=DIRECTION('',(0.156339255825775,-0.987701098978535,-0.00213919714771808));
#13749=DIRECTION('',(0.453853619742585,-0.891037192444343,-0.00834347214628503));
#13750=DIRECTION('',(0.706923875147852,-0.70715635023446,-0.0137306616382218));
#13751=DIRECTION('',(0.890780726795051,-0.454085675660128,-0.0177734614177005));
#13752=DIRECTION('',(0.987470280750421,-0.156522696723965,-0.0200771025036479));
#13753=DIRECTION('',(0.999789879177616,-7.7421720756958E-5,-0.0204985731182929));
#13754=DIRECTION('',(-5.52819068168822E-5,-0.999999414590583,0.00108063055748326));
#13755=DIRECTION('center_axis',(-0.0204985730568318,1.58736833824645E-6,
-0.999789882175307));
#13756=DIRECTION('ref_axis',(-0.999789879177616,7.74217207571401E-5,0.0204985731182931));
#13757=DIRECTION('',(-7.74379918593933E-5,-0.999999997001679,1.71176888310622E-17));
#13758=DIRECTION('',(-0.999789882176567,0.,0.0204985730568576));
#13759=DIRECTION('',(7.74379918585584E-5,0.999999997001679,0.));
#13760=DIRECTION('',(0.999789879177616,-7.74217207571401E-5,-0.0204985731182931));
#13761=DIRECTION('',(-0.987491030179285,-0.156369940217944,0.0202461628881084));
#13762=DIRECTION('',(-0.890871690568746,-0.453887685561078,0.0182647156887747));
#13763=DIRECTION('',(-0.706979424893509,-0.707085579658242,0.0144939924317558));
#13764=DIRECTION('',(-0.453971663032651,-0.890967520009762,0.00930631242889803));
#13765=DIRECTION('',(-0.156482023820681,-0.987675601037309,0.00320676419070763));
#13766=DIRECTION('center_axis',(0.,-1.,0.));
#13767=DIRECTION('ref_axis',(0.,0.,-1.));
#13768=DIRECTION('',(-0.0204985731797285,0.,-0.999789882174047));
#13769=DIRECTION('',(0.999789882176567,0.,-0.0204985730568576));
#13770=DIRECTION('',(-0.0204985731797285,0.,-0.999789882174047));
#13771=DIRECTION('center_axis',(0.999789879177616,-7.74217207569956E-5,
-0.020498573118293));
#13772=DIRECTION('ref_axis',(-5.52819068168822E-5,-0.999999414590583,0.00108063055748326));
#13773=DIRECTION('',(7.74379918593933E-5,0.999999997001679,-1.71176888310622E-17));
#13774=DIRECTION('',(-0.0204986447825126,-0.00107927029429289,-0.999789298171226));
#13775=DIRECTION('',(-5.52819068168822E-5,-0.999999414590583,0.00108063055748326));
#13776=DIRECTION('',(-0.0204986447825126,-0.00107927029429289,-0.999789298171226));
#13777=DIRECTION('',(-0.0204986447825126,-0.00107927029429289,-0.999789298171226));
#13778=DIRECTION('center_axis',(0.987471519639635,-0.156514876279244,-0.0200771363467024));
#13779=DIRECTION('ref_axis',(-0.156460229651728,-0.987675011670805,0.00427409152963433));
#13780=DIRECTION('',(-0.0204986447825126,-0.00107927029429289,-0.999789298171226));
#13781=DIRECTION('',(-0.156460229651728,-0.987675011670805,0.00427409152963433));
#13782=DIRECTION('center_axis',(0.890790248636575,-0.454066987730208,-0.0177736768172604));
#13783=DIRECTION('ref_axis',(-0.453952132384098,-0.890966893789689,0.0102691613427461));
#13784=DIRECTION('',(-0.0204986447825126,-0.00107927029429289,-0.999789298171226));
#13785=DIRECTION('',(-0.453952132384098,-0.890966893789689,0.0102691613427461));
#13786=DIRECTION('center_axis',(0.706952444863485,-0.70712777678383,-0.0137312782470713));
#13787=DIRECTION('ref_axis',(-0.70696396390737,-0.707084961285693,0.0152581538853583));
#13788=DIRECTION('',(-0.0204986447825126,-0.00107927029429289,-0.999789298171226));
#13789=DIRECTION('',(-0.70696396390737,-0.707084961285693,0.0152581538853583));
#13790=DIRECTION('center_axis',(0.45381181778829,-0.891058491454353,-0.00834259209005445));
#13791=DIRECTION('ref_axis',(-0.890861739888838,-0.453887210640182,0.018755277110902));
#13792=DIRECTION('',(-0.0204986447825126,-0.00107927029429289,-0.999789298171226));
#13793=DIRECTION('',(-0.890861739888838,-0.453887210640182,0.018755277110902));
#13794=DIRECTION('center_axis',(0.156358846103181,-0.987697997035481,-0.00213960215502659));
#13795=DIRECTION('ref_axis',(-0.987487578052181,-0.156369759952914,0.0204152238514783));
#13796=DIRECTION('',(-0.987487578052181,-0.156369759952914,0.0204152238514783));
#13797=DIRECTION('center_axis',(0.0204985730568318,-1.58736833826357E-6,
0.999789882175307));
#13798=DIRECTION('ref_axis',(-7.74379918593937E-5,-0.999999997001679,-4.03360690183201E-22));
#13799=DIRECTION('',(7.74379918593937E-5,0.999999997001679,2.11758236813575E-22));
#13800=DIRECTION('',(0.999789879177616,-7.74217207571401E-5,-0.0204985731182931));
#13801=DIRECTION('',(7.74379918585584E-5,0.999999997001679,0.));
#13802=DIRECTION('',(0.156482023820681,0.987675601037309,-0.00320676419070763));
#13803=DIRECTION('',(0.453971663032651,0.890967520009762,-0.00930631242889803));
#13804=DIRECTION('',(0.706979424893509,0.707085579658242,-0.0144939924317558));
#13805=DIRECTION('',(0.890871690568746,0.453887685561078,-0.0182647156887747));
#13806=DIRECTION('',(0.987491030179285,0.156369940217944,-0.0202461628881084));
#13807=DIRECTION('center_axis',(-7.74379918595382E-5,-0.999999997001679,
2.96249773302192E-18));
#13808=DIRECTION('ref_axis',(-0.0204985730568317,1.58736833826356E-6,-0.999789882175307));
#13809=DIRECTION('',(0.0204985730568317,-1.58736833826356E-6,0.999789882175307));
#13810=DIRECTION('',(0.999789879177616,-7.74217207571401E-5,-0.0204985731182931));
#13811=DIRECTION('',(-0.0204985730568317,1.58736833826356E-6,-0.999789882175307));
#13812=DIRECTION('center_axis',(0.999789879177616,-7.74217207571401E-5,
-0.0204985731182931));
#13813=DIRECTION('ref_axis',(-0.0204985731797286,0.,-0.999789882174047));
#13814=DIRECTION('',(5.52819068169292E-5,0.999999414590583,-0.00108063055748096));
#13815=DIRECTION('center_axis',(0.999789879177616,-7.74217207569956E-5,
-0.020498573118293));
#13816=DIRECTION('ref_axis',(-5.52819068168822E-5,-0.999999414590583,0.00108063055748326));
#13817=DIRECTION('',(-0.0204986447825126,-0.00107927029429289,-0.999789298171226));
#13818=DIRECTION('',(-5.52819068168822E-5,-0.999999414590583,0.00108063055748326));
#13819=DIRECTION('center_axis',(-5.52819068168433E-5,-0.999999414590583,
0.00108063055748333));
#13820=DIRECTION('ref_axis',(-0.999789879177616,7.7421720756958E-5,0.0204985731182929));
#13821=DIRECTION('',(-0.0204986447825126,-0.00107927029429289,-0.999789298171226));
#13822=DIRECTION('',(-0.999789879177616,7.7421720756958E-5,0.0204985731182929));
#13823=DIRECTION('',(-0.0204986447825126,-0.00107927029429289,-0.999789298171226));
#13824=DIRECTION('center_axis',(0.999789879177616,-7.74217207569956E-5,
-0.020498573118293));
#13825=DIRECTION('ref_axis',(-5.52819068168822E-5,-0.999999414590583,0.00108063055748326));
#13826=DIRECTION('',(-0.0204986447825126,-0.00107927029429289,-0.999789298171226));
#13827=DIRECTION('center_axis',(0.156358846103181,-0.987697997035481,-0.00213960215502659));
#13828=DIRECTION('ref_axis',(-0.987487578052181,-0.156369759952914,0.0204152238514783));
#13829=DIRECTION('',(-0.0204986447825126,-0.00107927029429289,-0.999789298171226));
#13830=DIRECTION('center_axis',(0.45381181778829,-0.891058491454353,-0.00834259209005445));
#13831=DIRECTION('ref_axis',(-0.890861739888838,-0.453887210640182,0.018755277110902));
#13832=DIRECTION('',(-0.0204986447825126,-0.00107927029429289,-0.999789298171226));
#13833=DIRECTION('center_axis',(0.706952444863485,-0.70712777678383,-0.0137312782470713));
#13834=DIRECTION('ref_axis',(-0.70696396390737,-0.707084961285693,0.0152581538853583));
#13835=DIRECTION('',(-0.0204986447825126,-0.00107927029429289,-0.999789298171226));
#13836=DIRECTION('center_axis',(0.890790248636575,-0.454066987730208,-0.0177736768172604));
#13837=DIRECTION('ref_axis',(-0.453952132384098,-0.890966893789689,0.0102691613427461));
#13838=DIRECTION('',(-0.0204986447825126,-0.00107927029429289,-0.999789298171226));
#13839=DIRECTION('center_axis',(0.987471519639635,-0.156514876279244,-0.0200771363467024));
#13840=DIRECTION('ref_axis',(-0.156460229651728,-0.987675011670805,0.00427409152963433));
#13841=DIRECTION('center_axis',(0.987490679778763,0.156350165501114,-0.0204152662939029));
#13842=DIRECTION('ref_axis',(0.156339255825775,-0.987701098978535,-0.00213919714771808));
#13843=DIRECTION('',(0.156339255825775,-0.987701098978535,-0.00213919714771808));
#13844=DIRECTION('',(-0.0204986447825126,-0.00107927029429289,-0.999789298171226));
#13845=DIRECTION('center_axis',(0.89084044441675,0.453929021826689,-0.0187548856256694));
#13846=DIRECTION('ref_axis',(0.453853619742585,-0.891037192444343,-0.00834347214628503));
#13847=DIRECTION('',(0.453853619742585,-0.891037192444343,-0.00834347214628503));
#13848=DIRECTION('',(-0.0204986447825126,-0.00107927029429289,-0.999789298171226));
#13849=DIRECTION('center_axis',(0.706992532003009,0.707056384950104,-0.0152587087679277));
#13850=DIRECTION('ref_axis',(0.706923875147851,-0.70715635023446,-0.0137306616382218));
#13851=DIRECTION('',(0.706923875147851,-0.707156350234459,-0.0137306616382218));
#13852=DIRECTION('',(-0.0204986447825126,-0.00107927029429289,-0.999789298171226));
#13853=DIRECTION('center_axis',(0.453970816608911,0.890957369539035,-0.0102695341433427));
#13854=DIRECTION('ref_axis',(0.890780726795051,-0.454085675660128,-0.0177734614177005));
#13855=DIRECTION('',(0.890780726795051,-0.454085675660128,-0.0177734614177005));
#13856=DIRECTION('',(-0.0204986447825126,-0.00107927029429289,-0.999789298171226));
#13857=DIRECTION('center_axis',(0.156468048485193,0.987673772348891,-0.0042742505010565));
#13858=DIRECTION('ref_axis',(0.987470280750421,-0.156522696723965,-0.0200771025036479));
#13859=DIRECTION('',(0.987470280750421,-0.156522696723965,-0.0200771025036479));
#13860=DIRECTION('',(-0.0204986447825126,-0.00107927029429289,-0.999789298171226));
#13861=DIRECTION('center_axis',(5.52819068168433E-5,0.999999414590583,-0.00108063055748333));
#13862=DIRECTION('ref_axis',(0.999789879177616,-7.7421720756958E-5,-0.0204985731182929));
#13863=DIRECTION('',(0.999789879177616,-7.7421720756958E-5,-0.0204985731182929));
#13864=DIRECTION('',(-0.0204986447825126,-0.00107927029429289,-0.999789298171226));
#13865=DIRECTION('center_axis',(-0.999789879177616,7.74217207569956E-5,
0.020498573118293));
#13866=DIRECTION('ref_axis',(5.52819068168822E-5,0.999999414590583,-0.00108063055748326));
#13867=DIRECTION('',(5.52819068168822E-5,0.999999414590583,-0.00108063055748326));
#13868=DIRECTION('center_axis',(-0.0204986447825126,-0.00107927029429289,
-0.999789298171226));
#13869=DIRECTION('ref_axis',(-0.999789880461203,0.,0.0204986567211835));
#13870=DIRECTION('center_axis',(0.999789879177615,-7.74217209943309E-5,
-0.0204985731183158));
#13871=DIRECTION('ref_axis',(7.74379920966791E-5,0.999999997001679,-4.86580601421097E-15));
#13872=DIRECTION('',(0.0203902646209032,-0.0989739246652726,0.99488109809416));
#13873=DIRECTION('center_axis',(-0.999789879177615,7.74217209943309E-5,
0.0204985731183158));
#13874=DIRECTION('ref_axis',(7.7437992096579E-5,0.999999997001679,-4.86375389469837E-15));
#13875=DIRECTION('',(0.00273036250281234,0.991585514091942,0.129424546990213));
#13876=DIRECTION('center_axis',(-0.999789879177615,7.74217209943309E-5,
0.0204985731183158));
#13877=DIRECTION('ref_axis',(7.7437992096579E-5,0.999999997001679,-4.86375389469837E-15));
#13878=DIRECTION('',(0.00789556188656588,0.924292084776483,0.381604248039823));
#13879=DIRECTION('center_axis',(-0.999789879177615,7.74217209943309E-5,
0.0204985731183158));
#13880=DIRECTION('ref_axis',(7.7437992096579E-5,0.999999997001679,-4.86375389469837E-15));
#13881=DIRECTION('',(0.0125227940731145,0.794004211677339,0.607783260272319));
#13882=DIRECTION('center_axis',(-0.999789879177615,7.74217209943309E-5,
0.0204985731183158));
#13883=DIRECTION('ref_axis',(7.7437992096579E-5,0.999999997001679,-4.86375389469837E-15));
#13884=DIRECTION('',(0.0162962625449106,0.609621092827395,0.79252542861854));
#13885=DIRECTION('',(0.0189593960183395,0.383684804313192,0.923269468921055));
#13886=DIRECTION('',(0.0203304792432352,0.131600891490328,0.991094282585008));
#13887=DIRECTION('',(0.0204806470166755,-0.0382088786756444,0.999059870422253));
#13888=DIRECTION('',(0.0203500597005344,-0.116465600563691,0.992986222943462));
#13889=DIRECTION('',(0.0200939087249111,-0.194049918476005,0.980785840013818));
#13890=DIRECTION('',(0.0197139835252832,-0.270408181112924,0.962543907798893));
#13891=DIRECTION('',(0.0192126234388162,-0.345090303628091,0.938372824330751));
#13892=DIRECTION('center_axis',(0.999789879177615,-7.74217209943309E-5,
-0.0204985731183158));
#13893=DIRECTION('ref_axis',(7.7437992096579E-5,0.999999997001679,-4.86375384839712E-15));
#13894=DIRECTION('center_axis',(-0.999789879177615,7.74217209942307E-5,
0.0204985731183172));
#13895=DIRECTION('ref_axis',(7.7437992096579E-5,0.999999997001679,-4.86375389469837E-15));
#13896=DIRECTION('',(-0.999789879177615,7.74217209942307E-5,0.0204985731183172));
#13897=DIRECTION('center_axis',(-0.999789879177616,7.7421720756958E-5,0.0204985731182929));
#13898=DIRECTION('ref_axis',(7.74379918593561E-5,0.999999997001679,0.));
#13899=DIRECTION('',(-0.999789879177615,7.74217209942307E-5,0.0204985731183172));
#13900=DIRECTION('center_axis',(0.0162288977633179,-0.607912251763792,0.793838344395673));
#13901=DIRECTION('ref_axis',(0.0125227940729121,0.794004211677339,0.607783260272323));
#13902=DIRECTION('',(-0.999789879177615,7.74217209942307E-5,0.0204985731183172));
#13903=DIRECTION('',(0.0125227940729121,0.794004211677339,0.607783260272323));
#13904=DIRECTION('center_axis',(-0.999789879177615,7.74217209942307E-5,
0.0204985731183172));
#13905=DIRECTION('ref_axis',(7.7437992096579E-5,0.999999997001679,-4.86375389469837E-15));
#13906=DIRECTION('',(-0.999789879177615,7.74217209942307E-5,0.0204985731183172));
#13907=DIRECTION('center_axis',(-0.999789879177616,7.7421720756958E-5,0.0204985731182929));
#13908=DIRECTION('ref_axis',(7.74379918593561E-5,0.999999997001679,0.));
#13909=DIRECTION('center_axis',(0.0189171244248506,-0.381685912794041,0.924098483051495));
#13910=DIRECTION('ref_axis',(0.00789556188633775,0.924292084776483,0.381604248039828));
#13911=DIRECTION('',(-0.999789879177615,7.74217209942307E-5,0.0204985731183172));
#13912=DIRECTION('',(0.00789556188633775,0.924292084776483,0.381604248039828));
#13913=DIRECTION('center_axis',(-0.999789879177615,7.74217209942307E-5,
0.0204985731183172));
#13914=DIRECTION('ref_axis',(7.7437992096579E-5,0.999999997001679,-4.86375389469837E-15));
#13915=DIRECTION('',(-0.999789879177615,7.74217209942307E-5,0.0204985731183172));
#13916=DIRECTION('center_axis',(-0.999789879177616,7.7421720756958E-5,0.0204985731182929));
#13917=DIRECTION('ref_axis',(7.74379918593561E-5,0.999999997001679,0.));
#13918=DIRECTION('center_axis',(0.0203160678925109,-0.129453320733366,0.99137737271762));
#13919=DIRECTION('ref_axis',(0.00273036250257404,0.991585514091942,0.129424546990218));
#13920=DIRECTION('',(-0.999789879177615,7.74217209942307E-5,0.0204985731183172));
#13921=DIRECTION('',(0.00273036250257404,0.991585514091942,0.129424546990218));
#13922=DIRECTION('center_axis',(-0.999789879177615,7.74217209942307E-5,
0.0204985731183172));
#13923=DIRECTION('ref_axis',(7.7437992096579E-5,0.999999997001679,-4.86375389469837E-15));
#13924=DIRECTION('',(-0.999789879177615,7.74217209942307E-5,0.0204985731183172));
#13925=DIRECTION('center_axis',(-0.999789879177616,7.7421720756958E-5,0.0204985731182929));
#13926=DIRECTION('ref_axis',(7.74379918593561E-5,0.999999997001679,0.));
#13927=DIRECTION('center_axis',(-0.00210584963835698,-0.995090024189887,
-0.0989515495334488));
#13928=DIRECTION('ref_axis',(0.0203902646209032,-0.0989739246652726,0.99488109809416));
#13929=DIRECTION('',(-0.999789879177615,7.74217209942307E-5,0.0204985731183172));
#13930=DIRECTION('',(0.0203902646209032,-0.0989739246652726,0.99488109809416));
#13931=DIRECTION('center_axis',(-0.999789879177615,7.74217209942307E-5,
0.0204985731183172));
#13932=DIRECTION('ref_axis',(7.7437992096579E-5,0.999999997001679,-4.86375384839712E-15));
#13933=DIRECTION('center_axis',(0.999789879177616,-7.7421720756958E-5,-0.0204985731182929));
#13934=DIRECTION('ref_axis',(7.74379918593561E-5,0.999999997001679,0.));
#13935=DIRECTION('',(0.999789879177615,-7.74217209942307E-5,-0.0204985731183172));
#13936=DIRECTION('center_axis',(0.0124350038631754,-0.79269295265305,0.609494260426719));
#13937=DIRECTION('ref_axis',(0.0162962625447477,0.609621092827395,0.792525428618543));
#13938=DIRECTION('',(0.0162962625447477,0.609621092827395,0.792525428618543));
#13939=DIRECTION('',(-0.999789879177615,7.74217209942307E-5,0.0204985731183172));
#13940=DIRECTION('center_axis',(0.00779350990437588,-0.923464111346524,
0.383605652015642));
#13941=DIRECTION('ref_axis',(0.0189593960182272,0.383684804313192,0.923269468921058));
#13942=DIRECTION('',(0.0189593960182272,0.383684804313192,0.923269468921058));
#13943=DIRECTION('',(-0.999789879177615,7.74217209942307E-5,0.0204985731183172));
#13944=DIRECTION('center_axis',(0.00262089827162495,-0.991302778854588,
0.131574813423474));
#13945=DIRECTION('ref_axis',(0.0203304792431812,0.131600891490328,0.991094282585009));
#13946=DIRECTION('',(0.0203304792431812,0.131600891490328,0.991094282585009));
#13947=DIRECTION('',(-0.999789879177615,7.74217209942307E-5,0.0204985731183172));
#13948=DIRECTION('center_axis',(-0.000860576427845969,-0.99926977118105,
-0.0381992645476955));
#13949=DIRECTION('ref_axis',(0.0204806470166917,-0.0382088786756444,0.999059870422252));
#13950=DIRECTION('',(0.0204806470166917,-0.0382088786756443,0.999059870422252));
#13951=DIRECTION('',(-0.999789879177615,7.74217209942307E-5,0.0204985731183172));
#13952=DIRECTION('center_axis',(-0.00246425733122737,-0.993194723048414,
-0.116439553179276));
#13953=DIRECTION('ref_axis',(0.0203500597005091,-0.116465600563691,0.992986222943463));
#13954=DIRECTION('',(0.0203500597005091,-0.116465600563691,0.992986222943463));
#13955=DIRECTION('',(-0.999789879177615,7.74217209942307E-5,0.0204985731183172));
#13956=DIRECTION('center_axis',(-0.00405368057014452,-0.980991652943761,
-0.194007588842556));
#13957=DIRECTION('ref_axis',(0.0200939087249647,-0.194049918476005,0.980785840013817));
#13958=DIRECTION('',(0.0200939087249647,-0.194049918476005,0.980785840013817));
#13959=DIRECTION('',(-0.999789879177615,7.74217209942307E-5,0.0204985731183172));
#13960=DIRECTION('center_axis',(-0.00561750367820873,-0.962745765814152,
-0.270349836432997));
#13961=DIRECTION('ref_axis',(0.0197139835253252,-0.270408181112924,0.962543907798893));
#13962=DIRECTION('',(0.0197139835253252,-0.270408181112924,0.962543907798893));
#13963=DIRECTION('',(-0.999789879177615,7.74217209942307E-5,0.0204985731183172));
#13964=DIRECTION('center_axis',(-0.00714650926033659,-0.938569484027554,
-0.345016305495324));
#13965=DIRECTION('ref_axis',(0.0192126234388162,-0.345090303628091,0.938372824330751));
#13966=DIRECTION('',(0.0192126234388162,-0.345090303628091,0.938372824330751));
#13967=DIRECTION('center_axis',(0.999789879177615,-7.74217209943309E-5,
-0.0204985731183158));
#13968=DIRECTION('ref_axis',(7.74379920966791E-5,0.999999997001679,-4.86580601421097E-15));
#13969=DIRECTION('center_axis',(0.,0.,-1.));
#13970=DIRECTION('ref_axis',(-1.,0.,0.));
#13971=DIRECTION('center_axis',(0.,0.,1.));
#13972=DIRECTION('ref_axis',(-1.,0.,0.));
#13973=DIRECTION('',(0.,0.,1.));
#13974=DIRECTION('center_axis',(0.,0.,-1.));
#13975=DIRECTION('ref_axis',(-1.,0.,0.));
#13976=DIRECTION('center_axis',(0.195091433993486,-0.980785059216526,0.));
#13977=DIRECTION('ref_axis',(-0.980785059216526,-0.195091433993486,0.));
#13978=DIRECTION('',(-0.980785059216526,-0.195091433993486,0.));
#13979=DIRECTION('',(0.,0.,-1.));
#13980=DIRECTION('',(-0.980785059216526,-0.195091433993486,0.));
#13981=DIRECTION('',(0.,0.,-1.));
#13982=DIRECTION('center_axis',(0.271439586847101,-0.962455479849471,0.));
#13983=DIRECTION('ref_axis',(-0.962455479849471,-0.271439586847101,0.));
#13984=DIRECTION('',(-0.962455479849471,-0.271439586847101,0.));
#13985=DIRECTION('',(-0.962455479849471,-0.271439586847101,0.));
#13986=DIRECTION('',(0.,0.,-1.));
#13987=DIRECTION('center_axis',(0.346099684196373,-0.938197744933961,0.));
#13988=DIRECTION('ref_axis',(-0.938197744933962,-0.346099684196373,0.));
#13989=DIRECTION('',(-0.938197744933961,-0.346099684196373,0.));
#13990=DIRECTION('',(-0.938197744933961,-0.346099684196373,0.));
#13991=DIRECTION('',(0.,0.,-1.));
#13992=DIRECTION('center_axis',(0.418674561682417,-0.908136339653929,0.));
#13993=DIRECTION('ref_axis',(-0.908136339653929,-0.418674561682417,0.));
#13994=DIRECTION('',(-0.908136339653929,-0.418674561682417,0.));
#13995=DIRECTION('',(-0.908136339653929,-0.418674561682417,0.));
#13996=DIRECTION('',(0.,0.,-1.));
#13997=DIRECTION('center_axis',(0.48861347782136,-0.872500354894664,0.));
#13998=DIRECTION('ref_axis',(-0.872500354894664,-0.48861347782136,0.));
#13999=DIRECTION('',(-0.872500354894664,-0.48861347782136,0.));
#14000=DIRECTION('',(-0.872500354894664,-0.48861347782136,0.));
#14001=DIRECTION('',(0.,0.,-1.));
#14002=DIRECTION('center_axis',(0.555570636227186,-0.83146934288771,0.));
#14003=DIRECTION('ref_axis',(-0.83146934288771,-0.555570636227186,0.));
#14004=DIRECTION('',(-0.831469342887709,-0.555570636227186,0.));
#14005=DIRECTION('',(-0.831469342887709,-0.555570636227186,0.));
#14006=DIRECTION('',(0.,0.,-1.));
#14007=DIRECTION('center_axis',(0.619103833115464,-0.785309139015802,0.));
#14008=DIRECTION('ref_axis',(-0.785309139015802,-0.619103833115464,0.));
#14009=DIRECTION('',(-0.785309139015802,-0.619103833115464,0.));
#14010=DIRECTION('',(-0.785309139015802,-0.619103833115464,0.));
#14011=DIRECTION('',(0.,0.,-1.));
#14012=DIRECTION('center_axis',(0.678808932568595,-0.734314941333135,0.));
#14013=DIRECTION('ref_axis',(-0.734314941333135,-0.678808932568595,0.));
#14014=DIRECTION('',(-0.734314941333135,-0.678808932568595,0.));
#14015=DIRECTION('',(-0.734314941333135,-0.678808932568595,0.));
#14016=DIRECTION('',(0.,0.,-1.));
#14017=DIRECTION('center_axis',(0.734306564170726,-0.678817994616954,0.));
#14018=DIRECTION('ref_axis',(-0.678817994616954,-0.734306564170726,0.));
#14019=DIRECTION('',(-0.678817994616954,-0.734306564170726,0.));
#14020=DIRECTION('',(-0.678817994616954,-0.734306564170726,0.));
#14021=DIRECTION('',(0.,0.,-1.));
#14022=DIRECTION('center_axis',(0.785310576185985,-0.619102010116618,0.));
#14023=DIRECTION('ref_axis',(-0.619102010116618,-0.785310576185985,0.));
#14024=DIRECTION('',(-0.619102010116618,-0.785310576185985,0.));
#14025=DIRECTION('',(-0.619102010116618,-0.785310576185985,0.));
#14026=DIRECTION('',(0.,0.,-1.));
#14027=DIRECTION('center_axis',(0.831459362855534,-0.555585572094767,0.));
#14028=DIRECTION('ref_axis',(-0.555585572094767,-0.831459362855534,0.));
#14029=DIRECTION('',(-0.555585572094767,-0.831459362855534,0.));
#14030=DIRECTION('',(-0.555585572094767,-0.831459362855534,0.));
#14031=DIRECTION('',(0.,0.,-1.));
#14032=DIRECTION('center_axis',(0.872527555574437,-0.488564903327387,0.));
#14033=DIRECTION('ref_axis',(-0.488564903327387,-0.872527555574437,0.));
#14034=DIRECTION('',(-0.488564903327387,-0.872527555574437,0.));
#14035=DIRECTION('',(-0.488564903327387,-0.872527555574437,0.));
#14036=DIRECTION('',(0.,0.,-1.));
#14037=DIRECTION('center_axis',(0.908132781071152,-0.418682280427504,0.));
#14038=DIRECTION('ref_axis',(-0.418682280427504,-0.908132781071152,0.));
#14039=DIRECTION('',(-0.418682280427504,-0.908132781071152,0.));
#14040=DIRECTION('',(-0.418682280427504,-0.908132781071152,0.));
#14041=DIRECTION('',(0.,0.,-1.));
#14042=DIRECTION('center_axis',(0.938196494490223,-0.346103073846878,0.));
#14043=DIRECTION('ref_axis',(-0.346103073846878,-0.938196494490223,0.));
#14044=DIRECTION('',(-0.346103073846878,-0.938196494490223,0.));
#14045=DIRECTION('',(-0.346103073846878,-0.938196494490223,0.));
#14046=DIRECTION('',(0.,0.,-1.));
#14047=DIRECTION('center_axis',(0.962453364465596,-0.271447087346418,0.));
#14048=DIRECTION('ref_axis',(-0.271447087346418,-0.962453364465596,0.));
#14049=DIRECTION('',(-0.271447087346418,-0.962453364465596,0.));
#14050=DIRECTION('',(-0.271447087346418,-0.962453364465596,0.));
#14051=DIRECTION('',(0.,0.,-1.));
#14052=DIRECTION('center_axis',(0.980781652228307,-0.19510856119687,0.));
#14053=DIRECTION('ref_axis',(-0.19510856119687,-0.980781652228307,0.));
#14054=DIRECTION('',(-0.19510856119687,-0.980781652228307,0.));
#14055=DIRECTION('',(-0.19510856119687,-0.980781652228307,0.));
#14056=DIRECTION('',(0.,0.,-1.));
#14057=DIRECTION('center_axis',(0.993068449712454,-0.117537458649158,0.));
#14058=DIRECTION('ref_axis',(-0.117537458649158,-0.993068449712454,0.));
#14059=DIRECTION('',(-0.117537458649158,-0.993068449712454,0.));
#14060=DIRECTION('',(-0.117537458649158,-0.993068449712454,0.));
#14061=DIRECTION('',(0.,0.,-1.));
#14062=DIRECTION('center_axis',(0.999227954480881,-0.0392873387232384,0.));
#14063=DIRECTION('ref_axis',(-0.0392873387232384,-0.999227954480881,0.));
#14064=DIRECTION('',(-0.0392873387232384,-0.999227954480881,0.));
#14065=DIRECTION('',(-0.0392873387232384,-0.999227954480881,0.));
#14066=DIRECTION('',(0.,0.,-1.));
#14067=DIRECTION('center_axis',(0.99144423741234,0.130530931590426,0.));
#14068=DIRECTION('ref_axis',(0.130530931590426,-0.99144423741234,0.));
#14069=DIRECTION('',(0.130530931590426,-0.99144423741234,0.));
#14070=DIRECTION('',(0.130530931590426,-0.99144423741234,0.));
#14071=DIRECTION('',(0.,0.,-1.));
#14072=DIRECTION('center_axis',(0.923877675891434,0.382687914611166,0.));
#14073=DIRECTION('ref_axis',(0.382687914611166,-0.923877675891434,0.));
#14074=DIRECTION('',(0.382687914611166,-0.923877675891434,0.));
#14075=DIRECTION('',(0.382687914611166,-0.923877675891434,0.));
#14076=DIRECTION('',(0.,0.,-1.));
#14077=DIRECTION('center_axis',(0.793350439294856,0.608765209642157,0.));
#14078=DIRECTION('ref_axis',(0.608765209642157,-0.793350439294856,0.));
#14079=DIRECTION('',(0.608765209642157,-0.793350439294856,0.));
#14080=DIRECTION('',(0.608765209642157,-0.793350439294856,0.));
#14081=DIRECTION('',(0.,0.,-1.));
#14082=DIRECTION('center_axis',(0.608768844694442,0.793347649980382,0.));
#14083=DIRECTION('ref_axis',(0.793347649980382,-0.608768844694442,0.));
#14084=DIRECTION('',(0.793347649980382,-0.608768844694442,0.));
#14085=DIRECTION('',(0.793347649980382,-0.608768844694442,0.));
#14086=DIRECTION('',(0.,0.,-1.));
#14087=DIRECTION('center_axis',(0.382683252635722,0.923879606957608,0.));
#14088=DIRECTION('ref_axis',(0.923879606957608,-0.382683252635722,0.));
#14089=DIRECTION('',(0.923879606957608,-0.382683252635722,0.));
#14090=DIRECTION('',(0.923879606957608,-0.382683252635722,0.));
#14091=DIRECTION('',(0.,0.,-1.));
#14092=DIRECTION('center_axis',(0.130523434522155,0.991445224427724,0.));
#14093=DIRECTION('ref_axis',(0.991445224427724,-0.130523434522155,0.));
#14094=DIRECTION('',(0.991445224427724,-0.130523434522155,0.));
#14095=DIRECTION('',(0.991445224427724,-0.130523434522155,0.));
#14096=DIRECTION('',(0.,0.,-1.));
#14097=DIRECTION('center_axis',(-0.130523434522155,0.991445224427724,0.));
#14098=DIRECTION('ref_axis',(0.991445224427724,0.130523434522155,0.));
#14099=DIRECTION('',(0.991445224427724,0.130523434522155,0.));
#14100=DIRECTION('',(0.991445224427724,0.130523434522155,0.));
#14101=DIRECTION('',(0.,0.,-1.));
#14102=DIRECTION('center_axis',(-0.38268669689617,0.923878180291481,0.));
#14103=DIRECTION('ref_axis',(0.923878180291481,0.38268669689617,0.));
#14104=DIRECTION('',(0.923878180291481,0.38268669689617,0.));
#14105=DIRECTION('',(0.923878180291481,0.38268669689617,0.));
#14106=DIRECTION('',(0.,0.,-1.));
#14107=DIRECTION('center_axis',(-0.608759434722626,0.793354870556795,0.));
#14108=DIRECTION('ref_axis',(0.793354870556795,0.608759434722626,0.));
#14109=DIRECTION('',(0.793354870556795,0.608759434722626,0.));
#14110=DIRECTION('',(0.793354870556795,0.608759434722626,0.));
#14111=DIRECTION('',(0.,0.,-1.));
#14112=DIRECTION('center_axis',(-0.793350439294856,0.608765209642157,0.));
#14113=DIRECTION('ref_axis',(0.608765209642157,0.793350439294856,0.));
#14114=DIRECTION('',(0.608765209642157,0.793350439294856,0.));
#14115=DIRECTION('',(0.608765209642157,0.793350439294856,0.));
#14116=DIRECTION('',(0.,0.,-1.));
#14117=DIRECTION('center_axis',(-0.923881120153762,0.382679599434605,0.));
#14118=DIRECTION('ref_axis',(0.382679599434605,0.923881120153762,0.));
#14119=DIRECTION('',(0.382679599434605,0.923881120153762,0.));
#14120=DIRECTION('',(0.382679599434605,0.923881120153762,0.));
#14121=DIRECTION('',(0.,0.,-1.));
#14122=DIRECTION('center_axis',(-0.991445498099712,0.13052135571551,0.));
#14123=DIRECTION('ref_axis',(0.13052135571551,0.991445498099712,0.));
#14124=DIRECTION('',(0.13052135571551,0.991445498099712,0.));
#14125=DIRECTION('',(0.13052135571551,0.991445498099712,0.));
#14126=DIRECTION('',(0.,0.,-1.));
#14127=DIRECTION('center_axis',(-0.999229225437631,-0.039255000080399,0.));
#14128=DIRECTION('ref_axis',(-0.039255000080399,0.999229225437631,0.));
#14129=DIRECTION('',(-0.039255000080399,0.999229225437631,0.));
#14130=DIRECTION('',(-0.039255000080399,0.999229225437631,0.));
#14131=DIRECTION('',(0.,0.,-1.));
#14132=DIRECTION('center_axis',(-0.993072229674574,-0.117505517526499,0.));
#14133=DIRECTION('ref_axis',(-0.117505517526499,0.993072229674574,0.));
#14134=DIRECTION('',(-0.117505517526499,0.993072229674574,0.));
#14135=DIRECTION('',(-0.117505517526499,0.993072229674574,0.));
#14136=DIRECTION('',(0.,0.,-1.));
#14137=DIRECTION('center_axis',(-0.980781652228307,-0.19510856119687,0.));
#14138=DIRECTION('ref_axis',(-0.19510856119687,0.980781652228307,0.));
#14139=DIRECTION('',(-0.19510856119687,0.980781652228307,0.));
#14140=DIRECTION('',(-0.19510856119687,0.980781652228307,0.));
#14141=DIRECTION('',(0.,0.,-1.));
#14142=DIRECTION('center_axis',(-0.962444902438582,-0.271477088849111,0.));
#14143=DIRECTION('ref_axis',(-0.271477088849111,0.962444902438582,0.));
#14144=DIRECTION('',(-0.271477088849111,0.962444902438582,0.));
#14145=DIRECTION('',(-0.271477088849111,0.962444902438582,0.));
#14146=DIRECTION('',(0.,0.,-1.));
#14147=DIRECTION('center_axis',(-0.938196494490223,-0.346103073846878,0.));
#14148=DIRECTION('ref_axis',(-0.346103073846878,0.938196494490223,0.));
#14149=DIRECTION('',(-0.346103073846878,0.938196494490223,0.));
#14150=DIRECTION('',(-0.346103073846878,0.938196494490223,0.));
#14151=DIRECTION('',(0.,0.,-1.));
#14152=DIRECTION('center_axis',(-0.908145095458245,-0.418655569167705,0.));
#14153=DIRECTION('ref_axis',(-0.418655569167705,0.908145095458245,0.));
#14154=DIRECTION('',(-0.418655569167705,0.908145095458245,0.));
#14155=DIRECTION('',(-0.418655569167705,0.908145095458245,0.));
#14156=DIRECTION('',(0.,0.,-1.));
#14157=DIRECTION('center_axis',(-0.872499940556647,-0.488614217689833,0.));
#14158=DIRECTION('ref_axis',(-0.488614217689833,0.872499940556647,0.));
#14159=DIRECTION('',(-0.488614217689833,0.872499940556647,0.));
#14160=DIRECTION('',(-0.488614217689833,0.872499940556647,0.));
#14161=DIRECTION('',(0.,0.,-1.));
#14162=DIRECTION('center_axis',(-0.831459362855534,-0.555585572094767,0.));
#14163=DIRECTION('ref_axis',(-0.555585572094767,0.831459362855534,0.));
#14164=DIRECTION('',(-0.555585572094767,0.831459362855534,0.));
#14165=DIRECTION('',(-0.555585572094767,0.831459362855534,0.));
#14166=DIRECTION('',(0.,0.,-1.));
#14167=DIRECTION('center_axis',(-0.785326323020895,-0.619082035250967,0.));
#14168=DIRECTION('ref_axis',(-0.619082035250967,0.785326323020895,0.));
#14169=DIRECTION('',(-0.619082035250967,0.785326323020895,0.));
#14170=DIRECTION('',(-0.619082035250967,0.785326323020895,0.));
#14171=DIRECTION('',(0.,0.,-1.));
#14172=DIRECTION('center_axis',(-0.734322708407083,-0.678800530286833,0.));
#14173=DIRECTION('ref_axis',(-0.678800530286833,0.734322708407083,0.));
#14174=DIRECTION('',(-0.678800530286833,0.734322708407083,0.));
#14175=DIRECTION('',(-0.678800530286833,0.734322708407083,0.));
#14176=DIRECTION('',(0.,0.,-1.));
#14177=DIRECTION('center_axis',(-0.678808932568595,-0.734314941333135,0.));
#14178=DIRECTION('ref_axis',(-0.734314941333135,0.678808932568595,0.));
#14179=DIRECTION('',(-0.734314941333135,0.678808932568595,0.));
#14180=DIRECTION('',(-0.734314941333135,0.678808932568595,0.));
#14181=DIRECTION('',(0.,0.,-1.));
#14182=DIRECTION('center_axis',(-0.619072339721706,-0.785333966024323,0.));
#14183=DIRECTION('ref_axis',(-0.785333966024323,0.619072339721706,0.));
#14184=DIRECTION('',(-0.785333966024323,0.619072339721706,0.));
#14185=DIRECTION('',(-0.785333966024323,0.619072339721706,0.));
#14186=DIRECTION('',(0.,0.,-1.));
#14187=DIRECTION('center_axis',(-0.555600560267188,-0.831449347483529,0.));
#14188=DIRECTION('ref_axis',(-0.831449347483529,0.555600560267188,0.));
#14189=DIRECTION('',(-0.831449347483529,0.555600560267188,0.));
#14190=DIRECTION('',(-0.831449347483529,0.555600560267188,0.));
#14191=DIRECTION('',(0.,0.,-1.));
#14192=DIRECTION('center_axis',(-0.488599670645751,-0.872508086979636,0.));
#14193=DIRECTION('ref_axis',(-0.872508086979636,0.488599670645751,0.));
#14194=DIRECTION('',(-0.872508086979636,0.488599670645751,0.));
#14195=DIRECTION('',(-0.872508086979636,0.488599670645751,0.));
#14196=DIRECTION('',(0.,0.,-1.));
#14197=DIRECTION('center_axis',(-0.418674561682417,-0.908136339653929,0.));
#14198=DIRECTION('ref_axis',(-0.908136339653929,0.418674561682417,0.));
#14199=DIRECTION('',(-0.908136339653929,0.418674561682417,0.));
#14200=DIRECTION('',(-0.908136339653929,0.418674561682417,0.));
#14201=DIRECTION('',(0.,0.,-1.));
#14202=DIRECTION('center_axis',(-0.346099684196373,-0.938197744933961,0.));
#14203=DIRECTION('ref_axis',(-0.938197744933962,0.346099684196373,0.));
#14204=DIRECTION('',(-0.938197744933961,0.346099684196373,0.));
#14205=DIRECTION('',(-0.938197744933961,0.346099684196373,0.));
#14206=DIRECTION('',(0.,0.,-1.));
#14207=DIRECTION('center_axis',(-0.271439586847101,-0.962455479849471,0.));
#14208=DIRECTION('ref_axis',(-0.962455479849471,0.271439586847101,0.));
#14209=DIRECTION('',(-0.962455479849471,0.271439586847101,0.));
#14210=DIRECTION('',(-0.962455479849471,0.271439586847101,0.));
#14211=DIRECTION('',(0.,0.,-1.));
#14212=DIRECTION('center_axis',(-0.195103829331405,-0.98078259353448,0.));
#14213=DIRECTION('ref_axis',(-0.98078259353448,0.195103829331405,0.));
#14214=DIRECTION('',(-0.98078259353448,0.195103829331405,0.));
#14215=DIRECTION('',(-0.98078259353448,0.195103829331405,0.));
#14216=DIRECTION('',(0.,0.,-1.));
#14217=DIRECTION('center_axis',(-0.117527063293328,-0.993069680029375,0.));
#14218=DIRECTION('ref_axis',(-0.993069680029375,0.117527063293328,0.));
#14219=DIRECTION('',(-0.993069680029375,0.117527063293328,0.));
#14220=DIRECTION('',(-0.993069680029375,0.117527063293328,0.));
#14221=DIRECTION('',(0.,0.,-1.));
#14222=DIRECTION('center_axis',(-0.0392646731867734,-0.999228845380044,
0.));
#14223=DIRECTION('ref_axis',(-0.999228845380044,0.0392646731867734,0.));
#14224=DIRECTION('',(-0.999228845380044,0.0392646731867734,0.));
#14225=DIRECTION('',(-0.999228845380044,0.0392646731867734,0.));
#14226=DIRECTION('',(0.,0.,-1.));
#14227=DIRECTION('center_axis',(0.0392621317538584,-0.999228945242352,0.));
#14228=DIRECTION('ref_axis',(-0.999228945242352,-0.0392621317538584,0.));
#14229=DIRECTION('',(-0.999228945242352,-0.0392621317538584,0.));
#14230=DIRECTION('',(-0.999228945242352,-0.0392621317538584,0.));
#14231=DIRECTION('',(0.,0.,-1.));
#14232=DIRECTION('center_axis',(0.117542184414584,-0.99306789036956,0.));
#14233=DIRECTION('ref_axis',(-0.99306789036956,-0.117542184414584,0.));
#14234=DIRECTION('',(-0.99306789036956,-0.117542184414584,0.));
#14235=DIRECTION('',(-0.99306789036956,-0.117542184414584,0.));
#14236=DIRECTION('center_axis',(0.,0.,1.));
#14237=DIRECTION('ref_axis',(-1.,0.,0.));
#14238=DIRECTION('center_axis',(0.,0.,1.));
#14239=DIRECTION('ref_axis',(-1.,0.,0.));
#14240=CARTESIAN_POINT('',(0.,0.,0.));
#14241=CARTESIAN_POINT('Origin',(98.3229064941406,-50.7423097610474,24.4527840614319));
#14242=CARTESIAN_POINT('',(98.3229064941406,-36.2980682373047,24.4527840614319));
#14243=CARTESIAN_POINT('',(98.3620643615723,-36.2980682373047,24.6999979019165));
#14244=CARTESIAN_POINT('',(98.5600503602131,-36.2980682373047,25.9499352017867));
#14245=CARTESIAN_POINT('',(98.3229064941406,-36.2589130520821,24.4527840614319));
#14246=CARTESIAN_POINT('',(98.3229064941406,-50.7423097610474,24.4527840614319));
#14247=CARTESIAN_POINT('',(98.3620643615723,-36.2980682373047,24.6999979019165));
#14248=CARTESIAN_POINT('Origin',(98.209285736084,-50.7648057460785,24.2297697067261));
#14249=CARTESIAN_POINT('',(98.209285736084,-36.2980682373047,24.2297697067261));
#14250=CARTESIAN_POINT('',(99.0017106611269,-36.2980682373047,25.785138077206));
#14251=CARTESIAN_POINT('',(98.209285736084,-36.1452815651894,24.2297697067261));
#14252=CARTESIAN_POINT('',(98.209285736084,-50.7648057460785,24.2297697067261));
#14253=CARTESIAN_POINT('',(98.3229064941406,-36.2589130520821,24.4527840614319));
#14254=CARTESIAN_POINT('Origin',(98.209285736084,-50.7648057460785,24.2297697067261));
#14255=CARTESIAN_POINT('',(98.032283782959,-36.2980682373047,24.0527844429016));
#14256=CARTESIAN_POINT('',(99.2328246600174,-36.2980682373047,25.2532121224096));
#14257=CARTESIAN_POINT('',(98.032283782959,-35.9682963013649,24.0527844429016));
#14258=CARTESIAN_POINT('',(98.032283782959,-50.7826573371887,24.0527844429016));
#14259=CARTESIAN_POINT('',(98.209285736084,-36.1452815651894,24.2297697067261));
#14260=CARTESIAN_POINT('Origin',(98.032283782959,-50.7826573371887,24.0527844429016));
#14261=CARTESIAN_POINT('',(97.8092765808105,-36.2980682373047,23.9391541481018));
#14262=CARTESIAN_POINT('',(99.2482474390703,-36.2980682373047,24.6723622295321));
#14263=CARTESIAN_POINT('',(97.8092765808105,-35.7452819466591,23.9391541481018));
#14264=CARTESIAN_POINT('',(97.8092765808105,-50.794119310379,23.9391541481018));
#14265=CARTESIAN_POINT('',(98.032283782959,-35.9682963013649,24.0527844429016));
#14266=CARTESIAN_POINT('Origin',(105.062065124512,-16.3505036354065,23.899998664856));
#14267=CARTESIAN_POINT('',(97.5620651245117,-36.2980682373047,23.899998664856));
#14268=CARTESIAN_POINT('',(97.5620651245117,-35.4980678081512,23.899998664856));
#14269=CARTESIAN_POINT('',(97.5620651245117,-50.7980687141418,23.899998664856));
#14270=CARTESIAN_POINT('',(94.6620750427246,-36.2980682373047,23.899998664856));
#14271=CARTESIAN_POINT('',(97.2620677947998,-36.2980682373047,23.899998664856));
#14272=CARTESIAN_POINT('',(94.6620750427246,-16.3505036354065,23.899998664856));
#14273=CARTESIAN_POINT('',(94.6620750427246,-50.7980687141418,23.899998664856));
#14274=CARTESIAN_POINT('',(94.8459243774414,-14.9539954185486,23.899998664856));
#14275=CARTESIAN_POINT('',(94.8459243774414,-14.9539954185486,23.899998664856));
#14276=CARTESIAN_POINT('',(95.3647041320801,-13.7015206336975,23.899998664856));
#14277=CARTESIAN_POINT('',(95.3647041320801,-13.7015206336975,23.899998664856));
#14278=CARTESIAN_POINT('',(96.1899948120117,-12.625995349884,23.899998664856));
#14279=CARTESIAN_POINT('',(96.1899948120117,-12.625995349884,23.899998664856));
#14280=CARTESIAN_POINT('',(97.265510559082,-11.8007142066956,23.899998664856));
#14281=CARTESIAN_POINT('',(97.265510559082,-11.8007142066956,23.899998664856));
#14282=CARTESIAN_POINT('',(98.5179901123047,-11.2819225311279,23.899998664856));
#14283=CARTESIAN_POINT('',(98.5179901123047,-11.2819225311279,23.899998664856));
#14284=CARTESIAN_POINT('',(99.862060546875,-11.1049706459045,23.899998664856));
#14285=CARTESIAN_POINT('',(99.862060546875,-11.1049706459045,23.899998664856));
#14286=CARTESIAN_POINT('',(101.206130981445,-11.2819225311279,23.899998664856));
#14287=CARTESIAN_POINT('',(101.206130981445,-11.2819225311279,23.899998664856));
#14288=CARTESIAN_POINT('',(102.458610534668,-11.8007142066956,23.899998664856));
#14289=CARTESIAN_POINT('',(102.458610534668,-11.8007142066956,23.899998664856));
#14290=CARTESIAN_POINT('',(103.534135818481,-12.625995349884,23.899998664856));
#14291=CARTESIAN_POINT('',(103.534135818481,-12.625995349884,23.899998664856));
#14292=CARTESIAN_POINT('',(104.359407424927,-13.7015206336975,23.899998664856));
#14293=CARTESIAN_POINT('',(104.359407424927,-13.7015206336975,23.899998664856));
#14294=CARTESIAN_POINT('',(104.878206253052,-14.9539954185486,23.899998664856));
#14295=CARTESIAN_POINT('',(104.878206253052,-14.9539954185486,23.899998664856));
#14296=CARTESIAN_POINT('',(105.062065124512,-16.3505036354065,23.899998664856));
#14297=CARTESIAN_POINT('',(105.062065124512,-16.3505036354065,23.899998664856));
#14298=CARTESIAN_POINT('',(105.062065124512,-35.4980678081512,23.899998664856));
#14299=CARTESIAN_POINT('',(105.062065124512,-35.4980678081512,23.899998664856));
#14300=CARTESIAN_POINT('',(105.062065124512,-35.4980678081512,23.899998664856));
#14301=CARTESIAN_POINT('',(97.9302024841309,-32.8157056093216,23.899998664856));
#14302=CARTESIAN_POINT('',(97.8620719909668,-32.2980678796768,23.899998664856));
#14303=CARTESIAN_POINT('',(97.9302024841309,-32.8157056093216,23.899998664856));
#14304=CARTESIAN_POINT('',(98.1300163269043,-33.2980681180954,23.899998664856));
#14305=CARTESIAN_POINT('',(98.1300163269043,-33.2980681180954,23.899998664856));
#14306=CARTESIAN_POINT('',(98.4478569030762,-33.7122816562653,23.899998664856));
#14307=CARTESIAN_POINT('',(98.4478569030762,-33.7122816562653,23.899998664856));
#14308=CARTESIAN_POINT('',(98.8620567321777,-34.0301192522049,23.899998664856));
#14309=CARTESIAN_POINT('',(98.8620567321777,-34.0301192522049,23.899998664856));
#14310=CARTESIAN_POINT('',(99.344425201416,-34.22991938591,23.899998664856));
#14311=CARTESIAN_POINT('',(99.344425201416,-34.22991938591,23.899998664856));
#14312=CARTESIAN_POINT('',(99.862060546875,-34.298068356514,23.899998664856));
#14313=CARTESIAN_POINT('',(99.862060546875,-34.298068356514,23.899998664856));
#14314=CARTESIAN_POINT('',(100.379695892334,-34.22991938591,23.899998664856));
#14315=CARTESIAN_POINT('',(100.379695892334,-34.22991938591,23.899998664856));
#14316=CARTESIAN_POINT('',(100.862064361572,-34.0301192522049,23.899998664856));
#14317=CARTESIAN_POINT('',(100.862064361572,-34.0301192522049,23.899998664856));
#14318=CARTESIAN_POINT('',(101.27628326416,-33.7122816562653,23.899998664856));
#14319=CARTESIAN_POINT('',(101.27628326416,-33.7122816562653,23.899998664856));
#14320=CARTESIAN_POINT('',(101.594104766846,-33.2980681180954,23.899998664856));
#14321=CARTESIAN_POINT('',(101.594104766846,-33.2980681180954,23.899998664856));
#14322=CARTESIAN_POINT('',(101.793918609619,-32.8157056093216,23.899998664856));
#14323=CARTESIAN_POINT('',(101.793918609619,-32.8157056093216,23.899998664856));
#14324=CARTESIAN_POINT('',(101.86206817627,-32.2980678796768,23.899998664856));
#14325=CARTESIAN_POINT('',(101.86206817627,-32.2980678796768,23.899998664856));
#14326=CARTESIAN_POINT('',(103.326606750488,-17.7331311225891,23.899998664856));
#14327=CARTESIAN_POINT('',(103.326606750488,-17.7331311225891,23.899998664856));
#14328=CARTESIAN_POINT('',(103.428516387939,-17.4568802833557,23.899998664856));
#14329=CARTESIAN_POINT('',(103.428516387939,-17.4568802833557,23.899998664856));
#14330=CARTESIAN_POINT('',(103.508443832397,-17.1734864234924,23.899998664856));
#14331=CARTESIAN_POINT('',(103.508443832397,-17.1734864234924,23.899998664856));
#14332=CARTESIAN_POINT('',(103.565893173218,-16.8846971511841,23.899998664856));
#14333=CARTESIAN_POINT('',(103.565893173218,-16.8846971511841,23.899998664856));
#14334=CARTESIAN_POINT('',(103.60050201416,-16.592288684845,23.899998664856));
#14335=CARTESIAN_POINT('',(103.60050201416,-16.592288684845,23.899998664856));
#14336=CARTESIAN_POINT('',(103.612070083618,-16.2980682373047,23.899998664856));
#14337=CARTESIAN_POINT('',(103.612070083618,-16.2980682373047,23.899998664856));
#14338=CARTESIAN_POINT('',(103.484287261963,-15.3274971961975,23.899998664856));
#14339=CARTESIAN_POINT('',(103.612070083618,-16.2980682373047,23.899998664856));
#14340=CARTESIAN_POINT('',(103.109655380249,-14.4230682373047,23.899998664856));
#14341=CARTESIAN_POINT('',(103.484287261963,-15.3274971961975,23.899998664856));
#14342=CARTESIAN_POINT('',(102.513704299927,-13.6464173316956,23.899998664856));
#14343=CARTESIAN_POINT('',(103.109655380249,-14.4230682373047,23.899998664856));
#14344=CARTESIAN_POINT('',(101.737070083618,-13.0504734039307,23.899998664856));
#14345=CARTESIAN_POINT('',(102.513704299927,-13.6464173316956,23.899998664856));
#14346=CARTESIAN_POINT('',(100.832633972168,-12.6758439064026,23.899998664856));
#14347=CARTESIAN_POINT('',(101.737070083618,-13.0504734039307,23.899998664856));
#14348=CARTESIAN_POINT('',(99.862060546875,-12.5480682373047,23.899998664856));
#14349=CARTESIAN_POINT('',(100.832633972168,-12.6758439064026,23.899998664856));
#14350=CARTESIAN_POINT('',(98.891487121582,-12.6758439064026,23.899998664856));
#14351=CARTESIAN_POINT('',(99.862060546875,-12.5480682373047,23.899998664856));
#14352=CARTESIAN_POINT('',(97.987060546875,-13.0504734039307,23.899998664856));
#14353=CARTESIAN_POINT('',(98.891487121582,-12.6758439064026,23.899998664856));
#14354=CARTESIAN_POINT('',(97.2104072570801,-13.6464173316956,23.899998664856));
#14355=CARTESIAN_POINT('',(97.987060546875,-13.0504734039307,23.899998664856));
#14356=CARTESIAN_POINT('',(96.6144561767578,-14.4230682373047,23.899998664856));
#14357=CARTESIAN_POINT('',(97.2104072570801,-13.6464173316956,23.899998664856));
#14358=CARTESIAN_POINT('',(96.2398338317871,-15.3274971961975,23.899998664856));
#14359=CARTESIAN_POINT('',(96.6144561767578,-14.4230682373047,23.899998664856));
#14360=CARTESIAN_POINT('',(96.112060546875,-16.2980682373047,23.899998664856));
#14361=CARTESIAN_POINT('',(96.2398338317871,-15.3274971961975,23.899998664856));
#14362=CARTESIAN_POINT('',(96.1236190795898,-16.592288684845,23.899998664856));
#14363=CARTESIAN_POINT('',(96.1236190795898,-16.592288684845,23.899998664856));
#14364=CARTESIAN_POINT('',(96.1582183837891,-16.8846971511841,23.899998664856));
#14365=CARTESIAN_POINT('',(96.1582183837891,-16.8846971511841,23.899998664856));
#14366=CARTESIAN_POINT('',(96.2156677246094,-17.1734864234924,23.899998664856));
#14367=CARTESIAN_POINT('',(96.2156677246094,-17.1734864234924,23.899998664856));
#14368=CARTESIAN_POINT('',(96.2956047058105,-17.4568802833557,23.899998664856));
#14369=CARTESIAN_POINT('',(96.2956047058105,-17.4568802833557,23.899998664856));
#14370=CARTESIAN_POINT('',(96.3975143432617,-17.7331311225891,23.899998664856));
#14371=CARTESIAN_POINT('',(96.3975143432617,-17.7331311225891,23.899998664856));
#14372=CARTESIAN_POINT('',(97.8620719909668,-32.2980678796768,23.899998664856));
#14373=CARTESIAN_POINT('Origin',(105.862064361572,-35.4980678081512,30.149998664856));
#14374=CARTESIAN_POINT('',(105.862064361572,-35.4980678081512,27.8999996185303));
#14375=CARTESIAN_POINT('',(105.862064361572,-16.2980682373047,27.8999996185303));
#14376=CARTESIAN_POINT('',(105.862064361572,-29.3980676651001,27.8999996185303));
#14377=CARTESIAN_POINT('',(105.862064361572,-35.4980678081512,24.6999979019165));
#14378=CARTESIAN_POINT('',(105.862064361572,-35.4980678081512,30.149998664856));
#14379=CARTESIAN_POINT('',(105.862064361572,-16.2980682373047,24.6999979019165));
#14380=CARTESIAN_POINT('',(105.862064361572,-35.4980678081512,24.6999979019165));
#14381=CARTESIAN_POINT('',(105.862064361572,-16.2980682373047,27.8999996185303));
#14382=CARTESIAN_POINT('Origin',(94.0665054321289,-14.7451550483704,27.8999996185303));
#14383=CARTESIAN_POINT('',(94.0665054321289,-14.7451550483704,27.8999996185303));
#14384=CARTESIAN_POINT('',(94.0665054321289,-14.7451550483704,24.6999979019165));
#14385=CARTESIAN_POINT('',(94.0665054321289,-14.7451550483704,27.8999996185303));
#14386=CARTESIAN_POINT('',(94.6659088134766,-13.2980687141418,27.8999996185303));
#14387=CARTESIAN_POINT('',(94.6659088134766,-13.2980687141418,27.8999996185303));
#14388=CARTESIAN_POINT('',(94.6659088134766,-13.2980687141418,24.6999979019165));
#14389=CARTESIAN_POINT('',(94.6659088134766,-13.2980687141418,27.8999996185303));
#14390=CARTESIAN_POINT('',(94.6659088134766,-13.2980687141418,24.6999979019165));
#14391=CARTESIAN_POINT('Origin',(98.986644744873,-19.9444539070129,27.8999996185303));
#14392=CARTESIAN_POINT('',(98.986644744873,-19.9444539070129,27.8999996185303));
#14393=CARTESIAN_POINT('',(98.7032508850098,-19.8645288467407,27.8999996185303));
#14394=CARTESIAN_POINT('',(98.986644744873,-19.9444539070129,27.8999996185303));
#14395=CARTESIAN_POINT('',(98.986644744873,-19.9444539070129,25.7999992370606));
#14396=CARTESIAN_POINT('',(98.986644744873,-19.9444539070129,27.8999996185303));
#14397=CARTESIAN_POINT('',(98.7032508850098,-19.8645288467407,25.7999992370606));
#14398=CARTESIAN_POINT('',(98.986644744873,-19.9444539070129,25.7999992370606));
#14399=CARTESIAN_POINT('',(98.7032508850098,-19.8645288467407,27.8999996185303));
#14400=CARTESIAN_POINT('Origin',(98.4478569030762,-33.7122816562653,23.899998664856));
#14401=CARTESIAN_POINT('',(98.4478569030762,-33.7122816562653,25.7999992370606));
#14402=CARTESIAN_POINT('',(98.4478569030762,-33.7122816562653,25.7999992370606));
#14403=CARTESIAN_POINT('',(98.1300163269043,-33.2980681180954,25.7999992370606));
#14404=CARTESIAN_POINT('',(98.1300163269043,-33.2980681180954,25.7999992370606));
#14405=CARTESIAN_POINT('',(98.4478569030762,-33.7122816562653,25.7999992370606));
#14406=CARTESIAN_POINT('Origin',(103.612070083618,-16.2980682373047,27.8999996185303));
#14407=CARTESIAN_POINT('',(103.612070083618,-16.2980682373047,27.8999996185303));
#14408=CARTESIAN_POINT('',(103.612070083618,-16.2980682373047,27.8999996185303));
#14409=CARTESIAN_POINT('',(103.484287261963,-15.3274971961975,27.8999996185303));
#14410=CARTESIAN_POINT('',(103.612070083618,-16.2980682373047,27.8999996185303));
#14411=CARTESIAN_POINT('',(103.484287261963,-15.3274971961975,27.8999996185303));
#14412=CARTESIAN_POINT('Origin',(96.2398338317871,-15.3274971961975,23.899998664856));
#14413=CARTESIAN_POINT('',(96.2398338317871,-15.3274971961975,27.8999996185303));
#14414=CARTESIAN_POINT('',(96.2398338317871,-15.3274971961975,27.8999996185303));
#14415=CARTESIAN_POINT('',(96.6144561767578,-14.4230682373047,27.8999996185303));
#14416=CARTESIAN_POINT('',(96.6144561767578,-14.4230682373047,27.8999996185303));
#14417=CARTESIAN_POINT('',(96.6144561767578,-14.4230682373047,27.8999996185303));
#14418=CARTESIAN_POINT('Origin',(103.326606750488,-17.7331311225891,25.7999992370606));
#14419=CARTESIAN_POINT('',(103.326606750488,-17.7331311225891,25.7999992370606));
#14420=CARTESIAN_POINT('',(103.203325271606,-18.0005318641663,25.7999992370606));
#14421=CARTESIAN_POINT('',(103.326606750488,-17.7331311225891,25.7999992370606));
#14422=CARTESIAN_POINT('',(101.86206817627,-32.2980678796768,25.7999992370606));
#14423=CARTESIAN_POINT('',(103.326606750488,-17.7331311225891,25.7999992370606));
#14424=CARTESIAN_POINT('',(101.793918609619,-32.8157056093216,25.7999992370606));
#14425=CARTESIAN_POINT('',(101.86206817627,-32.2980678796768,25.7999992370606));
#14426=CARTESIAN_POINT('',(101.594104766846,-33.2980681180954,25.7999992370606));
#14427=CARTESIAN_POINT('',(101.793918609619,-32.8157056093216,25.7999992370606));
#14428=CARTESIAN_POINT('',(101.27628326416,-33.7122816562653,25.7999992370606));
#14429=CARTESIAN_POINT('',(101.594104766846,-33.2980681180954,25.7999992370606));
#14430=CARTESIAN_POINT('',(100.862064361572,-34.0301192522049,25.7999992370606));
#14431=CARTESIAN_POINT('',(101.27628326416,-33.7122816562653,25.7999992370606));
#14432=CARTESIAN_POINT('',(100.379695892334,-34.22991938591,25.7999992370606));
#14433=CARTESIAN_POINT('',(100.862064361572,-34.0301192522049,25.7999992370606));
#14434=CARTESIAN_POINT('',(99.862060546875,-34.298068356514,25.7999992370606));
#14435=CARTESIAN_POINT('',(100.379695892334,-34.22991938591,25.7999992370606));
#14436=CARTESIAN_POINT('',(99.344425201416,-34.22991938591,25.7999992370606));
#14437=CARTESIAN_POINT('',(99.862060546875,-34.298068356514,25.7999992370606));
#14438=CARTESIAN_POINT('',(98.8620567321777,-34.0301192522049,25.7999992370606));
#14439=CARTESIAN_POINT('',(99.344425201416,-34.22991938591,25.7999992370606));
#14440=CARTESIAN_POINT('',(98.8620567321777,-34.0301192522049,25.7999992370606));
#14441=CARTESIAN_POINT('',(97.9302024841309,-32.8157056093216,25.7999992370606));
#14442=CARTESIAN_POINT('',(98.1300163269043,-33.2980681180954,25.7999992370606));
#14443=CARTESIAN_POINT('',(97.8620719909668,-32.2980678796768,25.7999992370606));
#14444=CARTESIAN_POINT('',(97.9302024841309,-32.8157056093216,25.7999992370606));
#14445=CARTESIAN_POINT('',(96.3975143432617,-17.7331311225891,25.7999992370606));
#14446=CARTESIAN_POINT('',(97.8620719909668,-32.2980678796768,25.7999992370606));
#14447=CARTESIAN_POINT('',(96.5207862854004,-18.0005318641663,25.7999992370606));
#14448=CARTESIAN_POINT('',(96.5207862854004,-18.0005318641663,25.7999992370606));
#14449=CARTESIAN_POINT('',(96.6646575927734,-18.2574374198914,25.7999992370606));
#14450=CARTESIAN_POINT('',(96.6646575927734,-18.2574374198914,25.7999992370606));
#14451=CARTESIAN_POINT('',(96.8282508850098,-18.5022623062134,25.7999992370606));
#14452=CARTESIAN_POINT('',(96.8282508850098,-18.5022623062134,25.7999992370606));
#14453=CARTESIAN_POINT('',(97.0105361938477,-18.7334973335266,25.7999992370606));
#14454=CARTESIAN_POINT('',(97.0105361938477,-18.7334973335266,25.7999992370606));
#14455=CARTESIAN_POINT('',(97.2104072570801,-18.949716758728,25.7999992370606));
#14456=CARTESIAN_POINT('',(97.2104072570801,-18.949716758728,25.7999992370606));
#14457=CARTESIAN_POINT('',(97.4266242980957,-19.1495902061462,25.7999992370606));
#14458=CARTESIAN_POINT('',(97.4266242980957,-19.1495902061462,25.7999992370606));
#14459=CARTESIAN_POINT('',(97.6578712463379,-19.3318802833557,25.7999992370606));
#14460=CARTESIAN_POINT('',(97.6578712463379,-19.3318802833557,25.7999992370606));
#14461=CARTESIAN_POINT('',(97.9026794433594,-19.4954688072205,25.7999992370606));
#14462=CARTESIAN_POINT('',(97.9026794433594,-19.4954688072205,25.7999992370606));
#14463=CARTESIAN_POINT('',(98.1595993041992,-19.6393424987793,25.7999992370606));
#14464=CARTESIAN_POINT('',(98.1595993041992,-19.6393424987793,25.7999992370606));
#14465=CARTESIAN_POINT('',(98.4269905090332,-19.7626168251038,25.7999992370606));
#14466=CARTESIAN_POINT('',(98.4269905090332,-19.7626168251038,25.7999992370606));
#14467=CARTESIAN_POINT('',(98.7032508850098,-19.8645288467407,25.7999992370606));
#14468=CARTESIAN_POINT('',(99.2754173278809,-20.0018984794617,25.7999992370606));
#14469=CARTESIAN_POINT('',(99.2754173278809,-20.0018984794617,25.7999992370606));
#14470=CARTESIAN_POINT('',(99.5678520202637,-20.0365073204041,25.7999992370606));
#14471=CARTESIAN_POINT('',(99.5678520202637,-20.0365073204041,25.7999992370606));
#14472=CARTESIAN_POINT('',(99.862060546875,-20.0480682373047,25.7999992370606));
#14473=CARTESIAN_POINT('',(99.862060546875,-20.0480682373047,25.7999992370606));
#14474=CARTESIAN_POINT('',(100.156288146973,-20.0365073204041,25.7999992370606));
#14475=CARTESIAN_POINT('',(100.156288146973,-20.0365073204041,25.7999992370606));
#14476=CARTESIAN_POINT('',(100.448684692383,-20.0018984794617,25.7999992370606));
#14477=CARTESIAN_POINT('',(100.448684692383,-20.0018984794617,25.7999992370606));
#14478=CARTESIAN_POINT('',(100.737476348877,-19.9444539070129,25.7999992370606));
#14479=CARTESIAN_POINT('',(100.737476348877,-19.9444539070129,25.7999992370606));
#14480=CARTESIAN_POINT('',(101.02087020874,-19.8645288467407,25.7999992370606));
#14481=CARTESIAN_POINT('',(101.02087020874,-19.8645288467407,25.7999992370606));
#14482=CARTESIAN_POINT('',(101.297130584717,-19.7626168251038,25.7999992370606));
#14483=CARTESIAN_POINT('',(101.297130584717,-19.7626168251038,25.7999992370606));
#14484=CARTESIAN_POINT('',(101.564521789551,-19.6393424987793,25.7999992370606));
#14485=CARTESIAN_POINT('',(101.564521789551,-19.6393424987793,25.7999992370606));
#14486=CARTESIAN_POINT('',(101.821432113647,-19.4954688072205,25.7999992370606));
#14487=CARTESIAN_POINT('',(101.821432113647,-19.4954688072205,25.7999992370606));
#14488=CARTESIAN_POINT('',(102.066259384155,-19.3318802833557,25.7999992370606));
#14489=CARTESIAN_POINT('',(102.066259384155,-19.3318802833557,25.7999992370606));
#14490=CARTESIAN_POINT('',(102.297487258911,-19.1495902061462,25.7999992370606));
#14491=CARTESIAN_POINT('',(102.297487258911,-19.1495902061462,25.7999992370606));
#14492=CARTESIAN_POINT('',(102.513704299927,-18.949716758728,25.7999992370606));
#14493=CARTESIAN_POINT('',(102.513704299927,-18.949716758728,25.7999992370606));
#14494=CARTESIAN_POINT('',(102.713584899902,-18.7334973335266,25.7999992370606));
#14495=CARTESIAN_POINT('',(102.713584899902,-18.7334973335266,25.7999992370606));
#14496=CARTESIAN_POINT('',(102.895879745483,-18.5022623062134,25.7999992370606));
#14497=CARTESIAN_POINT('',(102.895879745483,-18.5022623062134,25.7999992370606));
#14498=CARTESIAN_POINT('',(103.05947303772,-18.2574374198914,25.7999992370606));
#14499=CARTESIAN_POINT('',(103.05947303772,-18.2574374198914,25.7999992370606));
#14500=CARTESIAN_POINT('',(103.203325271606,-18.0005318641663,25.7999992370606));
#14501=CARTESIAN_POINT('Origin',(101.821432113647,-19.4954688072205,27.8999996185303));
#14502=CARTESIAN_POINT('',(101.821432113647,-19.4954688072205,27.8999996185303));
#14503=CARTESIAN_POINT('',(101.564521789551,-19.6393424987793,27.8999996185303));
#14504=CARTESIAN_POINT('',(101.821432113647,-19.4954688072205,27.8999996185303));
#14505=CARTESIAN_POINT('',(101.821432113647,-19.4954688072205,27.8999996185303));
#14506=CARTESIAN_POINT('',(101.564521789551,-19.6393424987793,27.8999996185303));
#14507=CARTESIAN_POINT('Origin',(103.05947303772,-18.2574374198914,27.8999996185303));
#14508=CARTESIAN_POINT('',(103.05947303772,-18.2574374198914,27.8999996185303));
#14509=CARTESIAN_POINT('',(103.05947303772,-18.2574374198914,27.8999996185303));
#14510=CARTESIAN_POINT('',(103.203325271606,-18.0005318641663,27.8999996185303));
#14511=CARTESIAN_POINT('',(103.203325271606,-18.0005318641663,27.8999996185303));
#14512=CARTESIAN_POINT('',(103.203325271606,-18.0005318641663,27.8999996185303));
#14513=CARTESIAN_POINT('Origin',(102.862062454224,-11.1019165039062,27.8999996185303));
#14514=CARTESIAN_POINT('',(102.862062454224,-11.1019165039062,27.8999996185303));
#14515=CARTESIAN_POINT('',(101.414966583252,-10.5025131225586,27.8999996185303));
#14516=CARTESIAN_POINT('',(102.862062454224,-11.1019165039062,27.8999996185303));
#14517=CARTESIAN_POINT('',(102.862062454224,-11.1019165039062,24.6999979019165));
#14518=CARTESIAN_POINT('',(102.862062454224,-11.1019165039062,27.8999996185303));
#14519=CARTESIAN_POINT('',(101.414966583252,-10.5025131225586,24.6999979019165));
#14520=CARTESIAN_POINT('',(102.862062454224,-11.1019165039062,24.6999979019165));
#14521=CARTESIAN_POINT('',(101.414966583252,-10.5025131225586,27.8999996185303));
#14522=CARTESIAN_POINT('Origin',(100.379695892334,-34.22991938591,25.7999992370606));
#14523=CARTESIAN_POINT('',(100.379695892334,-34.22991938591,25.7999992370606));
#14524=CARTESIAN_POINT('',(99.862060546875,-34.298068356514,25.7999992370606));
#14525=CARTESIAN_POINT('Origin',(97.2104072570801,-13.6464173316956,27.8999996185303));
#14526=CARTESIAN_POINT('',(97.987060546875,-13.0504734039307,27.8999996185303));
#14527=CARTESIAN_POINT('',(97.2104072570801,-13.6464173316956,27.8999996185303));
#14528=CARTESIAN_POINT('',(97.987060546875,-13.0504734039307,27.8999996185303));
#14529=CARTESIAN_POINT('',(97.2104072570801,-13.6464173316956,27.8999996185303));
#14530=CARTESIAN_POINT('',(97.987060546875,-13.0504734039307,27.8999996185303));
#14531=CARTESIAN_POINT('Origin',(100.156288146973,-20.0365073204041,27.8999996185303));
#14532=CARTESIAN_POINT('',(100.156288146973,-20.0365073204041,27.8999996185303));
#14533=CARTESIAN_POINT('',(99.862060546875,-20.0480682373047,27.8999996185303));
#14534=CARTESIAN_POINT('',(100.156288146973,-20.0365073204041,27.8999996185303));
#14535=CARTESIAN_POINT('',(100.156288146973,-20.0365073204041,27.8999996185303));
#14536=CARTESIAN_POINT('',(99.862060546875,-20.0480682373047,27.8999996185303));
#14537=CARTESIAN_POINT('Origin',(103.565893173218,-16.8846971511841,27.8999996185303));
#14538=CARTESIAN_POINT('',(103.565893173218,-16.8846971511841,27.8999996185303));
#14539=CARTESIAN_POINT('',(103.565893173218,-16.8846971511841,27.8999996185303));
#14540=CARTESIAN_POINT('',(103.60050201416,-16.592288684845,27.8999996185303));
#14541=CARTESIAN_POINT('',(103.60050201416,-16.592288684845,27.8999996185303));
#14542=CARTESIAN_POINT('',(103.60050201416,-16.592288684845,27.8999996185303));
#14543=CARTESIAN_POINT('Origin',(97.9026794433594,-19.4954688072205,27.8999996185303));
#14544=CARTESIAN_POINT('',(97.9026794433594,-19.4954688072205,27.8999996185303));
#14545=CARTESIAN_POINT('',(97.6578712463379,-19.3318802833557,27.8999996185303));
#14546=CARTESIAN_POINT('',(97.9026794433594,-19.4954688072205,27.8999996185303));
#14547=CARTESIAN_POINT('',(97.9026794433594,-19.4954688072205,27.8999996185303));
#14548=CARTESIAN_POINT('',(97.6578712463379,-19.3318802833557,27.8999996185303));
#14549=CARTESIAN_POINT('Origin',(96.8282508850098,-18.5022623062134,25.7999992370606));
#14550=CARTESIAN_POINT('',(96.8282508850098,-18.5022623062134,27.8999996185303));
#14551=CARTESIAN_POINT('',(96.8282508850098,-18.5022623062134,27.8999996185303));
#14552=CARTESIAN_POINT('',(96.6646575927734,-18.2574374198914,27.8999996185303));
#14553=CARTESIAN_POINT('',(96.6646575927734,-18.2574374198914,27.8999996185303));
#14554=CARTESIAN_POINT('',(96.8282508850098,-18.5022623062134,27.8999996185303));
#14555=CARTESIAN_POINT('Origin',(96.1582183837891,-16.8846971511841,23.899998664856));
#14556=CARTESIAN_POINT('',(96.1582183837891,-16.8846971511841,27.8999996185303));
#14557=CARTESIAN_POINT('',(96.1582183837891,-16.8846971511841,27.8999996185303));
#14558=CARTESIAN_POINT('',(96.1236190795898,-16.592288684845,27.8999996185303));
#14559=CARTESIAN_POINT('',(96.1236190795898,-16.592288684845,27.8999996185303));
#14560=CARTESIAN_POINT('',(96.1582183837891,-16.8846971511841,27.8999996185303));
#14561=CARTESIAN_POINT('Origin',(99.862060546875,-20.0480682373047,27.8999996185303));
#14562=CARTESIAN_POINT('',(99.5678520202637,-20.0365073204041,27.8999996185303));
#14563=CARTESIAN_POINT('',(99.862060546875,-20.0480682373047,27.8999996185303));
#14564=CARTESIAN_POINT('',(99.5678520202637,-20.0365073204041,27.8999996185303));
#14565=CARTESIAN_POINT('Origin',(99.862060546875,-12.5480682373047,27.8999996185303));
#14566=CARTESIAN_POINT('',(100.832633972168,-12.6758439064026,27.8999996185303));
#14567=CARTESIAN_POINT('',(99.862060546875,-12.5480682373047,27.8999996185303));
#14568=CARTESIAN_POINT('',(100.832633972168,-12.6758439064026,27.8999996185303));
#14569=CARTESIAN_POINT('',(99.862060546875,-12.5480682373047,27.8999996185303));
#14570=CARTESIAN_POINT('',(100.832633972168,-12.6758439064026,27.8999996185303));
#14571=CARTESIAN_POINT('Origin',(105.058221817017,-13.2980687141418,27.8999996185303));
#14572=CARTESIAN_POINT('',(105.058221817017,-13.2980687141418,27.8999996185303));
#14573=CARTESIAN_POINT('',(104.104700088501,-12.0554263114929,27.8999996185303));
#14574=CARTESIAN_POINT('',(105.058221817017,-13.2980687141418,27.8999996185303));
#14575=CARTESIAN_POINT('',(105.058221817017,-13.2980687141418,24.6999979019165));
#14576=CARTESIAN_POINT('',(105.058221817017,-13.2980687141418,27.8999996185303));
#14577=CARTESIAN_POINT('',(104.104700088501,-12.0554263114929,24.6999979019165));
#14578=CARTESIAN_POINT('',(105.058221817017,-13.2980687141418,24.6999979019165));
#14579=CARTESIAN_POINT('',(104.104700088501,-12.0554263114929,27.8999996185303));
#14580=CARTESIAN_POINT('Origin',(99.862060546875,-10.2980668067932,27.8999996185303));
#14581=CARTESIAN_POINT('',(99.862060546875,-10.2980668067932,27.8999996185303));
#14582=CARTESIAN_POINT('',(98.309154510498,-10.5025131225586,27.8999996185303));
#14583=CARTESIAN_POINT('',(99.862060546875,-10.2980668067932,27.8999996185303));
#14584=CARTESIAN_POINT('',(99.862060546875,-10.2980668067932,24.6999979019165));
#14585=CARTESIAN_POINT('',(99.862060546875,-10.2980668067932,27.8999996185303));
#14586=CARTESIAN_POINT('',(98.309154510498,-10.5025131225586,24.6999979019165));
#14587=CARTESIAN_POINT('',(99.862060546875,-10.2980668067932,24.6999979019165));
#14588=CARTESIAN_POINT('',(98.309154510498,-10.5025131225586,27.8999996185303));
#14589=CARTESIAN_POINT('Origin',(97.9302024841309,-32.8157056093216,23.899998664856));
#14590=CARTESIAN_POINT('',(97.9302024841309,-32.8157056093216,25.7999992370606));
#14591=CARTESIAN_POINT('',(97.8620719909668,-32.2980678796768,25.7999992370606));
#14592=CARTESIAN_POINT('Origin',(97.8620719909668,-32.2980678796768,23.899998664856));
#14593=CARTESIAN_POINT('',(96.3975143432617,-17.7331311225891,25.7999992370606));
#14594=CARTESIAN_POINT('Origin',(103.326606750488,-17.7331311225891,27.8999996185303));
#14595=CARTESIAN_POINT('',(103.326606750488,-17.7331311225891,27.8999996185303));
#14596=CARTESIAN_POINT('',(103.326606750488,-17.7331311225891,27.8999996185303));
#14597=CARTESIAN_POINT('',(103.428516387939,-17.4568802833557,27.8999996185303));
#14598=CARTESIAN_POINT('',(103.428516387939,-17.4568802833557,27.8999996185303));
#14599=CARTESIAN_POINT('',(103.428516387939,-17.4568802833557,27.8999996185303));
#14600=CARTESIAN_POINT('',(103.326606750488,-17.7331311225891,25.7999992370606));
#14601=CARTESIAN_POINT('Origin',(100.832633972168,-12.6758439064026,27.8999996185303));
#14602=CARTESIAN_POINT('',(101.737070083618,-13.0504734039307,27.8999996185303));
#14603=CARTESIAN_POINT('',(101.737070083618,-13.0504734039307,27.8999996185303));
#14604=CARTESIAN_POINT('',(101.737070083618,-13.0504734039307,27.8999996185303));
#14605=CARTESIAN_POINT('Origin',(105.862064361572,-16.2980682373047,24.6999979019165));
#14606=CARTESIAN_POINT('',(105.657615661621,-14.7451550483704,24.6999979019165));
#14607=CARTESIAN_POINT('',(105.862064361572,-16.2980682373047,24.6999979019165));
#14608=CARTESIAN_POINT('',(105.657615661621,-14.7451550483704,27.8999996185303));
#14609=CARTESIAN_POINT('',(105.657615661621,-14.7451550483704,27.8999996185303));
#14610=CARTESIAN_POINT('',(105.862064361572,-16.2980682373047,27.8999996185303));
#14611=CARTESIAN_POINT('Origin',(96.5207862854004,-18.0005318641663,25.7999992370606));
#14612=CARTESIAN_POINT('',(96.5207862854004,-18.0005318641663,27.8999996185303));
#14613=CARTESIAN_POINT('',(96.5207862854004,-18.0005318641663,27.8999996185303));
#14614=CARTESIAN_POINT('',(96.3975143432617,-17.7331311225891,27.8999996185303));
#14615=CARTESIAN_POINT('',(96.3975143432617,-17.7331311225891,27.8999996185303));
#14616=CARTESIAN_POINT('',(96.5207862854004,-18.0005318641663,27.8999996185303));
#14617=CARTESIAN_POINT('Origin',(97.0105361938477,-18.7334973335266,25.7999992370606));
#14618=CARTESIAN_POINT('',(97.0105361938477,-18.7334973335266,27.8999996185303));
#14619=CARTESIAN_POINT('',(97.0105361938477,-18.7334973335266,27.8999996185303));
#14620=CARTESIAN_POINT('',(97.0105361938477,-18.7334973335266,27.8999996185303));
#14621=CARTESIAN_POINT('Origin',(97.987060546875,-13.0504734039307,27.8999996185303));
#14622=CARTESIAN_POINT('',(98.891487121582,-12.6758439064026,27.8999996185303));
#14623=CARTESIAN_POINT('',(98.891487121582,-12.6758439064026,27.8999996185303));
#14624=CARTESIAN_POINT('',(98.891487121582,-12.6758439064026,27.8999996185303));
#14625=CARTESIAN_POINT('Origin',(98.7032508850098,-19.8645288467407,27.8999996185303));
#14626=CARTESIAN_POINT('',(98.4269905090332,-19.7626168251038,27.8999996185303));
#14627=CARTESIAN_POINT('',(98.7032508850098,-19.8645288467407,27.8999996185303));
#14628=CARTESIAN_POINT('',(98.4269905090332,-19.7626168251038,27.8999996185303));
#14629=CARTESIAN_POINT('Origin',(98.891487121582,-12.6758439064026,27.8999996185303));
#14630=CARTESIAN_POINT('',(99.862060546875,-12.5480682373047,27.8999996185303));
#14631=CARTESIAN_POINT('Origin',(100.862064361572,-34.0301192522049,25.7999992370606));
#14632=CARTESIAN_POINT('',(100.862064361572,-34.0301192522049,25.7999992370606));
#14633=CARTESIAN_POINT('Origin',(101.564521789551,-19.6393424987793,27.8999996185303));
#14634=CARTESIAN_POINT('',(101.297130584717,-19.7626168251038,27.8999996185303));
#14635=CARTESIAN_POINT('',(101.564521789551,-19.6393424987793,27.8999996185303));
#14636=CARTESIAN_POINT('',(101.297130584717,-19.7626168251038,27.8999996185303));
#14637=CARTESIAN_POINT('Origin',(102.513704299927,-18.949716758728,27.8999996185303));
#14638=CARTESIAN_POINT('',(102.513704299927,-18.949716758728,27.8999996185303));
#14639=CARTESIAN_POINT('',(102.513704299927,-18.949716758728,27.8999996185303));
#14640=CARTESIAN_POINT('',(102.713584899902,-18.7334973335266,27.8999996185303));
#14641=CARTESIAN_POINT('',(102.713584899902,-18.7334973335266,27.8999996185303));
#14642=CARTESIAN_POINT('',(102.713584899902,-18.7334973335266,27.8999996185303));
#14643=CARTESIAN_POINT('Origin',(103.484287261963,-15.3274971961975,27.8999996185303));
#14644=CARTESIAN_POINT('',(103.109655380249,-14.4230682373047,27.8999996185303));
#14645=CARTESIAN_POINT('',(103.484287261963,-15.3274971961975,27.8999996185303));
#14646=CARTESIAN_POINT('',(103.109655380249,-14.4230682373047,27.8999996185303));
#14647=CARTESIAN_POINT('Origin',(101.594104766846,-33.2980681180954,25.7999992370606));
#14648=CARTESIAN_POINT('',(101.594104766846,-33.2980681180954,25.7999992370606));
#14649=CARTESIAN_POINT('',(101.793918609619,-32.8157056093216,25.7999992370606));
#14650=CARTESIAN_POINT('Origin',(96.8620681762695,-11.1019165039062,27.8999996185303));
#14651=CARTESIAN_POINT('',(96.8620681762695,-11.1019165039062,27.8999996185303));
#14652=CARTESIAN_POINT('',(95.6194114685059,-12.0554263114929,27.8999996185303));
#14653=CARTESIAN_POINT('',(96.8620681762695,-11.1019165039062,27.8999996185303));
#14654=CARTESIAN_POINT('',(96.8620681762695,-11.1019165039062,24.6999979019165));
#14655=CARTESIAN_POINT('',(96.8620681762695,-11.1019165039062,27.8999996185303));
#14656=CARTESIAN_POINT('',(95.6194114685059,-12.0554263114929,24.6999979019165));
#14657=CARTESIAN_POINT('',(96.8620681762695,-11.1019165039062,24.6999979019165));
#14658=CARTESIAN_POINT('',(95.6194114685059,-12.0554263114929,27.8999996185303));
#14659=CARTESIAN_POINT('Origin',(98.4269905090332,-19.7626168251038,27.8999996185303));
#14660=CARTESIAN_POINT('',(98.1595993041992,-19.6393424987793,27.8999996185303));
#14661=CARTESIAN_POINT('',(98.4269905090332,-19.7626168251038,27.8999996185303));
#14662=CARTESIAN_POINT('',(98.1595993041992,-19.6393424987793,27.8999996185303));
#14663=CARTESIAN_POINT('Origin',(98.1300163269043,-33.2980681180954,23.899998664856));
#14664=CARTESIAN_POINT('Origin',(100.448684692383,-20.0018984794617,27.8999996185303));
#14665=CARTESIAN_POINT('',(100.448684692383,-20.0018984794617,27.8999996185303));
#14666=CARTESIAN_POINT('',(100.448684692383,-20.0018984794617,27.8999996185303));
#14667=CARTESIAN_POINT('',(100.448684692383,-20.0018984794617,27.8999996185303));
#14668=CARTESIAN_POINT('Origin',(97.2104072570801,-18.949716758728,25.7999992370606));
#14669=CARTESIAN_POINT('',(97.2104072570801,-18.949716758728,27.8999996185303));
#14670=CARTESIAN_POINT('',(97.2104072570801,-18.949716758728,27.8999996185303));
#14671=CARTESIAN_POINT('',(97.2104072570801,-18.949716758728,27.8999996185303));
#14672=CARTESIAN_POINT('Origin',(101.414966583252,-10.5025131225586,27.8999996185303));
#14673=CARTESIAN_POINT('',(101.414966583252,-10.5025131225586,27.8999996185303));
#14674=CARTESIAN_POINT('',(101.414966583252,-10.5025131225586,24.6999979019165));
#14675=CARTESIAN_POINT('Origin',(102.297487258911,-19.1495902061462,27.8999996185303));
#14676=CARTESIAN_POINT('',(102.297487258911,-19.1495902061462,27.8999996185303));
#14677=CARTESIAN_POINT('',(102.066259384155,-19.3318802833557,27.8999996185303));
#14678=CARTESIAN_POINT('',(102.297487258911,-19.1495902061462,27.8999996185303));
#14679=CARTESIAN_POINT('',(102.297487258911,-19.1495902061462,27.8999996185303));
#14680=CARTESIAN_POINT('',(102.066259384155,-19.3318802833557,27.8999996185303));
#14681=CARTESIAN_POINT('Origin',(104.104700088501,-12.0554263114929,27.8999996185303));
#14682=CARTESIAN_POINT('',(104.104700088501,-12.0554263114929,27.8999996185303));
#14683=CARTESIAN_POINT('',(104.104700088501,-12.0554263114929,24.6999979019165));
#14684=CARTESIAN_POINT('Origin',(96.2156677246094,-17.1734864234924,23.899998664856));
#14685=CARTESIAN_POINT('',(96.2156677246094,-17.1734864234924,27.8999996185303));
#14686=CARTESIAN_POINT('',(96.2156677246094,-17.1734864234924,27.8999996185303));
#14687=CARTESIAN_POINT('',(96.2156677246094,-17.1734864234924,27.8999996185303));
#14688=CARTESIAN_POINT('Origin',(101.793918609619,-32.8157056093216,25.7999992370606));
#14689=CARTESIAN_POINT('',(101.86206817627,-32.2980678796768,25.7999992370606));
#14690=CARTESIAN_POINT('Origin',(99.862060546875,-34.298068356514,25.7999992370606));
#14691=CARTESIAN_POINT('',(99.344425201416,-34.22991938591,25.7999992370606));
#14692=CARTESIAN_POINT('Origin',(101.86206817627,-32.2980678796768,25.7999992370606));
#14693=CARTESIAN_POINT('Origin',(105.657615661621,-14.7451550483704,24.6999979019165));
#14694=CARTESIAN_POINT('',(105.657615661621,-14.7451550483704,24.6999979019165));
#14695=CARTESIAN_POINT('',(105.657615661621,-14.7451550483704,27.8999996185303));
#14696=CARTESIAN_POINT('Origin',(98.8620567321777,-34.0301192522049,25.7999992370606));
#14697=CARTESIAN_POINT('',(98.8620567321777,-34.0301192522049,25.7999992370606));
#14698=CARTESIAN_POINT('Origin',(101.27628326416,-33.7122816562653,25.7999992370606));
#14699=CARTESIAN_POINT('',(101.27628326416,-33.7122816562653,25.7999992370606));
#14700=CARTESIAN_POINT('Origin',(103.60050201416,-16.592288684845,27.8999996185303));
#14701=CARTESIAN_POINT('',(103.612070083618,-16.2980682373047,27.8999996185303));
#14702=CARTESIAN_POINT('Origin',(101.297130584717,-19.7626168251038,27.8999996185303));
#14703=CARTESIAN_POINT('',(101.02087020874,-19.8645288467407,27.8999996185303));
#14704=CARTESIAN_POINT('',(101.297130584717,-19.7626168251038,27.8999996185303));
#14705=CARTESIAN_POINT('',(101.02087020874,-19.8645288467407,27.8999996185303));
#14706=CARTESIAN_POINT('Origin',(103.109655380249,-14.4230682373047,27.8999996185303));
#14707=CARTESIAN_POINT('',(102.513704299927,-13.6464173316956,27.8999996185303));
#14708=CARTESIAN_POINT('',(103.109655380249,-14.4230682373047,27.8999996185303));
#14709=CARTESIAN_POINT('',(102.513704299927,-13.6464173316956,27.8999996185303));
#14710=CARTESIAN_POINT('Origin',(94.6659088134766,-13.2980687141418,27.8999996185303));
#14711=CARTESIAN_POINT('',(95.6194114685059,-12.0554263114929,27.8999996185303));
#14712=CARTESIAN_POINT('',(95.6194114685059,-12.0554263114929,24.6999979019165));
#14713=CARTESIAN_POINT('Origin',(102.713584899902,-18.7334973335266,27.8999996185303));
#14714=CARTESIAN_POINT('',(102.895879745483,-18.5022623062134,27.8999996185303));
#14715=CARTESIAN_POINT('',(102.895879745483,-18.5022623062134,27.8999996185303));
#14716=CARTESIAN_POINT('',(102.895879745483,-18.5022623062134,27.8999996185303));
#14717=CARTESIAN_POINT('Origin',(97.4266242980957,-19.1495902061462,27.8999996185303));
#14718=CARTESIAN_POINT('',(97.4266242980957,-19.1495902061462,27.8999996185303));
#14719=CARTESIAN_POINT('',(97.4266242980957,-19.1495902061462,27.8999996185303));
#14720=CARTESIAN_POINT('',(97.4266242980957,-19.1495902061462,27.8999996185303));
#14721=CARTESIAN_POINT('Origin',(97.6578712463379,-19.3318802833557,27.8999996185303));
#14722=CARTESIAN_POINT('',(97.6578712463379,-19.3318802833557,27.8999996185303));
#14723=CARTESIAN_POINT('Origin',(102.513704299927,-18.949716758728,27.8999996185303));
#14724=CARTESIAN_POINT('',(102.513704299927,-18.949716758728,27.8999996185303));
#14725=CARTESIAN_POINT('Origin',(102.066259384155,-19.3318802833557,27.8999996185303));
#14726=CARTESIAN_POINT('',(102.066259384155,-19.3318802833557,27.8999996185303));
#14727=CARTESIAN_POINT('Origin',(101.02087020874,-19.8645288467407,27.8999996185303));
#14728=CARTESIAN_POINT('',(100.737476348877,-19.9444539070129,27.8999996185303));
#14729=CARTESIAN_POINT('',(101.02087020874,-19.8645288467407,27.8999996185303));
#14730=CARTESIAN_POINT('',(100.737476348877,-19.9444539070129,27.8999996185303));
#14731=CARTESIAN_POINT('Origin',(98.1595993041992,-19.6393424987793,27.8999996185303));
#14732=CARTESIAN_POINT('',(98.1595993041992,-19.6393424987793,27.8999996185303));
#14733=CARTESIAN_POINT('Origin',(96.3975143432617,-17.7331311225891,23.899998664856));
#14734=CARTESIAN_POINT('',(96.2956047058105,-17.4568802833557,27.8999996185303));
#14735=CARTESIAN_POINT('',(96.2956047058105,-17.4568802833557,27.8999996185303));
#14736=CARTESIAN_POINT('',(96.3975143432617,-17.7331311225891,27.8999996185303));
#14737=CARTESIAN_POINT('Origin',(102.895879745483,-18.5022623062134,27.8999996185303));
#14738=CARTESIAN_POINT('',(103.05947303772,-18.2574374198914,27.8999996185303));
#14739=CARTESIAN_POINT('Origin',(103.203325271606,-18.0005318641663,27.8999996185303));
#14740=CARTESIAN_POINT('',(103.326606750488,-17.7331311225891,27.8999996185303));
#14741=CARTESIAN_POINT('Origin',(93.8620567321777,-16.2980682373047,27.8999996185303));
#14742=CARTESIAN_POINT('',(93.8620567321777,-16.2980682373047,27.8999996185303));
#14743=CARTESIAN_POINT('',(93.8620567321777,-16.2980682373047,24.6999979019165));
#14744=CARTESIAN_POINT('',(93.8620567321777,-16.2980682373047,27.8999996185303));
#14745=CARTESIAN_POINT('',(94.0665054321289,-14.7451550483704,27.8999996185303));
#14746=CARTESIAN_POINT('',(94.0665054321289,-14.7451550483704,24.6999979019165));
#14747=CARTESIAN_POINT('Origin',(96.2956047058105,-17.4568802833557,23.899998664856));
#14748=CARTESIAN_POINT('',(96.2956047058105,-17.4568802833557,27.8999996185303));
#14749=CARTESIAN_POINT('Origin',(96.6646575927734,-18.2574374198914,25.7999992370606));
#14750=CARTESIAN_POINT('',(96.6646575927734,-18.2574374198914,27.8999996185303));
#14751=CARTESIAN_POINT('Origin',(96.112060546875,-16.2980682373047,23.899998664856));
#14752=CARTESIAN_POINT('',(96.112060546875,-16.2980682373047,27.8999996185303));
#14753=CARTESIAN_POINT('',(96.112060546875,-16.2980682373047,27.8999996185303));
#14754=CARTESIAN_POINT('',(96.2398338317871,-15.3274971961975,27.8999996185303));
#14755=CARTESIAN_POINT('Origin',(99.344425201416,-34.22991938591,25.7999992370606));
#14756=CARTESIAN_POINT('Origin',(101.27628326416,-33.7122816562653,25.7999992370606));
#14757=CARTESIAN_POINT('Origin',(100.737476348877,-19.9444539070129,27.8999996185303));
#14758=CARTESIAN_POINT('',(100.737476348877,-19.9444539070129,27.8999996185303));
#14759=CARTESIAN_POINT('Origin',(101.737070083618,-13.0504734039307,27.8999996185303));
#14760=CARTESIAN_POINT('',(102.513704299927,-13.6464173316956,27.8999996185303));
#14761=CARTESIAN_POINT('Origin',(98.309154510498,-10.5025131225586,27.8999996185303));
#14762=CARTESIAN_POINT('',(98.309154510498,-10.5025131225586,27.8999996185303));
#14763=CARTESIAN_POINT('',(98.309154510498,-10.5025131225586,24.6999979019165));
#14764=CARTESIAN_POINT('Origin',(99.5678520202637,-20.0365073204041,27.8999996185303));
#14765=CARTESIAN_POINT('',(99.2754173278809,-20.0018984794617,27.8999996185303));
#14766=CARTESIAN_POINT('',(99.5678520202637,-20.0365073204041,27.8999996185303));
#14767=CARTESIAN_POINT('',(99.2754173278809,-20.0018984794617,27.8999996185303));
#14768=CARTESIAN_POINT('Origin',(103.508443832397,-17.1734864234924,27.8999996185303));
#14769=CARTESIAN_POINT('',(103.508443832397,-17.1734864234924,27.8999996185303));
#14770=CARTESIAN_POINT('',(103.508443832397,-17.1734864234924,27.8999996185303));
#14771=CARTESIAN_POINT('',(103.565893173218,-16.8846971511841,27.8999996185303));
#14772=CARTESIAN_POINT('Origin',(96.6144561767578,-14.4230682373047,23.899998664856));
#14773=CARTESIAN_POINT('',(97.2104072570801,-13.6464173316956,27.8999996185303));
#14774=CARTESIAN_POINT('Origin',(103.428516387939,-17.4568802833557,27.8999996185303));
#14775=CARTESIAN_POINT('',(103.508443832397,-17.1734864234924,27.8999996185303));
#14776=CARTESIAN_POINT('Origin',(99.2754173278809,-20.0018984794617,27.8999996185303));
#14777=CARTESIAN_POINT('',(99.2754173278809,-20.0018984794617,27.8999996185303));
#14778=CARTESIAN_POINT('Origin',(96.1236190795898,-16.592288684845,23.899998664856));
#14779=CARTESIAN_POINT('',(96.1236190795898,-16.592288684845,27.8999996185303));
#14780=CARTESIAN_POINT('Origin',(105.862064361572,-29.7980684757233,27.8999996185303));
#14781=CARTESIAN_POINT('',(93.8620567321777,-36.2980682373047,27.8999996185303));
#14782=CARTESIAN_POINT('',(93.8620567321777,-19.7980678796768,27.8999996185303));
#14783=CARTESIAN_POINT('',(105.062065124512,-36.2980682373047,27.8999996185303));
#14784=CARTESIAN_POINT('',(99.862060546875,-36.2980682373047,27.8999996185303));
#14785=CARTESIAN_POINT('',(105.309267044067,-36.2589130520821,27.8999996185303));
#14786=CARTESIAN_POINT('',(103.530056663332,-36.5407284689402,27.8999996185303));
#14787=CARTESIAN_POINT('',(105.532293319702,-36.1452815651894,27.8999996185303));
#14788=CARTESIAN_POINT('',(105.76827452821,-36.0250495632644,27.8999996185303));
#14789=CARTESIAN_POINT('',(105.709276199341,-35.9682963013649,27.8999996185303));
#14790=CARTESIAN_POINT('',(107.326557733183,-34.3509929806719,27.8999996185303));
#14791=CARTESIAN_POINT('',(105.822916030884,-35.7452819466591,27.8999996185303));
#14792=CARTESIAN_POINT('',(107.669347004073,-32.1217231433461,27.8999996185303));
#14793=CARTESIAN_POINT('',(106.711450935994,-30.1343558295568,27.8999996185303));
#14794=CARTESIAN_POINT('Origin',(104.770164489746,-13.4643775939941,24.0527844429016));
#14795=CARTESIAN_POINT('',(105.33634185791,-14.8312408447266,24.0527844429016));
#14796=CARTESIAN_POINT('',(104.924745559692,-13.3751208305359,24.2297697067261));
#14797=CARTESIAN_POINT('',(105.33634185791,-14.8312408447266,24.0527844429016));
#14798=CARTESIAN_POINT('',(104.770164489746,-13.4643775939941,24.0527844429016));
#14799=CARTESIAN_POINT('',(105.33634185791,-14.8312408447266,24.0527844429016));
#14800=CARTESIAN_POINT('',(104.924745559692,-13.3751208305359,24.2297697067261));
#14801=CARTESIAN_POINT('Origin',(105.508766174316,-14.7850377082825,24.2297697067261));
#14802=CARTESIAN_POINT('',(105.508766174316,-14.7850377082825,24.2297697067261));
#14803=CARTESIAN_POINT('',(105.508766174316,-14.7850377082825,24.2297697067261));
#14804=CARTESIAN_POINT('',(105.508766174316,-14.7850377082825,24.2297697067261));
#14805=CARTESIAN_POINT('Origin',(104.575357437134,-13.5768467903137,23.9391541481018));
#14806=CARTESIAN_POINT('',(105.11905670166,-14.8894602775574,23.9391541481018));
#14807=CARTESIAN_POINT('',(105.11905670166,-14.8894602775574,23.9391541481018));
#14808=CARTESIAN_POINT('',(104.575357437134,-13.5768467903137,23.9391541481018));
#14809=CARTESIAN_POINT('',(105.11905670166,-14.8894602775574,23.9391541481018));
#14810=CARTESIAN_POINT('',(104.770164489746,-13.4643775939941,24.0527844429016));
#14811=CARTESIAN_POINT('Origin',(105.33634185791,-14.8312408447266,24.0527844429016));
#14812=CARTESIAN_POINT('',(105.33634185791,-14.8312408447266,24.0527844429016));
#14813=CARTESIAN_POINT('Origin',(104.359407424927,-13.7015206336975,23.899998664856));
#14814=CARTESIAN_POINT('',(104.878206253052,-14.9539954185486,23.899998664856));
#14815=CARTESIAN_POINT('',(104.575357437134,-13.5768467903137,23.9391541481018));
#14816=CARTESIAN_POINT('Origin',(105.11905670166,-14.8894602775574,23.9391541481018));
#14817=CARTESIAN_POINT('',(105.11905670166,-14.8894602775574,23.9391541481018));
#14818=CARTESIAN_POINT('Origin',(105.024003982544,-13.317814540863,24.4527840614319));
#14819=CARTESIAN_POINT('',(105.619468688965,-14.7553760528564,24.4527840614319));
#14820=CARTESIAN_POINT('',(105.619468688965,-14.7553760528564,24.4527840614319));
#14821=CARTESIAN_POINT('',(105.024003982544,-13.317814540863,24.4527840614319));
#14822=CARTESIAN_POINT('',(105.024003982544,-13.317814540863,24.4527840614319));
#14823=CARTESIAN_POINT('',(105.619468688965,-14.7553760528564,24.4527840614319));
#14824=CARTESIAN_POINT('Origin',(105.508766174316,-14.7850377082825,24.2297697067261));
#14825=CARTESIAN_POINT('',(105.619468688965,-14.7553760528564,24.4527840614319));
#14826=CARTESIAN_POINT('Origin',(105.058221817017,-13.2980687141418,24.6999979019165));
#14827=CARTESIAN_POINT('',(105.657615661621,-14.7451550483704,24.6999979019165));
#14828=CARTESIAN_POINT('',(105.058221817017,-13.2980687141418,24.6999979019165));
#14829=CARTESIAN_POINT('Origin',(105.619468688965,-14.7553760528564,24.4527840614319));
#14830=CARTESIAN_POINT('',(105.657615661621,-14.7451550483704,24.6999979019165));
#14831=CARTESIAN_POINT('Origin',(103.534135818481,-12.625995349884,23.899998664856));
#14832=CARTESIAN_POINT('',(103.710451126099,-12.4496800422668,23.9391541481018));
#14833=CARTESIAN_POINT('',(104.359407424927,-13.7015206336975,23.899998664856));
#14834=CARTESIAN_POINT('',(103.710451126099,-12.4496800422668,23.9391541481018));
#14835=CARTESIAN_POINT('Origin',(104.575357437134,-13.5768467903137,23.9391541481018));
#14836=CARTESIAN_POINT('',(104.575357437134,-13.5768467903137,23.9391541481018));
#14837=CARTESIAN_POINT('Origin',(103.710451126099,-12.4496800422668,23.9391541481018));
#14838=CARTESIAN_POINT('',(103.869514465332,-12.2906238555908,24.0527844429016));
#14839=CARTESIAN_POINT('',(104.575357437134,-13.5768467903137,23.9391541481018));
#14840=CARTESIAN_POINT('',(103.869514465332,-12.2906238555908,24.0527844429016));
#14841=CARTESIAN_POINT('Origin',(104.770164489746,-13.4643775939941,24.0527844429016));
#14842=CARTESIAN_POINT('',(104.770164489746,-13.4643775939941,24.0527844429016));
#14843=CARTESIAN_POINT('Origin',(103.869514465332,-12.2906238555908,24.0527844429016));
#14844=CARTESIAN_POINT('',(103.995733261108,-12.1643955230713,24.2297697067261));
#14845=CARTESIAN_POINT('',(104.770164489746,-13.4643775939941,24.0527844429016));
#14846=CARTESIAN_POINT('',(103.995733261108,-12.1643955230713,24.2297697067261));
#14847=CARTESIAN_POINT('Origin',(104.924745559692,-13.3751208305359,24.2297697067261));
#14848=CARTESIAN_POINT('',(104.924745559692,-13.3751208305359,24.2297697067261));
#14849=CARTESIAN_POINT('Origin',(104.076776504517,-12.0833522796631,24.4527840614319));
#14850=CARTESIAN_POINT('',(105.024003982544,-13.317814540863,24.4527840614319));
#14851=CARTESIAN_POINT('',(104.076776504517,-12.0833522796631,24.4527840614319));
#14852=CARTESIAN_POINT('',(104.076776504517,-12.0833522796631,24.4527840614319));
#14853=CARTESIAN_POINT('',(105.024003982544,-13.317814540863,24.4527840614319));
#14854=CARTESIAN_POINT('Origin',(104.924745559692,-13.3751208305359,24.2297697067261));
#14855=CARTESIAN_POINT('Origin',(104.104700088501,-12.0554263114929,24.6999979019165));
#14856=CARTESIAN_POINT('',(105.058221817017,-13.2980687141418,24.6999979019165));
#14857=CARTESIAN_POINT('',(104.104700088501,-12.0554263114929,24.6999979019165));
#14858=CARTESIAN_POINT('Origin',(105.024003982544,-13.317814540863,24.4527840614319));
#14859=CARTESIAN_POINT('Origin',(102.458610534668,-11.8007142066956,23.899998664856));
#14860=CARTESIAN_POINT('',(102.583284378052,-11.5847737312317,23.9391541481018));
#14861=CARTESIAN_POINT('',(103.534135818481,-12.625995349884,23.899998664856));
#14862=CARTESIAN_POINT('',(102.583284378052,-11.5847737312317,23.9391541481018));
#14863=CARTESIAN_POINT('Origin',(103.710451126099,-12.4496800422668,23.9391541481018));
#14864=CARTESIAN_POINT('',(103.710451126099,-12.4496800422668,23.9391541481018));
#14865=CARTESIAN_POINT('Origin',(102.583284378052,-11.5847737312317,23.9391541481018));
#14866=CARTESIAN_POINT('',(102.695741653442,-11.3899690628052,24.0527844429016));
#14867=CARTESIAN_POINT('',(103.710451126099,-12.4496800422668,23.9391541481018));
#14868=CARTESIAN_POINT('',(102.695741653442,-11.3899690628052,24.0527844429016));
#14869=CARTESIAN_POINT('Origin',(103.869514465332,-12.2906238555908,24.0527844429016));
#14870=CARTESIAN_POINT('',(103.869514465332,-12.2906238555908,24.0527844429016));
#14871=CARTESIAN_POINT('Origin',(102.695741653442,-11.3899690628052,24.0527844429016));
#14872=CARTESIAN_POINT('',(102.785005569458,-11.2353736877441,24.2297697067261));
#14873=CARTESIAN_POINT('',(103.869514465332,-12.2906238555908,24.0527844429016));
#14874=CARTESIAN_POINT('',(102.785005569458,-11.2353736877441,24.2297697067261));
#14875=CARTESIAN_POINT('Origin',(103.995733261108,-12.1643955230713,24.2297697067261));
#14876=CARTESIAN_POINT('',(103.995733261108,-12.1643955230713,24.2297697067261));
#14877=CARTESIAN_POINT('Origin',(102.785005569458,-11.2353736877441,24.2297697067261));
#14878=CARTESIAN_POINT('',(102.842321395874,-11.1361176490784,24.4527840614319));
#14879=CARTESIAN_POINT('',(103.995733261108,-12.1643955230713,24.2297697067261));
#14880=CARTESIAN_POINT('',(102.842321395874,-11.1361176490784,24.4527840614319));
#14881=CARTESIAN_POINT('Origin',(104.076776504517,-12.0833522796631,24.4527840614319));
#14882=CARTESIAN_POINT('',(104.076776504517,-12.0833522796631,24.4527840614319));
#14883=CARTESIAN_POINT('Origin',(102.842321395874,-11.1361176490784,24.4527840614319));
#14884=CARTESIAN_POINT('',(104.076776504517,-12.0833522796631,24.4527840614319));
#14885=CARTESIAN_POINT('',(102.862062454224,-11.1019165039062,24.6999979019165));
#14886=CARTESIAN_POINT('Origin',(104.104700088501,-12.0554263114929,24.6999979019165));
#14887=CARTESIAN_POINT('Origin',(99.862060546875,-11.1049706459045,23.899998664856));
#14888=CARTESIAN_POINT('',(99.862060546875,-10.855622959137,23.9391541481018));
#14889=CARTESIAN_POINT('',(101.206130981445,-11.2819225311279,23.899998664856));
#14890=CARTESIAN_POINT('',(99.862060546875,-11.1049706459045,23.899998664856));
#14891=CARTESIAN_POINT('Origin',(101.270656585693,-11.0410720825195,23.9391541481018));
#14892=CARTESIAN_POINT('',(101.270656585693,-11.0410720825195,23.9391541481018));
#14893=CARTESIAN_POINT('',(101.270656585693,-11.0410720825195,23.9391541481018));
#14894=CARTESIAN_POINT('',(101.270656585693,-11.0410720825195,23.9391541481018));
#14895=CARTESIAN_POINT('Origin',(99.862060546875,-10.855622959137,23.9391541481018));
#14896=CARTESIAN_POINT('',(99.862060546875,-10.6306845664978,24.0527844429016));
#14897=CARTESIAN_POINT('',(101.270656585693,-11.0410720825195,23.9391541481018));
#14898=CARTESIAN_POINT('',(99.862060546875,-10.855622959137,23.9391541481018));
#14899=CARTESIAN_POINT('Origin',(101.328887939453,-10.8237964630127,24.0527844429016));
#14900=CARTESIAN_POINT('',(101.328887939453,-10.8237964630127,24.0527844429016));
#14901=CARTESIAN_POINT('',(101.328887939453,-10.8237964630127,24.0527844429016));
#14902=CARTESIAN_POINT('',(101.328887939453,-10.8237964630127,24.0527844429016));
#14903=CARTESIAN_POINT('Origin',(99.862060546875,-10.6306845664978,24.0527844429016));
#14904=CARTESIAN_POINT('',(99.862060546875,-10.4521710395813,24.2297697067261));
#14905=CARTESIAN_POINT('',(101.328887939453,-10.8237964630127,24.0527844429016));
#14906=CARTESIAN_POINT('',(99.862060546875,-10.6306845664978,24.0527844429016));
#14907=CARTESIAN_POINT('Origin',(101.375102996826,-10.6513649940491,24.2297697067261));
#14908=CARTESIAN_POINT('',(101.375102996826,-10.6513649940491,24.2297697067261));
#14909=CARTESIAN_POINT('',(101.375102996826,-10.6513649940491,24.2297697067261));
#14910=CARTESIAN_POINT('',(101.375102996826,-10.6513649940491,24.2297697067261));
#14911=CARTESIAN_POINT('Origin',(99.862060546875,-10.4521710395813,24.2297697067261));
#14912=CARTESIAN_POINT('',(99.862060546875,-10.3375584602356,24.4527840614319));
#14913=CARTESIAN_POINT('',(101.375102996826,-10.6513649940491,24.2297697067261));
#14914=CARTESIAN_POINT('',(99.862060546875,-10.4521710395813,24.2297697067261));
#14915=CARTESIAN_POINT('Origin',(101.404762268066,-10.5406600952148,24.4527840614319));
#14916=CARTESIAN_POINT('',(101.404762268066,-10.5406600952148,24.4527840614319));
#14917=CARTESIAN_POINT('',(101.404762268066,-10.5406600952148,24.4527840614319));
#14918=CARTESIAN_POINT('',(101.404762268066,-10.5406600952148,24.4527840614319));
#14919=CARTESIAN_POINT('Origin',(99.862060546875,-10.3375584602356,24.4527840614319));
#14920=CARTESIAN_POINT('',(101.404762268066,-10.5406600952148,24.4527840614319));
#14921=CARTESIAN_POINT('',(99.862060546875,-10.3375584602356,24.4527840614319));
#14922=CARTESIAN_POINT('Origin',(101.414966583252,-10.5025131225586,24.6999979019165));
#14923=CARTESIAN_POINT('',(101.414966583252,-10.5025131225586,24.6999979019165));
#14924=CARTESIAN_POINT('Origin',(101.206130981445,-11.2819225311279,23.899998664856));
#14925=CARTESIAN_POINT('',(102.458610534668,-11.8007142066956,23.899998664856));
#14926=CARTESIAN_POINT('Origin',(102.583284378052,-11.5847737312317,23.9391541481018));
#14927=CARTESIAN_POINT('',(102.583284378052,-11.5847737312317,23.9391541481018));
#14928=CARTESIAN_POINT('Origin',(101.270656585693,-11.0410720825195,23.9391541481018));
#14929=CARTESIAN_POINT('',(102.583284378052,-11.5847737312317,23.9391541481018));
#14930=CARTESIAN_POINT('Origin',(102.695741653442,-11.3899690628052,24.0527844429016));
#14931=CARTESIAN_POINT('',(102.695741653442,-11.3899690628052,24.0527844429016));
#14932=CARTESIAN_POINT('Origin',(101.328887939453,-10.8237964630127,24.0527844429016));
#14933=CARTESIAN_POINT('',(102.695741653442,-11.3899690628052,24.0527844429016));
#14934=CARTESIAN_POINT('Origin',(102.785005569458,-11.2353736877441,24.2297697067261));
#14935=CARTESIAN_POINT('',(102.785005569458,-11.2353736877441,24.2297697067261));
#14936=CARTESIAN_POINT('Origin',(101.375102996826,-10.6513649940491,24.2297697067261));
#14937=CARTESIAN_POINT('',(102.785005569458,-11.2353736877441,24.2297697067261));
#14938=CARTESIAN_POINT('Origin',(102.842321395874,-11.1361176490784,24.4527840614319));
#14939=CARTESIAN_POINT('',(102.842321395874,-11.1361176490784,24.4527840614319));
#14940=CARTESIAN_POINT('Origin',(101.404762268066,-10.5406600952148,24.4527840614319));
#14941=CARTESIAN_POINT('',(102.842321395874,-11.1361176490784,24.4527840614319));
#14942=CARTESIAN_POINT('Origin',(102.862062454224,-11.1019165039062,24.6999979019165));
#14943=CARTESIAN_POINT('Origin',(98.5179901123047,-11.2819225311279,23.899998664856));
#14944=CARTESIAN_POINT('',(98.4534454345703,-11.0410720825195,23.9391541481018));
#14945=CARTESIAN_POINT('',(99.862060546875,-11.1049706459045,23.899998664856));
#14946=CARTESIAN_POINT('',(98.5179901123047,-11.2819225311279,23.899998664856));
#14947=CARTESIAN_POINT('Origin',(99.862060546875,-10.855622959137,23.9391541481018));
#14948=CARTESIAN_POINT('',(99.862060546875,-10.855622959137,23.9391541481018));
#14949=CARTESIAN_POINT('Origin',(98.4534454345703,-11.0410720825195,23.9391541481018));
#14950=CARTESIAN_POINT('',(98.3952331542969,-10.8237964630127,24.0527844429016));
#14951=CARTESIAN_POINT('',(99.862060546875,-10.855622959137,23.9391541481018));
#14952=CARTESIAN_POINT('',(98.4534454345703,-11.0410720825195,23.9391541481018));
#14953=CARTESIAN_POINT('Origin',(99.862060546875,-10.6306845664978,24.0527844429016));
#14954=CARTESIAN_POINT('',(99.862060546875,-10.6306845664978,24.0527844429016));
#14955=CARTESIAN_POINT('Origin',(98.3952331542969,-10.8237964630127,24.0527844429016));
#14956=CARTESIAN_POINT('',(98.3490371704102,-10.6513649940491,24.2297697067261));
#14957=CARTESIAN_POINT('',(99.862060546875,-10.6306845664978,24.0527844429016));
#14958=CARTESIAN_POINT('',(98.3952331542969,-10.8237964630127,24.0527844429016));
#14959=CARTESIAN_POINT('Origin',(99.862060546875,-10.4521710395813,24.2297697067261));
#14960=CARTESIAN_POINT('',(99.862060546875,-10.4521710395813,24.2297697067261));
#14961=CARTESIAN_POINT('Origin',(98.3490371704102,-10.6513649940491,24.2297697067261));
#14962=CARTESIAN_POINT('',(98.3193778991699,-10.5406600952148,24.4527840614319));
#14963=CARTESIAN_POINT('',(99.862060546875,-10.4521710395813,24.2297697067261));
#14964=CARTESIAN_POINT('',(98.3490371704102,-10.6513649940491,24.2297697067261));
#14965=CARTESIAN_POINT('Origin',(99.862060546875,-10.3375584602356,24.4527840614319));
#14966=CARTESIAN_POINT('',(99.862060546875,-10.3375584602356,24.4527840614319));
#14967=CARTESIAN_POINT('Origin',(98.3193778991699,-10.5406600952148,24.4527840614319));
#14968=CARTESIAN_POINT('',(99.862060546875,-10.3375584602356,24.4527840614319));
#14969=CARTESIAN_POINT('',(98.3193778991699,-10.5406600952148,24.4527840614319));
#14970=CARTESIAN_POINT('Origin',(99.862060546875,-10.2980668067932,24.6999979019165));
#14971=CARTESIAN_POINT('Origin',(97.1408462524414,-11.5847737312317,23.9391541481018));
#14972=CARTESIAN_POINT('',(98.4534454345703,-11.0410720825195,23.9391541481018));
#14973=CARTESIAN_POINT('',(97.1408462524414,-11.5847737312317,23.9391541481018));
#14974=CARTESIAN_POINT('',(97.265510559082,-11.8007142066956,23.899998664856));
#14975=CARTESIAN_POINT('',(98.4534454345703,-11.0410720825195,23.9391541481018));
#14976=CARTESIAN_POINT('Origin',(98.5179901123047,-11.2819225311279,23.899998664856));
#14977=CARTESIAN_POINT('Origin',(97.0283699035645,-11.3899690628052,24.0527844429016));
#14978=CARTESIAN_POINT('',(98.3952331542969,-10.8237964630127,24.0527844429016));
#14979=CARTESIAN_POINT('',(97.0283699035645,-11.3899690628052,24.0527844429016));
#14980=CARTESIAN_POINT('',(97.1408462524414,-11.5847737312317,23.9391541481018));
#14981=CARTESIAN_POINT('',(98.3952331542969,-10.8237964630127,24.0527844429016));
#14982=CARTESIAN_POINT('Origin',(98.4534454345703,-11.0410720825195,23.9391541481018));
#14983=CARTESIAN_POINT('Origin',(96.9391059875488,-11.2353736877441,24.2297697067261));
#14984=CARTESIAN_POINT('',(98.3490371704102,-10.6513649940491,24.2297697067261));
#14985=CARTESIAN_POINT('',(96.9391059875488,-11.2353736877441,24.2297697067261));
#14986=CARTESIAN_POINT('',(97.0283699035645,-11.3899690628052,24.0527844429016));
#14987=CARTESIAN_POINT('',(98.3490371704102,-10.6513649940491,24.2297697067261));
#14988=CARTESIAN_POINT('Origin',(98.3952331542969,-10.8237964630127,24.0527844429016));
#14989=CARTESIAN_POINT('Origin',(96.9391059875488,-11.2353736877441,24.2297697067261));
#14990=CARTESIAN_POINT('',(96.8818092346191,-11.1361176490784,24.4527840614319));
#14991=CARTESIAN_POINT('',(98.3490371704102,-10.6513649940491,24.2297697067261));
#14992=CARTESIAN_POINT('',(96.9391059875488,-11.2353736877441,24.2297697067261));
#14993=CARTESIAN_POINT('Origin',(98.3193778991699,-10.5406600952148,24.4527840614319));
#14994=CARTESIAN_POINT('',(98.3193778991699,-10.5406600952148,24.4527840614319));
#14995=CARTESIAN_POINT('Origin',(96.8818092346191,-11.1361176490784,24.4527840614319));
#14996=CARTESIAN_POINT('',(98.3193778991699,-10.5406600952148,24.4527840614319));
#14997=CARTESIAN_POINT('',(96.8818092346191,-11.1361176490784,24.4527840614319));
#14998=CARTESIAN_POINT('Origin',(98.309154510498,-10.5025131225586,24.6999979019165));
#14999=CARTESIAN_POINT('Origin',(105.532293319702,-36.1452815651894,30.149998664856));
#15000=CARTESIAN_POINT('',(105.532293319702,-36.1452815651894,24.6999979019165));
#15001=CARTESIAN_POINT('',(105.532293319702,-36.1452815651894,30.149998664856));
#15002=CARTESIAN_POINT('',(105.709276199341,-35.9682963013649,24.6999979019165));
#15003=CARTESIAN_POINT('',(105.709276199341,-35.9682963013649,24.6999979019165));
#15004=CARTESIAN_POINT('',(105.709276199341,-35.9682963013649,30.149998664856));
#15005=CARTESIAN_POINT('Origin',(105.709276199341,-35.9682963013649,24.6999979019165));
#15006=CARTESIAN_POINT('',(105.822916030884,-35.7452819466591,24.6999979019165));
#15007=CARTESIAN_POINT('',(105.822916030884,-35.7452819466591,24.6999979019165));
#15008=CARTESIAN_POINT('',(105.822916030884,-35.7452819466591,30.149998664856));
#15009=CARTESIAN_POINT('Origin',(105.822916030884,-35.7452819466591,24.6999979019165));
#15010=CARTESIAN_POINT('',(105.862064361572,-35.4980678081512,24.6999979019165));
#15011=CARTESIAN_POINT('Origin',(105.309267044067,-35.4980678081512,23.9391541481018));
#15012=CARTESIAN_POINT('',(105.309267044067,-35.4980678081512,23.9391541481018));
#15013=CARTESIAN_POINT('',(105.309267044067,-16.3343007087708,23.9391541481018));
#15014=CARTESIAN_POINT('',(105.309267044067,-35.4980678081512,23.9391541481018));
#15015=CARTESIAN_POINT('',(105.309267044067,-35.4980678081512,23.9391541481018));
#15016=CARTESIAN_POINT('',(105.309267044067,-16.3343007087708,23.9391541481018));
#15017=CARTESIAN_POINT('Origin',(105.532293319702,-35.4980678081512,24.0527844429016));
#15018=CARTESIAN_POINT('',(105.532293319702,-35.4980678081512,24.0527844429016));
#15019=CARTESIAN_POINT('',(105.532293319702,-16.3196808815002,24.0527844429016));
#15020=CARTESIAN_POINT('',(105.532293319702,-35.4980678081512,24.0527844429016));
#15021=CARTESIAN_POINT('',(105.532293319702,-35.4980678081512,24.0527844429016));
#15022=CARTESIAN_POINT('',(105.532293319702,-16.3196808815002,24.0527844429016));
#15023=CARTESIAN_POINT('Origin',(105.709276199341,-35.4980678081512,24.2297697067261));
#15024=CARTESIAN_POINT('',(105.709276199341,-35.4980678081512,24.2297697067261));
#15025=CARTESIAN_POINT('',(105.709276199341,-16.308081817627,24.2297697067261));
#15026=CARTESIAN_POINT('',(105.709276199341,-35.4980678081512,24.2297697067261));
#15027=CARTESIAN_POINT('',(105.709276199341,-35.4980678081512,24.2297697067261));
#15028=CARTESIAN_POINT('',(105.709276199341,-16.308081817627,24.2297697067261));
#15029=CARTESIAN_POINT('Origin',(105.709276199341,-35.4980678081512,24.2297697067261));
#15030=CARTESIAN_POINT('',(105.822916030884,-35.4980678081512,24.4527840614319));
#15031=CARTESIAN_POINT('',(105.822916030884,-35.4980678081512,24.4527840614319));
#15032=CARTESIAN_POINT('',(105.822916030884,-16.3006336212158,24.4527840614319));
#15033=CARTESIAN_POINT('',(105.822916030884,-16.3006336212158,24.4527840614319));
#15034=CARTESIAN_POINT('',(105.822916030884,-35.4980678081512,24.4527840614319));
#15035=CARTESIAN_POINT('Origin',(105.822916030884,-35.4980678081512,24.4527840614319));
#15036=CARTESIAN_POINT('',(105.862064361572,-35.4980678081512,24.6999979019165));
#15037=CARTESIAN_POINT('',(105.862064361572,-16.2980682373047,24.6999979019165));
#15038=CARTESIAN_POINT('Origin',(104.878206253052,-14.9539954185486,23.899998664856));
#15039=CARTESIAN_POINT('',(105.11905670166,-14.8894602775574,23.9391541481018));
#15040=CARTESIAN_POINT('Origin',(105.309267044067,-16.3343007087708,23.9391541481018));
#15041=CARTESIAN_POINT('',(105.309267044067,-16.3343007087708,23.9391541481018));
#15042=CARTESIAN_POINT('Origin',(105.11905670166,-14.8894602775574,23.9391541481018));
#15043=CARTESIAN_POINT('',(105.33634185791,-14.8312408447266,24.0527844429016));
#15044=CARTESIAN_POINT('Origin',(105.532293319702,-16.3196808815002,24.0527844429016));
#15045=CARTESIAN_POINT('',(105.532293319702,-16.3196808815002,24.0527844429016));
#15046=CARTESIAN_POINT('Origin',(105.33634185791,-14.8312408447266,24.0527844429016));
#15047=CARTESIAN_POINT('',(105.532293319702,-16.3196808815002,24.0527844429016));
#15048=CARTESIAN_POINT('Origin',(105.709276199341,-16.308081817627,24.2297697067261));
#15049=CARTESIAN_POINT('',(105.709276199341,-16.308081817627,24.2297697067261));
#15050=CARTESIAN_POINT('Origin',(105.619468688965,-14.7553760528564,24.4527840614319));
#15051=CARTESIAN_POINT('',(105.822916030884,-16.3006336212158,24.4527840614319));
#15052=CARTESIAN_POINT('',(105.822916030884,-16.3006336212158,24.4527840614319));
#15053=CARTESIAN_POINT('Origin',(105.709276199341,-16.308081817627,24.2297697067261));
#15054=CARTESIAN_POINT('Origin',(105.657615661621,-14.7451550483704,24.6999979019165));
#15055=CARTESIAN_POINT('',(105.862064361572,-16.2980682373047,24.6999979019165));
#15056=CARTESIAN_POINT('Origin',(105.822916030884,-16.3006336212158,24.4527840614319));
#15057=CARTESIAN_POINT('Origin',(97.8092765808105,-50.794119310379,23.9391541481018));
#15058=CARTESIAN_POINT('',(98.9253445337167,-36.2980682373047,24.1159266192709));
#15059=CARTESIAN_POINT('',(97.8092765808105,-35.7452819466591,23.9391541481018));
#15060=CARTESIAN_POINT('Origin',(98.3620643615723,-36.2980682373047,24.6999979019165));
#15061=CARTESIAN_POINT('',(105.062065124512,-36.2980682373047,24.6999979019165));
#15062=CARTESIAN_POINT('',(105.062065124512,-36.2980682373047,24.6999979019165));
#15063=CARTESIAN_POINT('',(105.062065124512,-36.2589130520821,24.4527840614319));
#15064=CARTESIAN_POINT('',(105.062065124512,-36.2589130520821,24.4527840614319));
#15065=CARTESIAN_POINT('',(105.062065124512,-36.2980682373047,24.6999979019165));
#15066=CARTESIAN_POINT('Origin',(98.3229064941406,-36.2589130520821,24.4527840614319));
#15067=CARTESIAN_POINT('',(105.062065124512,-36.1452815651894,24.2297697067261));
#15068=CARTESIAN_POINT('',(105.062065124512,-36.1452815651894,24.2297697067261));
#15069=CARTESIAN_POINT('',(105.062065124512,-36.2589130520821,24.4527840614319));
#15070=CARTESIAN_POINT('Origin',(98.209285736084,-36.1452815651894,24.2297697067261));
#15071=CARTESIAN_POINT('',(105.062065124512,-35.9682963013649,24.0527844429016));
#15072=CARTESIAN_POINT('',(105.062065124512,-35.9682963013649,24.0527844429016));
#15073=CARTESIAN_POINT('',(105.062065124512,-36.1452815651894,24.2297697067261));
#15074=CARTESIAN_POINT('Origin',(105.062065124512,-35.9682963013649,24.0527844429016));
#15075=CARTESIAN_POINT('',(105.062065124512,-35.7452819466591,23.9391541481018));
#15076=CARTESIAN_POINT('',(105.062065124512,-35.9682963013649,24.0527844429016));
#15077=CARTESIAN_POINT('',(105.062065124512,-35.7452819466591,23.9391541481018));
#15078=CARTESIAN_POINT('Origin',(105.062065124512,-35.7452819466591,23.9391541481018));
#15079=CARTESIAN_POINT('',(105.062065124512,-35.7452819466591,23.9391541481018));
#15080=CARTESIAN_POINT('Origin',(93.9012145996094,-50.7423097610474,24.4527840614319));
#15081=CARTESIAN_POINT('',(93.8620567321777,-36.2980682373047,24.6999979019165));
#15082=CARTESIAN_POINT('',(93.9012145996094,-36.2980682373047,24.4527840614319));
#15083=CARTESIAN_POINT('',(93.7754326085688,-36.2980682373047,25.246878610202));
#15084=CARTESIAN_POINT('',(93.8620567321777,-50.717374753952,24.6999979019165));
#15085=CARTESIAN_POINT('',(93.9012145996094,-16.3006336212158,24.4527840614319));
#15086=CARTESIAN_POINT('',(93.9012145996094,-16.3006336212158,24.4527840614319));
#15087=CARTESIAN_POINT('',(93.9012145996094,-50.7423097610474,24.4527840614319));
#15088=CARTESIAN_POINT('Origin',(94.0148544311523,-50.7648057460785,24.2297697067261));
#15089=CARTESIAN_POINT('',(94.0148544311523,-36.2980682373047,24.2297697067261));
#15090=CARTESIAN_POINT('',(93.995309577516,-36.2980682373047,24.2681258258996));
#15091=CARTESIAN_POINT('',(94.0148544311523,-16.308081817627,24.2297697067261));
#15092=CARTESIAN_POINT('',(94.0148544311523,-16.308081817627,24.2297697067261));
#15093=CARTESIAN_POINT('',(94.0148544311523,-50.7648057460785,24.2297697067261));
#15094=CARTESIAN_POINT('Origin',(94.191837310791,-50.7826573371887,24.0527844429016));
#15095=CARTESIAN_POINT('',(94.191837310791,-36.2980682373047,24.0527844429016));
#15096=CARTESIAN_POINT('',(94.77782902841,-36.2980682373047,23.4667848312246));
#15097=CARTESIAN_POINT('',(94.191837310791,-16.3196808815002,24.0527844429016));
#15098=CARTESIAN_POINT('',(94.191837310791,-16.3196808815002,24.0527844429016));
#15099=CARTESIAN_POINT('',(94.191837310791,-50.7826573371887,24.0527844429016));
#15100=CARTESIAN_POINT('Origin',(94.4148445129395,-50.794119310379,23.9391541481018));
#15101=CARTESIAN_POINT('',(94.4148445129395,-36.2980682373047,23.9391541481018));
#15102=CARTESIAN_POINT('',(95.8414409423602,-36.2980682373047,23.2122512890294));
#15103=CARTESIAN_POINT('',(94.4148445129395,-16.3343007087708,23.9391541481018));
#15104=CARTESIAN_POINT('',(94.4148445129395,-16.3343007087708,23.9391541481018));
#15105=CARTESIAN_POINT('',(94.4148445129395,-50.794119310379,23.9391541481018));
#15106=CARTESIAN_POINT('Origin',(94.6620750427246,-50.7980687141418,23.899998664856));
#15107=CARTESIAN_POINT('',(96.8334245913092,-36.2980682373047,23.5561081229218));
#15108=CARTESIAN_POINT('',(94.6620750427246,-16.3505036354065,23.899998664856));
#15109=CARTESIAN_POINT('Origin',(94.0665054321289,-14.7451550483704,24.6999979019165));
#15110=CARTESIAN_POINT('',(94.1046524047852,-14.7553760528564,24.4527840614319));
#15111=CARTESIAN_POINT('',(94.1046524047852,-14.7553760528564,24.4527840614319));
#15112=CARTESIAN_POINT('',(94.1046524047852,-14.7553760528564,24.4527840614319));
#15113=CARTESIAN_POINT('Origin',(93.9012145996094,-16.3006336212158,24.4527840614319));
#15114=CARTESIAN_POINT('',(94.1046524047852,-14.7553760528564,24.4527840614319));
#15115=CARTESIAN_POINT('Origin',(94.1046524047852,-14.7553760528564,24.4527840614319));
#15116=CARTESIAN_POINT('',(94.2153549194336,-14.7850377082825,24.2297697067261));
#15117=CARTESIAN_POINT('',(94.2153549194336,-14.7850377082825,24.2297697067261));
#15118=CARTESIAN_POINT('',(94.2153549194336,-14.7850377082825,24.2297697067261));
#15119=CARTESIAN_POINT('Origin',(94.0148544311523,-16.308081817627,24.2297697067261));
#15120=CARTESIAN_POINT('',(94.2153549194336,-14.7850377082825,24.2297697067261));
#15121=CARTESIAN_POINT('Origin',(94.0148544311523,-16.308081817627,24.2297697067261));
#15122=CARTESIAN_POINT('',(94.2153549194336,-14.7850377082825,24.2297697067261));
#15123=CARTESIAN_POINT('Origin',(94.3877983093262,-14.8312408447266,24.0527844429016));
#15124=CARTESIAN_POINT('',(94.3877983093262,-14.8312408447266,24.0527844429016));
#15125=CARTESIAN_POINT('',(94.3877983093262,-14.8312408447266,24.0527844429016));
#15126=CARTESIAN_POINT('',(94.3877983093262,-14.8312408447266,24.0527844429016));
#15127=CARTESIAN_POINT('Origin',(94.191837310791,-16.3196808815002,24.0527844429016));
#15128=CARTESIAN_POINT('',(94.4148445129395,-16.3343007087708,23.9391541481018));
#15129=CARTESIAN_POINT('Origin',(94.6050643920898,-14.8894602775574,23.9391541481018));
#15130=CARTESIAN_POINT('',(94.6050643920898,-14.8894602775574,23.9391541481018));
#15131=CARTESIAN_POINT('',(94.6050643920898,-14.8894602775574,23.9391541481018));
#15132=CARTESIAN_POINT('',(94.6050643920898,-14.8894602775574,23.9391541481018));
#15133=CARTESIAN_POINT('Origin',(94.4148445129395,-16.3343007087708,23.9391541481018));
#15134=CARTESIAN_POINT('',(94.6620750427246,-16.3505036354065,23.899998664856));
#15135=CARTESIAN_POINT('Origin',(94.8459243774414,-14.9539954185486,23.899998664856));
#15136=CARTESIAN_POINT('',(94.8459243774414,-14.9539954185486,23.899998664856));
#15137=CARTESIAN_POINT('Origin',(94.6659088134766,-13.2980687141418,24.6999979019165));
#15138=CARTESIAN_POINT('',(94.7001075744629,-13.317814540863,24.4527840614319));
#15139=CARTESIAN_POINT('',(94.7001075744629,-13.317814540863,24.4527840614319));
#15140=CARTESIAN_POINT('',(94.7001075744629,-13.317814540863,24.4527840614319));
#15141=CARTESIAN_POINT('Origin',(94.1046524047852,-14.7553760528564,24.4527840614319));
#15142=CARTESIAN_POINT('',(94.7001075744629,-13.317814540863,24.4527840614319));
#15143=CARTESIAN_POINT('Origin',(94.7001075744629,-13.317814540863,24.4527840614319));
#15144=CARTESIAN_POINT('',(94.7993659973145,-13.3751208305359,24.2297697067261));
#15145=CARTESIAN_POINT('',(94.7993659973145,-13.3751208305359,24.2297697067261));
#15146=CARTESIAN_POINT('',(94.7993659973145,-13.3751208305359,24.2297697067261));
#15147=CARTESIAN_POINT('Origin',(94.2153549194336,-14.7850377082825,24.2297697067261));
#15148=CARTESIAN_POINT('',(94.7993659973145,-13.3751208305359,24.2297697067261));
#15149=CARTESIAN_POINT('Origin',(94.2153549194336,-14.7850377082825,24.2297697067261));
#15150=CARTESIAN_POINT('',(94.7993659973145,-13.3751208305359,24.2297697067261));
#15151=CARTESIAN_POINT('Origin',(94.9539756774902,-13.4643775939941,24.0527844429016));
#15152=CARTESIAN_POINT('',(94.9539756774902,-13.4643775939941,24.0527844429016));
#15153=CARTESIAN_POINT('',(94.9539756774902,-13.4643775939941,24.0527844429016));
#15154=CARTESIAN_POINT('',(94.9539756774902,-13.4643775939941,24.0527844429016));
#15155=CARTESIAN_POINT('Origin',(94.3877983093262,-14.8312408447266,24.0527844429016));
#15156=CARTESIAN_POINT('',(94.9539756774902,-13.4643775939941,24.0527844429016));
#15157=CARTESIAN_POINT('Origin',(95.148754119873,-13.5768467903137,23.9391541481018));
#15158=CARTESIAN_POINT('',(95.148754119873,-13.5768467903137,23.9391541481018));
#15159=CARTESIAN_POINT('',(95.148754119873,-13.5768467903137,23.9391541481018));
#15160=CARTESIAN_POINT('',(95.148754119873,-13.5768467903137,23.9391541481018));
#15161=CARTESIAN_POINT('Origin',(94.6050643920898,-14.8894602775574,23.9391541481018));
#15162=CARTESIAN_POINT('',(95.148754119873,-13.5768467903137,23.9391541481018));
#15163=CARTESIAN_POINT('Origin',(95.3647041320801,-13.7015206336975,23.899998664856));
#15164=CARTESIAN_POINT('',(95.3647041320801,-13.7015206336975,23.899998664856));
#15165=CARTESIAN_POINT('Origin',(95.6194114685059,-12.0554263114929,24.6999979019165));
#15166=CARTESIAN_POINT('',(95.6473350524902,-12.0833522796631,24.4527840614319));
#15167=CARTESIAN_POINT('',(95.6473350524902,-12.0833522796631,24.4527840614319));
#15168=CARTESIAN_POINT('',(95.6473350524902,-12.0833522796631,24.4527840614319));
#15169=CARTESIAN_POINT('Origin',(94.7001075744629,-13.317814540863,24.4527840614319));
#15170=CARTESIAN_POINT('',(95.6473350524902,-12.0833522796631,24.4527840614319));
#15171=CARTESIAN_POINT('Origin',(95.6473350524902,-12.0833522796631,24.4527840614319));
#15172=CARTESIAN_POINT('',(95.7283782958984,-12.1643955230713,24.2297697067261));
#15173=CARTESIAN_POINT('',(95.7283782958984,-12.1643955230713,24.2297697067261));
#15174=CARTESIAN_POINT('',(95.7283782958984,-12.1643955230713,24.2297697067261));
#15175=CARTESIAN_POINT('Origin',(94.7993659973145,-13.3751208305359,24.2297697067261));
#15176=CARTESIAN_POINT('',(95.7283782958984,-12.1643955230713,24.2297697067261));
#15177=CARTESIAN_POINT('Origin',(94.7993659973145,-13.3751208305359,24.2297697067261));
#15178=CARTESIAN_POINT('',(95.7283782958984,-12.1643955230713,24.2297697067261));
#15179=CARTESIAN_POINT('Origin',(95.8546257019043,-12.2906238555908,24.0527844429016));
#15180=CARTESIAN_POINT('',(95.8546257019043,-12.2906238555908,24.0527844429016));
#15181=CARTESIAN_POINT('',(95.8546257019043,-12.2906238555908,24.0527844429016));
#15182=CARTESIAN_POINT('',(95.8546257019043,-12.2906238555908,24.0527844429016));
#15183=CARTESIAN_POINT('Origin',(94.9539756774902,-13.4643775939941,24.0527844429016));
#15184=CARTESIAN_POINT('',(95.8546257019043,-12.2906238555908,24.0527844429016));
#15185=CARTESIAN_POINT('Origin',(96.0136795043945,-12.4496800422668,23.9391541481018));
#15186=CARTESIAN_POINT('',(96.0136795043945,-12.4496800422668,23.9391541481018));
#15187=CARTESIAN_POINT('',(96.0136795043945,-12.4496800422668,23.9391541481018));
#15188=CARTESIAN_POINT('',(96.0136795043945,-12.4496800422668,23.9391541481018));
#15189=CARTESIAN_POINT('Origin',(95.148754119873,-13.5768467903137,23.9391541481018));
#15190=CARTESIAN_POINT('',(96.0136795043945,-12.4496800422668,23.9391541481018));
#15191=CARTESIAN_POINT('Origin',(96.1899948120117,-12.625995349884,23.899998664856));
#15192=CARTESIAN_POINT('',(96.1899948120117,-12.625995349884,23.899998664856));
#15193=CARTESIAN_POINT('Origin',(95.6473350524902,-12.0833522796631,24.4527840614319));
#15194=CARTESIAN_POINT('',(96.8818092346191,-11.1361176490784,24.4527840614319));
#15195=CARTESIAN_POINT('',(96.8818092346191,-11.1361176490784,24.4527840614319));
#15196=CARTESIAN_POINT('Origin',(96.8620681762695,-11.1019165039062,24.6999979019165));
#15197=CARTESIAN_POINT('Origin',(95.7283782958984,-12.1643955230713,24.2297697067261));
#15198=CARTESIAN_POINT('',(96.9391059875488,-11.2353736877441,24.2297697067261));
#15199=CARTESIAN_POINT('',(96.9391059875488,-11.2353736877441,24.2297697067261));
#15200=CARTESIAN_POINT('Origin',(96.8818092346191,-11.1361176490784,24.4527840614319));
#15201=CARTESIAN_POINT('Origin',(95.7283782958984,-12.1643955230713,24.2297697067261));
#15202=CARTESIAN_POINT('',(96.9391059875488,-11.2353736877441,24.2297697067261));
#15203=CARTESIAN_POINT('Origin',(97.0283699035645,-11.3899690628052,24.0527844429016));
#15204=CARTESIAN_POINT('',(97.0283699035645,-11.3899690628052,24.0527844429016));
#15205=CARTESIAN_POINT('Origin',(95.8546257019043,-12.2906238555908,24.0527844429016));
#15206=CARTESIAN_POINT('',(97.0283699035645,-11.3899690628052,24.0527844429016));
#15207=CARTESIAN_POINT('Origin',(97.1408462524414,-11.5847737312317,23.9391541481018));
#15208=CARTESIAN_POINT('',(97.1408462524414,-11.5847737312317,23.9391541481018));
#15209=CARTESIAN_POINT('Origin',(96.0136795043945,-12.4496800422668,23.9391541481018));
#15210=CARTESIAN_POINT('',(97.1408462524414,-11.5847737312317,23.9391541481018));
#15211=CARTESIAN_POINT('Origin',(97.265510559082,-11.8007142066956,23.899998664856));
#15212=CARTESIAN_POINT('Origin',(105.822916030884,-35.4980678081512,24.4527840614319));
#15213=CARTESIAN_POINT('',(105.785665512085,-35.7331822037697,24.4527840614319));
#15214=CARTESIAN_POINT('',(105.862064361572,-35.4980678081512,24.6999979019165));
#15215=CARTESIAN_POINT('',(105.822916030884,-35.4980678081512,24.4527840614319));
#15216=CARTESIAN_POINT('Origin',(105.822916030884,-35.7452819466591,24.6999979019165));
#15217=CARTESIAN_POINT('',(105.822916030884,-35.7452819466591,24.6999979019165));
#15218=CARTESIAN_POINT('Origin',(105.677604675293,-35.6980682134628,24.2297697067261));
#15219=CARTESIAN_POINT('',(105.585670471191,-35.8784905791283,24.2297697067261));
#15220=CARTESIAN_POINT('',(105.785665512085,-35.7331822037697,24.4527840614319));
#15221=CARTESIAN_POINT('',(105.677604675293,-35.6980682134628,24.2297697067261));
#15222=CARTESIAN_POINT('',(105.677604675293,-35.6980682134628,24.2297697067261));
#15223=CARTESIAN_POINT('',(105.785665512085,-35.7331822037697,24.4527840614319));
#15224=CARTESIAN_POINT('Origin',(105.677604675293,-35.9452817559242,24.4527840614319));
#15225=CARTESIAN_POINT('',(105.677604675293,-35.9452817559242,24.4527840614319));
#15226=CARTESIAN_POINT('',(105.785665512085,-35.7331822037697,24.4527840614319));
#15227=CARTESIAN_POINT('',(105.677604675293,-35.9452817559242,24.4527840614319));
#15228=CARTESIAN_POINT('Origin',(105.785665512085,-35.7331822037697,24.4527840614319));
#15229=CARTESIAN_POINT('',(105.822916030884,-35.7452819466591,24.6999979019165));
#15230=CARTESIAN_POINT('Origin',(105.709276199341,-35.9682963013649,24.6999979019165));
#15231=CARTESIAN_POINT('',(105.709276199341,-35.9682963013649,24.6999979019165));
#15232=CARTESIAN_POINT('Origin',(105.585670471191,-35.8784905791283,24.2297697067261));
#15233=CARTESIAN_POINT('',(105.442476272583,-36.021674644947,24.2297697067261));
#15234=CARTESIAN_POINT('',(105.677604675293,-35.9452817559242,24.4527840614319));
#15235=CARTESIAN_POINT('',(105.585670471191,-35.8784905791283,24.2297697067261));
#15236=CARTESIAN_POINT('Origin',(105.509271621704,-36.1136046767235,24.4527840614319));
#15237=CARTESIAN_POINT('',(105.509271621704,-36.1136046767235,24.4527840614319));
#15238=CARTESIAN_POINT('',(105.677604675293,-35.9452817559242,24.4527840614319));
#15239=CARTESIAN_POINT('',(105.509271621704,-36.1136046767235,24.4527840614319));
#15240=CARTESIAN_POINT('Origin',(105.677604675293,-35.9452817559242,24.4527840614319));
#15241=CARTESIAN_POINT('',(105.709276199341,-35.9682963013649,24.6999979019165));
#15242=CARTESIAN_POINT('Origin',(105.532293319702,-36.1452815651894,24.6999979019165));
#15243=CARTESIAN_POINT('',(105.532293319702,-36.1452815651894,24.6999979019165));
#15244=CARTESIAN_POINT('Origin',(105.442476272583,-36.021674644947,24.2297697067261));
#15245=CARTESIAN_POINT('',(105.262060165405,-36.1136046767235,24.2297697067261));
#15246=CARTESIAN_POINT('',(105.509271621704,-36.1136046767235,24.4527840614319));
#15247=CARTESIAN_POINT('',(105.442476272583,-36.021674644947,24.2297697067261));
#15248=CARTESIAN_POINT('Origin',(105.297174453735,-36.2216750502586,24.4527840614319));
#15249=CARTESIAN_POINT('',(105.297174453735,-36.2216750502586,24.4527840614319));
#15250=CARTESIAN_POINT('',(105.509271621704,-36.1136046767235,24.4527840614319));
#15251=CARTESIAN_POINT('',(105.297174453735,-36.2216750502586,24.4527840614319));
#15252=CARTESIAN_POINT('Origin',(105.509271621704,-36.1136046767235,24.4527840614319));
#15253=CARTESIAN_POINT('',(105.532293319702,-36.1452815651894,24.6999979019165));
#15254=CARTESIAN_POINT('Origin',(105.309267044067,-36.2589130520821,24.6999979019165));
#15255=CARTESIAN_POINT('',(105.309267044067,-36.2589130520821,24.6999979019165));
#15256=CARTESIAN_POINT('',(105.532293319702,-36.1452815651894,24.6999979019165));
#15257=CARTESIAN_POINT('',(105.309267044067,-36.2589130520821,24.6999979019165));
#15258=CARTESIAN_POINT('Origin',(105.262060165405,-36.1136046767235,24.2297697067261));
#15259=CARTESIAN_POINT('',(105.297174453735,-36.2216750502586,24.4527840614319));
#15260=CARTESIAN_POINT('',(105.262060165405,-36.1136046767235,24.2297697067261));
#15261=CARTESIAN_POINT('Origin',(105.062065124512,-36.2589130520821,24.4527840614319));
#15262=CARTESIAN_POINT('',(105.297174453735,-36.2216750502586,24.4527840614319));
#15263=CARTESIAN_POINT('Origin',(105.297174453735,-36.2216750502586,24.4527840614319));
#15264=CARTESIAN_POINT('',(105.309267044067,-36.2589130520821,24.6999979019165));
#15265=CARTESIAN_POINT('Origin',(105.062065124512,-36.2980682373047,24.6999979019165));
#15266=CARTESIAN_POINT('',(105.309267044067,-36.2589130520821,24.6999979019165));
#15267=CARTESIAN_POINT('Origin',(105.207376480103,-35.6980682134628,23.9391541481018));
#15268=CARTESIAN_POINT('',(105.338459014893,-35.8784905791283,24.0527844429016));
#15269=CARTESIAN_POINT('',(105.262060165405,-35.6433761835098,23.9391541481018));
#15270=CARTESIAN_POINT('',(105.338459014893,-35.8784905791283,24.0527844429016));
#15271=CARTESIAN_POINT('',(105.207376480103,-35.6980682134628,23.9391541481018));
#15272=CARTESIAN_POINT('',(105.338459014893,-35.8784905791283,24.0527844429016));
#15273=CARTESIAN_POINT('',(105.262060165405,-35.6433761835098,23.9391541481018));
#15274=CARTESIAN_POINT('Origin',(105.442476272583,-35.7744614005089,24.0527844429016));
#15275=CARTESIAN_POINT('',(105.442476272583,-35.7744614005089,24.0527844429016));
#15276=CARTESIAN_POINT('',(105.442476272583,-35.7744614005089,24.0527844429016));
#15277=CARTESIAN_POINT('',(105.442476272583,-35.7744614005089,24.0527844429016));
#15278=CARTESIAN_POINT('Origin',(105.262060165405,-35.6433761835098,23.9391541481018));
#15279=CARTESIAN_POINT('',(105.297174453735,-35.5744612932205,23.9391541481018));
#15280=CARTESIAN_POINT('',(105.442476272583,-35.7744614005089,24.0527844429016));
#15281=CARTESIAN_POINT('',(105.297174453735,-35.5744612932205,23.9391541481018));
#15282=CARTESIAN_POINT('Origin',(105.509271621704,-35.6433761835098,24.0527844429016));
#15283=CARTESIAN_POINT('',(105.509271621704,-35.6433761835098,24.0527844429016));
#15284=CARTESIAN_POINT('',(105.509271621704,-35.6433761835098,24.0527844429016));
#15285=CARTESIAN_POINT('',(105.509271621704,-35.6433761835098,24.0527844429016));
#15286=CARTESIAN_POINT('Origin',(105.442476272583,-35.7744614005089,24.0527844429016));
#15287=CARTESIAN_POINT('',(105.585670471191,-35.8784905791283,24.2297697067261));
#15288=CARTESIAN_POINT('',(105.585670471191,-35.8784905791283,24.2297697067261));
#15289=CARTESIAN_POINT('Origin',(105.677604675293,-35.6980682134628,24.2297697067261));
#15290=CARTESIAN_POINT('',(105.677604675293,-35.6980682134628,24.2297697067261));
#15291=CARTESIAN_POINT('Origin',(105.338459014893,-35.8784905791283,24.0527844429016));
#15292=CARTESIAN_POINT('',(105.442476272583,-36.021674644947,24.2297697067261));
#15293=CARTESIAN_POINT('',(105.442476272583,-36.021674644947,24.2297697067261));
#15294=CARTESIAN_POINT('Origin',(105.585670471191,-35.8784905791283,24.2297697067261));
#15295=CARTESIAN_POINT('Origin',(105.297174453735,-35.5744612932205,23.9391541481018));
#15296=CARTESIAN_POINT('',(105.309267044067,-35.4980678081512,23.9391541481018));
#15297=CARTESIAN_POINT('',(105.297174453735,-35.5744612932205,23.9391541481018));
#15298=CARTESIAN_POINT('Origin',(105.297174453735,-35.5744612932205,23.9391541481018));
#15299=CARTESIAN_POINT('',(105.509271621704,-35.6433761835098,24.0527844429016));
#15300=CARTESIAN_POINT('Origin',(105.532293319702,-35.4980678081512,24.0527844429016));
#15301=CARTESIAN_POINT('',(105.532293319702,-35.4980678081512,24.0527844429016));
#15302=CARTESIAN_POINT('Origin',(105.262060165405,-35.6433761835098,23.9391541481018));
#15303=CARTESIAN_POINT('',(105.262060165405,-35.6433761835098,23.9391541481018));
#15304=CARTESIAN_POINT('Origin',(105.138444900513,-35.7331822037697,23.9391541481018));
#15305=CARTESIAN_POINT('',(105.207376480103,-35.6980682134628,23.9391541481018));
#15306=CARTESIAN_POINT('',(105.138444900513,-35.7331822037697,23.9391541481018));
#15307=CARTESIAN_POINT('',(105.207376480103,-35.6980682134628,23.9391541481018));
#15308=CARTESIAN_POINT('',(105.138444900513,-35.7331822037697,23.9391541481018));
#15309=CARTESIAN_POINT('Origin',(105.138444900513,-35.7331822037697,23.9391541481018));
#15310=CARTESIAN_POINT('',(105.207376480103,-35.9452817559242,24.0527844429016));
#15311=CARTESIAN_POINT('',(105.207376480103,-35.9452817559242,24.0527844429016));
#15312=CARTESIAN_POINT('',(105.207376480103,-35.9452817559242,24.0527844429016));
#15313=CARTESIAN_POINT('Origin',(105.338459014893,-35.8784905791283,24.0527844429016));
#15314=CARTESIAN_POINT('',(105.338459014893,-35.8784905791283,24.0527844429016));
#15315=CARTESIAN_POINT('Origin',(105.207376480103,-35.9452817559242,24.0527844429016));
#15316=CARTESIAN_POINT('',(105.338459014893,-35.8784905791283,24.0527844429016));
#15317=CARTESIAN_POINT('',(105.262060165405,-36.1136046767235,24.2297697067261));
#15318=CARTESIAN_POINT('Origin',(105.442476272583,-36.021674644947,24.2297697067261));
#15319=CARTESIAN_POINT('Origin',(105.062065124512,-35.7452819466591,23.9391541481018));
#15320=CARTESIAN_POINT('',(105.138444900513,-35.7331822037697,23.9391541481018));
#15321=CARTESIAN_POINT('Origin',(105.062065124512,-35.7452819466591,23.9391541481018));
#15322=CARTESIAN_POINT('',(105.138444900513,-35.7331822037697,23.9391541481018));
#15323=CARTESIAN_POINT('Origin',(105.207376480103,-35.9452817559242,24.0527844429016));
#15324=CARTESIAN_POINT('',(105.207376480103,-35.9452817559242,24.0527844429016));
#15325=CARTESIAN_POINT('Origin',(105.207376480103,-35.9452817559242,24.0527844429016));
#15326=CARTESIAN_POINT('',(105.262060165405,-36.1136046767235,24.2297697067261));
#15327=CARTESIAN_POINT('Origin',(105.062065124512,-36.1452815651894,24.2297697067261));
#15328=CARTESIAN_POINT('Origin',(105.532293319702,-35.4980678081512,24.0527844429016));
#15329=CARTESIAN_POINT('',(105.709276199341,-35.4980678081512,24.2297697067261));
#15330=CARTESIAN_POINT('Origin',(105.677604675293,-35.6980682134628,24.2297697067261));
#15331=CARTESIAN_POINT('',(105.709276199341,-35.4980678081512,24.2297697067261));
#15332=CARTESIAN_POINT('Origin',(105.709276199341,-35.4980678081512,24.2297697067261));
#15333=CARTESIAN_POINT('',(105.822916030884,-35.4980678081512,24.4527840614319));
#15334=CARTESIAN_POINT('Origin',(105.785665512085,-35.7331822037697,24.4527840614319));
#15335=CARTESIAN_POINT('Origin',(105.207376480103,-35.6980682134628,23.9391541481018));
#15336=CARTESIAN_POINT('Origin',(93.8620567321777,-16.2980682373047,24.6999979019165));
#15337=CARTESIAN_POINT('',(93.8620567321777,-36.2980682373047,42.5624989718199));
#15338=CARTESIAN_POINT('Origin',(99.862060546875,-36.2980682373047,27.024998664856));
#15339=CARTESIAN_POINT('',(105.062065124512,-36.2980682373047,30.149998664856));
#15340=CARTESIAN_POINT('Origin',(105.062065124512,-36.2980682373047,30.149998664856));
#15341=CARTESIAN_POINT('',(105.309267044067,-36.2589130520821,30.149998664856));
#15342=CARTESIAN_POINT('Origin',(105.309267044067,-36.2589130520821,30.149998664856));
#15343=CARTESIAN_POINT('Origin',(77.4681211268162,-40.2516691148017,89.8556674690809));
#15344=CARTESIAN_POINT('',(77.4103900187946,-37.8049968014559,87.0306706870774));
#15345=CARTESIAN_POINT('',(77.414437591113,-37.5918042886562,87.2272802796614));
#15346=CARTESIAN_POINT('',(77.4112090074476,-37.7618592772602,87.0704528114392));
#15347=CARTESIAN_POINT('',(77.4066405354822,-38.0364403545892,86.8486689112392));
#15348=CARTESIAN_POINT('',(77.4073931836308,-37.9899818035723,86.8852028249018));
#15349=CARTESIAN_POINT('',(77.403273658977,-38.281424964532,86.685379402994));
#15350=CARTESIAN_POINT('',(77.403957456501,-38.2316696885617,86.718542770063));
#15351=CARTESIAN_POINT('',(77.4003102402604,-38.5384999535699,86.5418136613375));
#15352=CARTESIAN_POINT('',(77.4009176356983,-38.4858087241181,86.571239532222));
#15353=CARTESIAN_POINT('',(77.3977685017385,-38.806024048189,86.4188542602458));
#15354=CARTESIAN_POINT('',(77.3982965598092,-38.7504446657917,86.4443996511473));
#15355=CARTESIAN_POINT('',(77.3956641712075,-39.0823942530578,86.3172622470623));
#15356=CARTESIAN_POINT('',(77.3961067721975,-39.0242656822495,86.3386299575747));
#15357=CARTESIAN_POINT('',(77.3940101492347,-39.3658742077629,86.2376602712112));
#15358=CARTESIAN_POINT('',(77.3943632549016,-39.3053560404682,86.2546539443496));
#15359=CARTESIAN_POINT('',(77.3928166494503,-39.6547086199412,86.1805398589163));
#15360=CARTESIAN_POINT('',(77.3930754235154,-39.5920836777799,86.192924679995));
#15361=CARTESIAN_POINT('',(77.392091048766,-39.9471804934239,86.1462543239847));
#15362=CARTESIAN_POINT('',(77.392250785773,-39.8827944162077,86.1538020962652));
#15363=CARTESIAN_POINT('',(77.3918378012287,-40.241401325157,86.1350137737145));
#15364=CARTESIAN_POINT('',(77.391894502912,-40.1755257924309,86.1375305133784));
#15365=CARTESIAN_POINT('',(77.3920585188947,-40.5356162756568,86.1468902060443));
#15366=CARTESIAN_POINT('',(77.3920082705456,-40.4686356129632,86.1441864300923));
#15367=CARTESIAN_POINT('',(77.3927517889929,-40.8279752976014,86.1818077274825));
#15368=CARTESIAN_POINT('',(77.3925912374352,-40.7602690796328,86.1737213229594));
#15369=CARTESIAN_POINT('',(77.3939133599247,-41.1167047868136,86.2395522733435));
#15370=CARTESIAN_POINT('',(77.3936396207639,-41.0486619614431,86.2259440268813));
#15371=CARTESIAN_POINT('',(77.3955360487914,-41.400012220032,86.3197667373241));
#15372=CARTESIAN_POINT('',(77.3951468848875,-41.3320675702722,86.3005291776212));
#15373=CARTESIAN_POINT('',(77.3976098349216,-41.6761624436656,86.4219558213158));
#15374=CARTESIAN_POINT('',(77.3971035007989,-41.6087378046584,86.3970054084284));
#15375=CARTESIAN_POINT('',(77.400122009652,-41.9434204456478,86.5454931246211));
#15376=CARTESIAN_POINT('',(77.3994985163465,-41.8770900375507,86.5148325656006));
#15377=CARTESIAN_POINT('',(77.4030570228562,-42.2001753407453,86.6896141268767));
#15378=CARTESIAN_POINT('',(77.4023156277457,-42.1353181116422,86.6532086326083));
#15379=CARTESIAN_POINT('',(77.406396831379,-42.4448259116947,86.8534327501702));
#15380=CARTESIAN_POINT('',(77.4055391874973,-42.3820010329983,86.8113650570653));
#15381=CARTESIAN_POINT('',(77.4101207482012,-42.6758569108222,87.0359342904342));
#15382=CARTESIAN_POINT('',(77.4091491156379,-42.61557703547,86.9883165675301));
#15383=CARTESIAN_POINT('',(77.4142059301109,-42.891858107788,87.235999274893));
#15384=CARTESIAN_POINT('',(77.4131231383965,-42.8346062371146,87.1829713529306));
#15385=CARTESIAN_POINT('',(77.4186270855224,-43.0915052315489,87.4523891393504));
#15386=CARTESIAN_POINT('',(77.4152258158766,-42.9379133220345,87.2859167562001));
#15387=CARTESIAN_POINT('',(77.4233570126019,-43.2735504053169,87.6837724384011));
#15388=CARTESIAN_POINT('',(77.4197000107414,-43.1327999184722,87.5048755672837));
#15389=CARTESIAN_POINT('',(77.4283665472314,-43.436879369557,87.9287225235824));
#15390=CARTESIAN_POINT('',(77.424474147239,-43.3099730386914,87.7383967188472));
#15391=CARTESIAN_POINT('',(77.433624810535,-43.5804542486966,88.1857293999568));
#15392=CARTESIAN_POINT('',(77.4295229295161,-43.4684539479262,87.9852427436108));
#15393=CARTESIAN_POINT('',(77.4390993481159,-43.7034470577305,88.453207021442));
#15394=CARTESIAN_POINT('',(77.4348069393957,-43.6070123546674,88.2434864271521));
#15395=CARTESIAN_POINT('',(77.4365590041179,-43.6911162802661,88.3292586434668));
#15396=CARTESIAN_POINT('',(77.1406188457376,-42.2546288444466,73.8897564980291));
#15397=CARTESIAN_POINT('Origin',(77.4681200188518,-40.2659768671274,89.8556674690809));
#15398=CARTESIAN_POINT('Origin',(77.4681211268162,-40.2516691148017,89.8556674690809));
#15399=CARTESIAN_POINT('',(77.4146190115248,-37.5831641828254,87.2360961791247));
#15400=CARTESIAN_POINT('',(77.4176029776835,-37.4487796944102,87.3811274878751));
#15401=CARTESIAN_POINT('',(77.4153784147616,-37.5489640579407,87.2730058621539));
#15402=CARTESIAN_POINT('Origin',(77.4681200188518,-40.2659768671274,89.8556674690809));
#15403=CARTESIAN_POINT('Origin',(80.4674896563846,-40.2662091322904,89.794171749726));
#15404=CARTESIAN_POINT('',(78.514205886124,-37.5918894525072,87.2047318609583));
#15405=CARTESIAN_POINT('',(80.4138072286463,-37.5920365538254,87.1657845603001));
#15406=CARTESIAN_POINT('',(78.5363272991289,-43.6912014441149,88.3067102247661));
#15407=CARTESIAN_POINT('',(80.4359286416508,-43.6913485454291,88.2677629241119));
#15408=CARTESIAN_POINT('Origin',(78.5678883138636,-40.2660620309762,89.8331190503801));
#15409=CARTESIAN_POINT('Origin',(80.4674896563846,-40.2662091322904,89.794171749726));
#15410=CARTESIAN_POINT('',(78.5143873065359,-37.5832493466696,87.2135477604286));
#15411=CARTESIAN_POINT('',(80.4139886490585,-37.5833964479756,87.1746004597827));
#15412=CARTESIAN_POINT('',(78.5173712726944,-37.4488648582633,87.3585790691694));
#15413=CARTESIAN_POINT('Origin',(78.5678883138636,-40.2660620309762,89.8331190503801));
#15414=CARTESIAN_POINT('',(80.4169726152166,-37.4490119595852,87.3196317685065));
#15415=CARTESIAN_POINT('Origin',(78.5142674014946,-37.5886493333899,87.2077199513524));
#15416=CARTESIAN_POINT('',(78.5187106559404,-37.3885450279612,87.4236778319471));
#15417=CARTESIAN_POINT('',(78.5142674014946,-37.5886493333899,87.2077199513524));
#15418=CARTESIAN_POINT('',(76.4191515282779,-37.3883824423181,87.466724843315));
#15419=CARTESIAN_POINT('',(76.4191515282779,-37.3883824423181,87.466724843315));
#15420=CARTESIAN_POINT('',(76.4147082738321,-37.5884867477467,87.2507669627204));
#15421=CARTESIAN_POINT('',(76.4147082738321,-37.5884867477467,87.2507669627204));
#15422=CARTESIAN_POINT('',(78.5142674014946,-37.5886493333899,87.2077199513524));
#15423=CARTESIAN_POINT('',(76.4147082738321,-37.5884867477467,87.2507669627204));
#15424=CARTESIAN_POINT('',(78.5142674014946,-37.5886493333899,87.2077199513524));
#15425=CARTESIAN_POINT('Origin',(76.507172312243,-43.4828459401584,91.7828366188102));
#15426=CARTESIAN_POINT('',(80.5063327824274,-43.4831556271153,91.7008423067881));
#15427=CARTESIAN_POINT('',(80.5222860187736,-42.8863666794169,92.4766855676829));
#15428=CARTESIAN_POINT('',(80.5063327824274,-43.4831556271153,91.7008423067881));
#15429=CARTESIAN_POINT('',(76.507172312243,-43.4828459401584,91.7828366188102));
#15430=CARTESIAN_POINT('',(76.507172312243,-43.4828459401584,91.7828366188102));
#15431=CARTESIAN_POINT('',(76.5231255485892,-42.8860569924601,92.558679879705));
#15432=CARTESIAN_POINT('',(76.507172312243,-43.4828459401584,91.7828366188102));
#15433=CARTESIAN_POINT('',(76.5231255485892,-42.8860569924601,92.558679879705));
#15434=CARTESIAN_POINT('Origin',(76.4005194076076,-38.5384225317753,86.5623122540048));
#15435=CARTESIAN_POINT('',(76.4034828263242,-38.2813475427374,86.7058779956613));
#15436=CARTESIAN_POINT('',(76.4034828263242,-38.2813475427374,86.7058779956613));
#15437=CARTESIAN_POINT('',(76.4005194076076,-38.5384225317753,86.5623122540048));
#15438=CARTESIAN_POINT('',(76.4005194076076,-38.5384225317753,86.5623122540048));
#15439=CARTESIAN_POINT('',(76.4005194076076,-38.5384225317753,86.5623122540048));
#15440=CARTESIAN_POINT('Origin',(76.4886120339189,-43.8584537258679,90.8790030634122));
#15441=CARTESIAN_POINT('',(76.4886120339189,-43.8584537258679,90.8790030634122));
#15442=CARTESIAN_POINT('',(80.4877725041033,-43.8587634128247,90.7970087513901));
#15443=CARTESIAN_POINT('',(76.4886120339189,-43.8584537258679,90.8790030634122));
#15444=CARTESIAN_POINT('',(76.4886120339189,-43.8584537258679,90.8790030634122));
#15445=CARTESIAN_POINT('',(80.4877725041033,-43.8587634128247,90.7970087513901));
#15446=CARTESIAN_POINT('Origin',(76.4034828263242,-38.2813475427374,86.7058779956613));
#15447=CARTESIAN_POINT('',(76.4068497028294,-38.0363629327946,86.8691675039064));
#15448=CARTESIAN_POINT('',(76.4068497028294,-38.0363629327946,86.8691675039064));
#15449=CARTESIAN_POINT('',(76.4034828263242,-38.2813475427374,86.7058779956613));
#15450=CARTESIAN_POINT('Origin',(76.468709578833,-43.987283981211,89.9087746094201));
#15451=CARTESIAN_POINT('',(76.468709578833,-43.987283981211,89.9087746094201));
#15452=CARTESIAN_POINT('',(80.4678700490174,-43.9875936681679,89.8267802973979));
#15453=CARTESIAN_POINT('',(76.468709578833,-43.987283981211,89.9087746094201));
#15454=CARTESIAN_POINT('',(76.468709578833,-43.987283981211,89.9087746094201));
#15455=CARTESIAN_POINT('',(80.4678700490174,-43.9875936681679,89.8267802973979));
#15456=CARTESIAN_POINT('Origin',(76.4068497028294,-38.0363629327946,86.8691675039064));
#15457=CARTESIAN_POINT('',(76.4105991861417,-37.8049193796613,87.0511692797447));
#15458=CARTESIAN_POINT('',(76.4105991861417,-37.8049193796613,87.0511692797447));
#15459=CARTESIAN_POINT('',(76.4068497028294,-38.0363629327946,86.8691675039064));
#15460=CARTESIAN_POINT('Origin',(76.462679097896,-43.9760334619141,89.6146036538568));
#15461=CARTESIAN_POINT('',(76.462679097896,-43.9760334619141,89.6146036538568));
#15462=CARTESIAN_POINT('',(80.4618395680804,-43.976343148871,89.5326093418347));
#15463=CARTESIAN_POINT('',(76.462679097896,-43.9760334619141,89.6146036538568));
#15464=CARTESIAN_POINT('',(76.468709578833,-43.987283981211,89.9087746094201));
#15465=CARTESIAN_POINT('',(80.4678700490174,-43.9875936681679,89.8267802973979));
#15466=CARTESIAN_POINT('Origin',(76.4105991861417,-37.8049193796613,87.0511692797447));
#15467=CARTESIAN_POINT('',(78.5101583138043,-37.8050819653044,87.0081222683767));
#15468=CARTESIAN_POINT('',(76.4105991861417,-37.8049193796613,87.0511692797447));
#15469=CARTESIAN_POINT('Origin',(76.4566870338559,-43.9417402290036,89.3222193991453));
#15470=CARTESIAN_POINT('',(76.4566870338559,-43.9417402290036,89.3222193991453));
#15471=CARTESIAN_POINT('',(80.4558475040403,-43.9420499159604,89.2402250871231));
#15472=CARTESIAN_POINT('',(76.4566870338559,-43.9417402290036,89.3222193991453));
#15473=CARTESIAN_POINT('',(76.462679097896,-43.9760334619141,89.6146036538568));
#15474=CARTESIAN_POINT('',(80.4618395680804,-43.976343148871,89.5326093418347));
#15475=CARTESIAN_POINT('Origin',(76.4507704210549,-43.8846026034975,89.0334288937515));
#15476=CARTESIAN_POINT('',(76.4507704210549,-43.8846026034975,89.0334288937515));
#15477=CARTESIAN_POINT('',(80.4499308912393,-43.8849122904544,88.9514345817294));
#15478=CARTESIAN_POINT('',(76.4507704210549,-43.8846026034975,89.0334288937515));
#15479=CARTESIAN_POINT('',(76.4566870338559,-43.9417402290036,89.3222193991453));
#15480=CARTESIAN_POINT('',(80.4558475040403,-43.9420499159604,89.2402250871231));
#15481=CARTESIAN_POINT('Origin',(76.4449656495296,-43.8049810644044,88.7500083734539));
#15482=CARTESIAN_POINT('',(76.4449656495296,-43.8049810644044,88.7500083734539));
#15483=CARTESIAN_POINT('',(80.444126119714,-43.8052907513612,88.6680140614318));
#15484=CARTESIAN_POINT('',(76.4449656495296,-43.8049810644044,88.7500083734539));
#15485=CARTESIAN_POINT('',(76.4507704210549,-43.8846026034975,89.0334288937515));
#15486=CARTESIAN_POINT('',(80.4499308912393,-43.8849122904544,88.9514345817294));
#15487=CARTESIAN_POINT('Origin',(76.4393085154643,-43.7033696359367,88.4737056141092));
#15488=CARTESIAN_POINT('',(76.4393085154643,-43.7033696359367,88.4737056141092));
#15489=CARTESIAN_POINT('',(76.4393085154643,-43.7033696359367,88.4737056141092));
#15490=CARTESIAN_POINT('',(76.4449656495296,-43.8049810644044,88.7500083734539));
#15491=CARTESIAN_POINT('',(80.4384689856487,-43.7036793228935,88.3917113020871));
#15492=CARTESIAN_POINT('',(80.444126119714,-43.8052907513612,88.6680140614318));
#15493=CARTESIAN_POINT('',(76.4393085154643,-43.7033696359367,88.4737056141092));
#15494=CARTESIAN_POINT('Origin',(76.4338339778834,-43.580376826902,88.2062279926241));
#15495=CARTESIAN_POINT('',(76.4338339778834,-43.580376826902,88.2062279926241));
#15496=CARTESIAN_POINT('',(76.4338339778834,-43.580376826902,88.2062279926241));
#15497=CARTESIAN_POINT('',(76.4393085154643,-43.7033696359367,88.4737056141092));
#15498=CARTESIAN_POINT('Origin',(76.4285757145797,-43.4368019477624,87.9492211162497));
#15499=CARTESIAN_POINT('',(76.4285757145797,-43.4368019477624,87.9492211162497));
#15500=CARTESIAN_POINT('',(76.4285757145797,-43.4368019477624,87.9492211162497));
#15501=CARTESIAN_POINT('',(76.4338339778834,-43.580376826902,88.2062279926241));
#15502=CARTESIAN_POINT('Origin',(76.4235661799502,-43.2734729835223,87.7042710310683));
#15503=CARTESIAN_POINT('',(76.4235661799502,-43.2734729835223,87.7042710310683));
#15504=CARTESIAN_POINT('',(76.4235661799502,-43.2734729835223,87.7042710310683));
#15505=CARTESIAN_POINT('',(76.4285757145797,-43.4368019477624,87.9492211162497));
#15506=CARTESIAN_POINT('Origin',(76.4188362528707,-43.0914278097543,87.4728877320176));
#15507=CARTESIAN_POINT('',(76.4188362528707,-43.0914278097543,87.4728877320176));
#15508=CARTESIAN_POINT('',(76.4188362528707,-43.0914278097543,87.4728877320176));
#15509=CARTESIAN_POINT('',(76.4235661799502,-43.2734729835223,87.7042710310683));
#15510=CARTESIAN_POINT('Origin',(76.4144150974592,-42.8917806859934,87.2564978675603));
#15511=CARTESIAN_POINT('',(76.4144150974592,-42.8917806859934,87.2564978675603));
#15512=CARTESIAN_POINT('',(76.4144150974592,-42.8917806859934,87.2564978675603));
#15513=CARTESIAN_POINT('',(76.4188362528707,-43.0914278097543,87.4728877320176));
#15514=CARTESIAN_POINT('Origin',(76.4144150974592,-42.8917806859934,87.2564978675603));
#15515=CARTESIAN_POINT('',(76.4103299155494,-42.6757794890276,87.0564328831015));
#15516=CARTESIAN_POINT('',(76.4103299155494,-42.6757794890276,87.0564328831015));
#15517=CARTESIAN_POINT('',(76.4144150974592,-42.8917806859934,87.2564978675603));
#15518=CARTESIAN_POINT('Origin',(79.209432927414,-38.7355650241059,55.3954119184072));
#15519=CARTESIAN_POINT('',(79.505520303562,-38.7199757833058,69.8366100140455));
#15520=CARTESIAN_POINT('',(79.2583562431313,-38.7591144880931,69.8417198602187));
#15521=CARTESIAN_POINT('',(78.0086706360709,-38.9570035985344,69.8675557410735));
#15522=CARTESIAN_POINT('',(79.5063229317953,-38.7199335242775,69.8757569491991));
#15523=CARTESIAN_POINT('',(79.209432927414,-38.7355650241059,55.3954119184072));
#15524=CARTESIAN_POINT('',(79.2583562431313,-38.7591144880931,69.8417198602187));
#15525=CARTESIAN_POINT('Origin',(79.4319455661262,-38.6219858779674,55.3682264152017));
#15526=CARTESIAN_POINT('',(79.7284940794804,-38.6063723579189,69.8319157559261));
#15527=CARTESIAN_POINT('',(78.1734087175207,-39.3986763997732,69.8646549067827));
#15528=CARTESIAN_POINT('',(79.7316259991996,-38.6062074598023,69.9846702356102));
#15529=CARTESIAN_POINT('',(79.4319455661262,-38.6219858779674,55.3682264152017));
#15530=CARTESIAN_POINT('',(79.5063229317953,-38.7199335242775,69.8757569491991));
#15531=CARTESIAN_POINT('Origin',(79.4319455661262,-38.6219858779674,55.3682264152017));
#15532=CARTESIAN_POINT('',(79.9054519400212,-38.4293842109162,69.8280965368354));
#15533=CARTESIAN_POINT('',(78.7052101271755,-39.6298314459901,69.8540009325543));
#15534=CARTESIAN_POINT('',(79.9122118177952,-38.4290282978618,70.1577989892252));
#15535=CARTESIAN_POINT('',(79.608537493242,-38.4450169976567,55.3465593663638));
#15536=CARTESIAN_POINT('',(79.7316259991996,-38.6062074598023,69.9846702356102));
#15537=CARTESIAN_POINT('Origin',(79.608537493242,-38.4450169976567,55.3465593663638));
#15538=CARTESIAN_POINT('',(80.0190706869933,-38.2063859367712,69.8255262895318));
#15539=CARTESIAN_POINT('',(79.2859371187952,-39.6452991864126,69.8421110048807));
#15540=CARTESIAN_POINT('',(80.0304020568059,-38.2057893309486,70.3781961070951));
#15541=CARTESIAN_POINT('',(79.7219212852972,-38.2220310940789,55.3325295609286));
#15542=CARTESIAN_POINT('',(79.9122118177952,-38.4290282978618,70.1577989892252));
#15543=CARTESIAN_POINT('Origin',(80.4667150359269,-45.4376444521883,89.7759228564798));
#15544=CARTESIAN_POINT('',(80.0582316091775,-37.9591776566772,69.8244565137417));
#15545=CARTESIAN_POINT('',(80.0746305338006,-37.9583142399786,70.6242883813417));
#15546=CARTESIAN_POINT('',(79.7610012500566,-37.9748270764591,55.3275112135222));
#15547=CARTESIAN_POINT('',(80.058391926159,-35.0591892725716,69.8213226958429));
#15548=CARTESIAN_POINT('',(80.058248193602,-37.6591805025866,69.82413232746));
#15549=CARTESIAN_POINT('',(80.4672899672095,-35.0376604586533,89.7646843093999));
#15550=CARTESIAN_POINT('',(79.761161567038,-35.0748386923534,55.3243773956235));
#15551=CARTESIAN_POINT('',(80.495906329541,-35.2200024759087,91.1610969526317));
#15552=CARTESIAN_POINT('',(80.495906329541,-35.2200024759087,91.1610969526317));
#15553=CARTESIAN_POINT('',(80.5215516861206,-35.7374301680192,92.4138684480106));
#15554=CARTESIAN_POINT('',(80.5215516861206,-35.7374301680192,92.4138684480106));
#15555=CARTESIAN_POINT('',(80.5435528732257,-36.5615595823284,93.4900589510074));
#15556=CARTESIAN_POINT('',(80.5435528732257,-36.5615595823284,93.4900589510074));
#15557=CARTESIAN_POINT('',(80.5604105616643,-37.6361839983594,94.3163284411311));
#15558=CARTESIAN_POINT('',(80.5604105616643,-37.6361839983594,94.3163284411311));
#15559=CARTESIAN_POINT('',(80.5709758484799,-38.8881029019243,94.8363642740218));
#15560=CARTESIAN_POINT('',(80.5709758484799,-38.8881029019243,94.8363642740218));
#15561=CARTESIAN_POINT('',(80.5745288195422,-40.2319815707499,95.0147313187423));
#15562=CARTESIAN_POINT('',(80.5745288195422,-40.2319815707499,95.0147313187423));
#15563=CARTESIAN_POINT('',(80.5708272429269,-41.576242197402,94.8392691611878));
#15564=CARTESIAN_POINT('',(80.5708272429269,-41.576242197402,94.8392691611878));
#15565=CARTESIAN_POINT('',(80.5601234771953,-42.8292809338556,94.3219402636528));
#15566=CARTESIAN_POINT('',(80.5601234771953,-42.8292809338556,94.3219402636528));
#15567=CARTESIAN_POINT('',(80.5431468751069,-43.9056962894688,93.4979952541975));
#15568=CARTESIAN_POINT('',(80.5431468751069,-43.9056962894688,93.4979952541975));
#15569=CARTESIAN_POINT('',(80.5210544417714,-44.7321281952819,92.4235883992444));
#15570=CARTESIAN_POINT('',(80.5210544417714,-44.7321281952819,92.4235883992444));
#15571=CARTESIAN_POINT('',(80.4953517258692,-45.2522784785268,91.1719381429878));
#15572=CARTESIAN_POINT('',(80.4953517258692,-45.2522784785268,91.1719381429878));
#15573=CARTESIAN_POINT('',(80.4667150359269,-45.4376444521883,89.7759228564798));
#15574=CARTESIAN_POINT('',(80.4667150359269,-45.4376444521883,89.7759228564798));
#15575=CARTESIAN_POINT('',(80.0742159194995,-45.458309849408,70.6323931105228));
#15576=CARTESIAN_POINT('',(80.0742159194995,-45.458309849408,70.6323931105228));
#15577=CARTESIAN_POINT('',(80.0742159194995,-45.458309849408,70.6323931105228));
#15578=CARTESIAN_POINT('',(80.1295949723572,-38.3235563902469,73.3064832220308));
#15579=CARTESIAN_POINT('',(80.1402096106868,-38.2548672659423,73.8239382605665));
#15580=CARTESIAN_POINT('',(80.1295949723572,-38.3235563902469,73.3064832220308));
#15581=CARTESIAN_POINT('',(80.1196961485432,-38.5238907155743,72.824438272864));
#15582=CARTESIAN_POINT('',(80.1196961485432,-38.5238907155743,72.824438272864));
#15583=CARTESIAN_POINT('',(80.1111877615271,-38.8421781540465,72.4106554784832));
#15584=CARTESIAN_POINT('',(80.1111877615271,-38.8421781540465,72.4106554784832));
#15585=CARTESIAN_POINT('',(80.104649623793,-39.2567207733473,72.0933324484985));
#15586=CARTESIAN_POINT('',(80.104649623793,-39.2567207733473,72.0933324484985));
#15587=CARTESIAN_POINT('',(80.100527325576,-39.7393045985516,71.8940956751547));
#15588=CARTESIAN_POINT('',(80.100527325576,-39.7393045985516,71.8940956751547));
#15589=CARTESIAN_POINT('',(80.0991017481663,-40.2570131921416,71.8265204362355));
#15590=CARTESIAN_POINT('',(80.0991017481663,-40.2570131921416,71.8265204362355));
#15591=CARTESIAN_POINT('',(80.1004700938381,-40.7745746834124,71.8952144202986));
#15592=CARTESIAN_POINT('',(80.1004700938381,-40.7745746834124,71.8952144202986));
#15593=CARTESIAN_POINT('',(80.1045390595576,-41.2567272319185,72.095493717858));
#15594=CARTESIAN_POINT('',(80.1045390595576,-41.2567272319185,72.095493717858));
#15595=CARTESIAN_POINT('',(80.1110314007246,-41.670602859343,72.4137119624386));
#15596=CARTESIAN_POINT('',(80.1110314007246,-41.670602859343,72.4137119624386));
#15597=CARTESIAN_POINT('',(80.1195046471289,-41.9879771276057,72.8281816726861));
#15598=CARTESIAN_POINT('',(80.1195046471289,-41.9879771276057,72.8281816726861));
#15599=CARTESIAN_POINT('',(80.1293813787624,-42.1872702538794,73.3106584717414));
#15600=CARTESIAN_POINT('',(80.1293813787624,-42.1872702538794,73.3106584717414));
#15601=CARTESIAN_POINT('',(80.1399884832705,-42.2548611096096,73.8282607786741));
#15602=CARTESIAN_POINT('',(80.1399884832705,-42.2548611096096,73.8282607786741));
#15603=CARTESIAN_POINT('',(80.4384689856487,-43.7036793228935,88.3917113020871));
#15604=CARTESIAN_POINT('',(80.5345449954795,-42.109089733179,93.0716646743062));
#15605=CARTESIAN_POINT('',(80.5222860187736,-42.8863666794169,92.4766855676829));
#15606=CARTESIAN_POINT('',(80.5422743914272,-41.2042498247062,93.4452378754147));
#15607=CARTESIAN_POINT('',(80.5345449954795,-42.109089733179,93.0716646743062));
#15608=CARTESIAN_POINT('',(80.5449472746296,-40.2335390631121,93.5719377906438));
#15609=CARTESIAN_POINT('',(80.5422743914272,-41.2042498247062,93.4452378754147));
#15610=CARTESIAN_POINT('',(80.5423817017265,-39.2631041104859,93.4431402128114));
#15611=CARTESIAN_POINT('',(80.5449472746296,-40.2335390631121,93.5719377906438));
#15612=CARTESIAN_POINT('',(80.5347523031573,-38.3590823917267,93.06761229941));
#15613=CARTESIAN_POINT('',(80.5423817017265,-39.2631041104859,93.4431402128114));
#15614=CARTESIAN_POINT('',(80.5225791951465,-37.5830727411703,92.470954662843));
#15615=CARTESIAN_POINT('',(80.5347523031573,-38.3590823917267,93.06761229941));
#15616=CARTESIAN_POINT('',(80.5066918494245,-36.9879602259749,91.6938233960518));
#15617=CARTESIAN_POINT('',(80.5225791951465,-37.5830727411703,92.470954662843));
#15618=CARTESIAN_POINT('',(80.4881729913028,-36.6143142236202,90.7891801736411));
#15619=CARTESIAN_POINT('',(80.5066918494245,-36.9879602259749,91.6938233960518));
#15620=CARTESIAN_POINT('',(80.4682846638457,-36.4875885220009,89.8186755579111));
#15621=CARTESIAN_POINT('',(80.4881729913028,-36.6143142236202,90.7891801736411));
#15622=CARTESIAN_POINT('',(80.4622529044261,-36.4994645913384,89.5245295936609));
#15623=CARTESIAN_POINT('',(80.4622529044261,-36.4994645913384,89.5245295936609));
#15624=CARTESIAN_POINT('',(80.4562570144277,-36.5343794630543,89.2322201273858));
#15625=CARTESIAN_POINT('',(80.4562570144277,-36.5343794630543,89.2322201273858));
#15626=CARTESIAN_POINT('',(80.4503340498086,-36.5921404519262,88.9435537850184));
#15627=CARTESIAN_POINT('',(80.4503340498086,-36.5921404519262,88.9435537850184));
#15628=CARTESIAN_POINT('',(80.4445204406729,-36.672383244906,88.6603060191042));
#15629=CARTESIAN_POINT('',(80.4445204406729,-36.672383244906,88.6603060191042));
#15630=CARTESIAN_POINT('',(80.4388520390895,-36.7745909720229,88.3842235130962));
#15631=CARTESIAN_POINT('',(80.4388520390895,-36.7745909720229,88.3842235130962));
#15632=CARTESIAN_POINT('',(80.1402096106868,-38.2548672659423,73.8239382605665));
#15633=CARTESIAN_POINT('Origin',(73.8254849491561,-46.2578247323867,70.7613736961337));
#15634=CARTESIAN_POINT('',(76.0750112238318,-46.2579989311846,70.7152519261665));
#15635=CARTESIAN_POINT('',(76.468585194859,-46.2372769419973,89.911206021991));
#15636=CARTESIAN_POINT('',(76.2000529599375,-46.251415382235,76.813966788032));
#15637=CARTESIAN_POINT('',(79.2743405534532,-46.2582466808239,70.6496564569998));
#15638=CARTESIAN_POINT('',(73.8254849491561,-46.2578247323867,70.7613736961337));
#15639=CARTESIAN_POINT('',(79.6679145244804,-46.2375246916367,89.8456105528244));
#15640=CARTESIAN_POINT('',(79.2743405534532,-46.2582466808239,70.6496564569998));
#15641=CARTESIAN_POINT('',(76.468585194859,-46.2372769419973,89.911206021991));
#15642=CARTESIAN_POINT('Origin',(76.5010698916866,-34.4400489047108,91.4510453678548));
#15643=CARTESIAN_POINT('',(76.5010698916866,-34.4400489047108,91.4510453678548));
#15644=CARTESIAN_POINT('',(79.7003992213081,-34.4402966543501,91.3854498986881));
#15645=CARTESIAN_POINT('',(76.5010698916866,-34.4400489047108,91.4510453678548));
#15646=CARTESIAN_POINT('',(76.5307000642597,-35.0378901378683,92.8984745319564));
#15647=CARTESIAN_POINT('',(76.5307000642597,-35.0378901378683,92.8984745319564));
#15648=CARTESIAN_POINT('',(79.7300293938812,-35.0381378875076,92.8328790627897));
#15649=CARTESIAN_POINT('',(76.5307000642597,-35.0378901378683,92.8984745319564));
#15650=CARTESIAN_POINT('',(79.7300293938812,-35.0381378875076,92.8328790627897));
#15651=CARTESIAN_POINT('Origin',(76.3942193165822,-39.3657967859683,86.2581588638785));
#15652=CARTESIAN_POINT('',(76.3958733385548,-39.0823168312632,86.3377608397296));
#15653=CARTESIAN_POINT('',(76.3958733385548,-39.0823168312632,86.3377608397296));
#15654=CARTESIAN_POINT('',(76.3942193165822,-39.3657967859683,86.2581588638785));
#15655=CARTESIAN_POINT('',(76.3942193165822,-39.3657967859683,86.2581588638785));
#15656=CARTESIAN_POINT('',(76.3942193165822,-39.3657967859683,86.2581588638785));
#15657=CARTESIAN_POINT('Origin',(80.1111877615271,-38.8421781540465,72.4106554784832));
#15658=CARTESIAN_POINT('',(78.2115864190052,-38.8420310527327,72.4496027791373));
#15659=CARTESIAN_POINT('',(78.2115864190052,-38.8420310527327,72.4496027791373));
#15660=CARTESIAN_POINT('',(78.2200948060214,-38.5237436142605,72.8633855735181));
#15661=CARTESIAN_POINT('',(78.2200948060214,-38.5237436142605,72.8633855735181));
#15662=CARTESIAN_POINT('',(78.2115864190052,-38.8420310527327,72.4496027791373));
#15663=CARTESIAN_POINT('Origin',(80.4881729913028,-36.6143142236202,90.7891801736411));
#15664=CARTESIAN_POINT('',(76.4890125211183,-36.6140045366634,90.8711744856633));
#15665=CARTESIAN_POINT('',(76.4890125211183,-36.6140045366634,90.8711744856633));
#15666=CARTESIAN_POINT('',(76.5075313792401,-36.9876505390179,91.7758177080739));
#15667=CARTESIAN_POINT('',(76.5075313792401,-36.9876505390179,91.7758177080739));
#15668=CARTESIAN_POINT('',(76.5075313792401,-36.9876505390179,91.7758177080739));
#15669=CARTESIAN_POINT('Origin',(78.5388676431269,-43.7035322215797,88.4306586027412));
#15670=CARTESIAN_POINT('',(78.2403871407486,-42.2547140082958,73.8672080793283));
#15671=CARTESIAN_POINT('',(78.5388676431269,-43.7035322215797,88.4306586027412));
#15672=CARTESIAN_POINT('',(78.2297800362406,-42.1871231525656,73.3496057723955));
#15673=CARTESIAN_POINT('',(78.2403871407486,-42.2547140082958,73.8672080793283));
#15674=CARTESIAN_POINT('',(78.2199033046071,-41.9878300262919,72.8671289733402));
#15675=CARTESIAN_POINT('',(78.2297800362406,-42.1871231525656,73.3496057723955));
#15676=CARTESIAN_POINT('',(78.2114300582027,-41.6704557580293,72.4526592630927));
#15677=CARTESIAN_POINT('',(78.2199033046071,-41.9878300262919,72.8671289733402));
#15678=CARTESIAN_POINT('',(78.2049377170358,-41.2565801306048,72.1344410185121));
#15679=CARTESIAN_POINT('',(78.2114300582027,-41.6704557580293,72.4526592630927));
#15680=CARTESIAN_POINT('',(78.2008687513162,-40.7744275820986,71.9341617209527));
#15681=CARTESIAN_POINT('',(78.2049377170358,-41.2565801306048,72.1344410185121));
#15682=CARTESIAN_POINT('',(78.1995004056444,-40.2568660908278,71.8654677368896));
#15683=CARTESIAN_POINT('',(78.2008687513162,-40.7744275820986,71.9341617209527));
#15684=CARTESIAN_POINT('',(78.2009259830541,-39.7391574972379,71.9330429758089));
#15685=CARTESIAN_POINT('',(78.1995004056444,-40.2568660908278,71.8654677368896));
#15686=CARTESIAN_POINT('',(78.2050482812712,-39.2565736720335,72.1322797491526));
#15687=CARTESIAN_POINT('',(78.2009259830541,-39.7391574972379,71.9330429758089));
#15688=CARTESIAN_POINT('',(78.2050482812712,-39.2565736720335,72.1322797491526));
#15689=CARTESIAN_POINT('',(78.2299936298354,-38.3234092889332,73.3454305226849));
#15690=CARTESIAN_POINT('',(78.2200948060214,-38.5237436142605,72.8633855735181));
#15691=CARTESIAN_POINT('',(78.240608268165,-38.2547201646285,73.8628855612206));
#15692=CARTESIAN_POINT('',(78.2299936298354,-38.3234092889332,73.3454305226849));
#15693=CARTESIAN_POINT('',(78.5392506965677,-36.7744438707092,88.4231708137503));
#15694=CARTESIAN_POINT('',(78.240608268165,-38.2547201646285,73.8628855612206));
#15695=CARTESIAN_POINT('',(78.5337625290435,-36.8980043383603,88.155959625426));
#15696=CARTESIAN_POINT('',(78.5337625290435,-36.8980043383603,88.155959625426));
#15697=CARTESIAN_POINT('',(78.5284883598339,-37.0421528320444,87.8992636719024));
#15698=CARTESIAN_POINT('',(78.5284883598339,-37.0421528320444,87.8992636719024));
#15699=CARTESIAN_POINT('',(78.5234607377061,-37.2060102607389,87.6546671545423));
#15700=CARTESIAN_POINT('',(78.5234607377061,-37.2060102607389,87.6546671545423));
#15701=CARTESIAN_POINT('',(78.5187106559404,-37.3885450279612,87.4236778319471));
#15702=CARTESIAN_POINT('Origin',(76.4032661902043,-42.2000979189507,86.710112719544));
#15703=CARTESIAN_POINT('',(76.4003311770001,-41.9433430238532,86.5659917172883));
#15704=CARTESIAN_POINT('',(76.4003311770001,-41.9433430238532,86.5659917172883));
#15705=CARTESIAN_POINT('',(76.4032661902043,-42.2000979189507,86.710112719544));
#15706=CARTESIAN_POINT('',(76.4032661902043,-42.2000979189507,86.710112719544));
#15707=CARTESIAN_POINT('',(76.4032661902043,-42.2000979189507,86.710112719544));
#15708=CARTESIAN_POINT('Origin',(76.5752651093038,-43.2316687386676,95.1030210229831));
#15709=CARTESIAN_POINT('',(76.5752651093038,-43.2316687386676,95.1030210229831));
#15710=CARTESIAN_POINT('',(76.5876320645186,-41.7839267965757,95.7007343329243));
#15711=CARTESIAN_POINT('',(76.5752651093038,-43.2316687386676,95.1030210229831));
#15712=CARTESIAN_POINT('',(79.7745944389253,-43.2319164883069,95.0374255538164));
#15713=CARTESIAN_POINT('',(76.5752651093038,-43.2316687386676,95.1030210229831));
#15714=CARTESIAN_POINT('',(79.7869613941401,-41.784174546215,95.6351388637577));
#15715=CARTESIAN_POINT('',(79.7745944389253,-43.2319164883069,95.0374255538164));
#15716=CARTESIAN_POINT('',(76.5876320645186,-41.7839267965757,95.7007343329243));
#15717=CARTESIAN_POINT('Origin',(78.2008687513162,-40.7744275820986,71.9341617209527));
#15718=CARTESIAN_POINT('',(78.2008687513162,-40.7744275820986,71.9341617209527));
#15719=CARTESIAN_POINT('',(78.1995004056444,-40.2568660908278,71.8654677368896));
#15720=CARTESIAN_POINT('Origin',(76.5234187249622,-37.5827630542134,92.5529489748651));
#15721=CARTESIAN_POINT('',(76.5355918329729,-38.3587727047699,93.1496066114321));
#15722=CARTESIAN_POINT('',(76.5234187249622,-37.5827630542134,92.5529489748651));
#15723=CARTESIAN_POINT('',(76.5355918329729,-38.3587727047699,93.1496066114321));
#15724=CARTESIAN_POINT('',(76.5234187249622,-37.5827630542134,92.5529489748651));
#15725=CARTESIAN_POINT('',(76.5355918329729,-38.3587727047699,93.1496066114321));
#15726=CARTESIAN_POINT('Origin',(76.3922676862425,-40.5355388538622,86.1673887987116));
#15727=CARTESIAN_POINT('',(76.3920469685763,-40.2413239033624,86.1555123663818));
#15728=CARTESIAN_POINT('',(76.3920469685763,-40.2413239033624,86.1555123663818));
#15729=CARTESIAN_POINT('',(76.3922676862425,-40.5355388538622,86.1673887987116));
#15730=CARTESIAN_POINT('',(76.3922676862425,-40.5355388538622,86.1673887987116));
#15731=CARTESIAN_POINT('',(76.3922676862425,-40.5355388538622,86.1673887987116));
#15732=CARTESIAN_POINT('Origin',(78.5234607377061,-37.2060102607389,87.6546671545423));
#15733=CARTESIAN_POINT('',(76.4239016100435,-37.2058476750957,87.6977141659103));
#15734=CARTESIAN_POINT('',(76.4239016100435,-37.2058476750957,87.6977141659103));
#15735=CARTESIAN_POINT('',(76.4289292321713,-37.0419902464013,87.9423106832704));
#15736=CARTESIAN_POINT('',(76.4289292321713,-37.0419902464013,87.9423106832704));
#15737=CARTESIAN_POINT('',(76.4239016100435,-37.2058476750957,87.6977141659103));
#15738=CARTESIAN_POINT('Origin',(80.4562570144277,-36.5343794630543,89.2322201273858));
#15739=CARTESIAN_POINT('',(76.4570965442433,-36.5340697760975,89.3142144394079));
#15740=CARTESIAN_POINT('',(76.4570965442433,-36.5340697760975,89.3142144394079));
#15741=CARTESIAN_POINT('',(76.4630924342417,-36.4991549043815,89.606523905683));
#15742=CARTESIAN_POINT('',(76.4630924342417,-36.4991549043815,89.606523905683));
#15743=CARTESIAN_POINT('',(76.4570965442433,-36.5340697760975,89.3142144394079));
#15744=CARTESIAN_POINT('Origin',(76.3920469685763,-40.2413239033624,86.1555123663818));
#15745=CARTESIAN_POINT('',(76.3923002161136,-39.9471030716293,86.1667529166519));
#15746=CARTESIAN_POINT('',(76.3923002161136,-39.9471030716293,86.1667529166519));
#15747=CARTESIAN_POINT('',(76.3920469685763,-40.2413239033624,86.1555123663818));
#15748=CARTESIAN_POINT('Origin',(76.5457868044452,-40.2332293761552,93.653932102666));
#15749=CARTESIAN_POINT('',(76.5431139212428,-41.2039401377493,93.5272321874369));
#15750=CARTESIAN_POINT('',(76.5431139212428,-41.2039401377493,93.5272321874369));
#15751=CARTESIAN_POINT('',(76.5457868044452,-40.2332293761552,93.653932102666));
#15752=CARTESIAN_POINT('',(76.5431139212428,-41.2039401377493,93.5272321874369));
#15753=CARTESIAN_POINT('',(76.5457868044452,-40.2332293761552,93.653932102666));
#15754=CARTESIAN_POINT('Origin',(76.5301255573806,-45.4301970576504,92.909704782951));
#15755=CARTESIAN_POINT('',(76.5301255573806,-45.4301970576504,92.909704782951));
#15756=CARTESIAN_POINT('',(76.5556507550836,-44.4753347403038,94.1510549538561));
#15757=CARTESIAN_POINT('',(76.5301255573806,-45.4301970576504,92.909704782951));
#15758=CARTESIAN_POINT('',(79.7294548870021,-45.4304448072897,92.8441093137843));
#15759=CARTESIAN_POINT('',(76.5301255573806,-45.4301970576504,92.909704782951));
#15760=CARTESIAN_POINT('',(79.754980084705,-44.4755824899431,94.0854594846894));
#15761=CARTESIAN_POINT('',(79.7294548870021,-45.4304448072897,92.8441093137843));
#15762=CARTESIAN_POINT('',(76.5556507550836,-44.4753347403038,94.1510549538561));
#15763=CARTESIAN_POINT('Origin',(76.5919087845294,-40.2308010164491,95.9034594537613));
#15764=CARTESIAN_POINT('',(76.5919087845294,-40.2308010164491,95.9034594537613));
#15765=CARTESIAN_POINT('',(76.5878037597322,-38.6781165419934,95.6973780974927));
#15766=CARTESIAN_POINT('',(76.5919087845294,-40.2308010164491,95.9034594537613));
#15767=CARTESIAN_POINT('',(79.7912381141508,-40.2310487660885,95.8378639845946));
#15768=CARTESIAN_POINT('',(76.5919087845294,-40.2308010164491,95.9034594537613));
#15769=CARTESIAN_POINT('',(79.7871330893536,-38.6783642916327,95.6317826283261));
#15770=CARTESIAN_POINT('',(79.7912381141508,-40.2310487660885,95.8378639845946));
#15771=CARTESIAN_POINT('',(76.5878037597322,-38.6781165419934,95.6973780974927));
#15772=CARTESIAN_POINT('Origin',(80.1295949723572,-38.3235563902469,73.3064832220308));
#15773=CARTESIAN_POINT('',(78.2299936298354,-38.3234092889332,73.3454305226849));
#15774=CARTESIAN_POINT('',(78.240608268165,-38.2547201646285,73.8628855612206));
#15775=CARTESIAN_POINT('Origin',(80.1402096106868,-38.2548672659423,73.8239382605665));
#15776=CARTESIAN_POINT('',(78.5392506965677,-36.7744438707092,88.4231708137503));
#15777=CARTESIAN_POINT('Origin',(76.5431139212428,-41.2039401377493,93.5272321874369));
#15778=CARTESIAN_POINT('',(76.5353845252951,-42.1087800462222,93.1536589863284));
#15779=CARTESIAN_POINT('',(76.5353845252951,-42.1087800462222,93.1536589863284));
#15780=CARTESIAN_POINT('',(76.5353845252951,-42.1087800462222,93.1536589863284));
#15781=CARTESIAN_POINT('Origin',(79.6679145244804,-46.2375246916367,89.8456105528244));
#15782=CARTESIAN_POINT('',(79.6997584426324,-46.0314000982972,91.3979756065972));
#15783=CARTESIAN_POINT('',(79.6679145244804,-46.2375246916367,89.8456105528244));
#15784=CARTESIAN_POINT('',(76.500429113011,-46.0311523486579,91.4635710757639));
#15785=CARTESIAN_POINT('',(76.500429113011,-46.0311523486579,91.4635710757639));
#15786=CARTESIAN_POINT('',(76.468585194859,-46.2372769419973,89.911206021991));
#15787=CARTESIAN_POINT('Origin',(78.5337625290435,-36.8980043383603,88.155959625426));
#15788=CARTESIAN_POINT('',(76.434203401381,-36.8978417527172,88.199006636794));
#15789=CARTESIAN_POINT('',(76.434203401381,-36.8978417527172,88.199006636794));
#15790=CARTESIAN_POINT('',(76.4396915689051,-36.774281285066,88.4662178251183));
#15791=CARTESIAN_POINT('',(76.4396915689051,-36.774281285066,88.4662178251183));
#15792=CARTESIAN_POINT('',(76.434203401381,-36.8978417527172,88.199006636794));
#15793=CARTESIAN_POINT('Origin',(78.5187106559404,-37.3885450279612,87.4236778319471));
#15794=CARTESIAN_POINT('',(76.4191515282779,-37.3883824423181,87.466724843315));
#15795=CARTESIAN_POINT('Origin',(76.5355918329729,-38.3587727047699,93.1496066114321));
#15796=CARTESIAN_POINT('',(76.5432212315421,-39.262794423529,93.5251345248336));
#15797=CARTESIAN_POINT('',(76.5432212315421,-39.262794423529,93.5251345248336));
#15798=CARTESIAN_POINT('',(76.5432212315421,-39.262794423529,93.5251345248336));
#15799=CARTESIAN_POINT('Origin',(76.3958733385548,-39.0823168312632,86.3377608397296));
#15800=CARTESIAN_POINT('',(76.3979776690858,-38.8059466263944,86.4393528529131));
#15801=CARTESIAN_POINT('',(76.3979776690858,-38.8059466263944,86.4393528529131));
#15802=CARTESIAN_POINT('',(76.3958733385548,-39.0823168312632,86.3377608397296));
#15803=CARTESIAN_POINT('Origin',(76.5432212315421,-39.262794423529,93.5251345248336));
#15804=CARTESIAN_POINT('',(76.5457868044452,-40.2332293761552,93.653932102666));
#15805=CARTESIAN_POINT('Origin',(78.2049377170358,-41.2565801306048,72.1344410185121));
#15806=CARTESIAN_POINT('',(78.2049377170358,-41.2565801306048,72.1344410185121));
#15807=CARTESIAN_POINT('Origin',(76.4003311770001,-41.9433430238532,86.5659917172883));
#15808=CARTESIAN_POINT('',(76.3978190022696,-41.676085021871,86.4424544139831));
#15809=CARTESIAN_POINT('',(76.3978190022696,-41.676085021871,86.4424544139831));
#15810=CARTESIAN_POINT('',(76.4003311770001,-41.9433430238532,86.5659917172883));
#15811=CARTESIAN_POINT('Origin',(78.2199033046071,-41.9878300262919,72.8671289733402));
#15812=CARTESIAN_POINT('',(78.2199033046071,-41.9878300262919,72.8671289733402));
#15813=CARTESIAN_POINT('',(78.2297800362406,-42.1871231525656,73.3496057723955));
#15814=CARTESIAN_POINT('Origin',(76.5755968004284,-37.2316779731666,95.0965372458216));
#15815=CARTESIAN_POINT('',(76.5755968004284,-37.2316779731666,95.0965372458216));
#15816=CARTESIAN_POINT('',(76.5561198380184,-35.9900510876765,94.1418854916843));
#15817=CARTESIAN_POINT('',(76.5755968004284,-37.2316779731666,95.0965372458216));
#15818=CARTESIAN_POINT('',(79.7749261300498,-37.2319257228059,95.0309417766549));
#15819=CARTESIAN_POINT('',(76.5755968004284,-37.2316779731666,95.0965372458216));
#15820=CARTESIAN_POINT('',(79.7554491676398,-35.9902988373158,94.0762900225176));
#15821=CARTESIAN_POINT('',(79.7749261300498,-37.2319257228059,95.0309417766549));
#15822=CARTESIAN_POINT('',(76.5561198380184,-35.9900510876765,94.1418854916843));
#15823=CARTESIAN_POINT('Origin',(76.3979776690858,-38.8059466263944,86.4393528529131));
#15824=CARTESIAN_POINT('',(76.3979776690858,-38.8059466263944,86.4393528529131));
#15825=CARTESIAN_POINT('Origin',(80.1196961485432,-38.5238907155743,72.824438272864));
#15826=CARTESIAN_POINT('Origin',(76.3929609563407,-40.8278978758068,86.2023063201498));
#15827=CARTESIAN_POINT('',(76.3929609563407,-40.8278978758068,86.2023063201498));
#15828=CARTESIAN_POINT('',(76.3929609563407,-40.8278978758068,86.2023063201498));
#15829=CARTESIAN_POINT('',(76.3929609563407,-40.8278978758068,86.2023063201498));
#15830=CARTESIAN_POINT('Origin',(76.5876320645186,-41.7839267965757,95.7007343329243));
#15831=CARTESIAN_POINT('',(76.5876320645186,-41.7839267965757,95.7007343329243));
#15832=CARTESIAN_POINT('',(79.7869613941401,-41.784174546215,95.6351388637577));
#15833=CARTESIAN_POINT('Origin',(76.4103299155494,-42.6757794890276,87.0564328831015));
#15834=CARTESIAN_POINT('',(76.4066059987271,-42.4447484899001,86.8739313428374));
#15835=CARTESIAN_POINT('',(76.4066059987271,-42.4447484899001,86.8739313428374));
#15836=CARTESIAN_POINT('',(76.4103299155494,-42.6757794890276,87.0564328831015));
#15837=CARTESIAN_POINT('Origin',(76.5556507550836,-44.4753347403038,94.1510549538561));
#15838=CARTESIAN_POINT('',(76.5556507550836,-44.4753347403038,94.1510549538561));
#15839=CARTESIAN_POINT('',(79.754980084705,-44.4755824899431,94.0854594846894));
#15840=CARTESIAN_POINT('Origin',(80.4503340498086,-36.5921404519262,88.9435537850184));
#15841=CARTESIAN_POINT('',(76.4511735796242,-36.5918307649692,89.0255480970405));
#15842=CARTESIAN_POINT('',(76.4511735796242,-36.5918307649692,89.0255480970405));
#15843=CARTESIAN_POINT('',(76.4511735796242,-36.5918307649692,89.0255480970405));
#15844=CARTESIAN_POINT('Origin',(78.2297800362406,-42.1871231525656,73.3496057723955));
#15845=CARTESIAN_POINT('',(78.2403871407486,-42.2547140082958,73.8672080793283));
#15846=CARTESIAN_POINT('Origin',(78.1995004056444,-40.2568660908278,71.8654677368896));
#15847=CARTESIAN_POINT('',(78.2009259830541,-39.7391574972379,71.9330429758089));
#15848=CARTESIAN_POINT('Origin',(78.2403871407486,-42.2547140082958,73.8672080793283));
#15849=CARTESIAN_POINT('Origin',(79.6997584426324,-46.0314000982972,91.3979756065972));
#15850=CARTESIAN_POINT('',(79.6997584426324,-46.0314000982972,91.3979756065972));
#15851=CARTESIAN_POINT('',(76.500429113011,-46.0311523486579,91.4635710757639));
#15852=CARTESIAN_POINT('Origin',(78.2050482812712,-39.2565736720335,72.1322797491526));
#15853=CARTESIAN_POINT('',(78.2050482812712,-39.2565736720335,72.1322797491526));
#15854=CARTESIAN_POINT('Origin',(78.2114300582027,-41.6704557580293,72.4526592630927));
#15855=CARTESIAN_POINT('',(78.2114300582027,-41.6704557580293,72.4526592630927));
#15856=CARTESIAN_POINT('Origin',(76.3978190022696,-41.676085021871,86.4424544139831));
#15857=CARTESIAN_POINT('',(76.3957452161394,-41.3999347982374,86.3402653299914));
#15858=CARTESIAN_POINT('',(76.3957452161394,-41.3999347982374,86.3402653299914));
#15859=CARTESIAN_POINT('',(76.3978190022696,-41.676085021871,86.4424544139831));
#15860=CARTESIAN_POINT('Origin',(76.5307000642597,-35.0378901378683,92.8984745319564));
#15861=CARTESIAN_POINT('',(76.5561198380184,-35.9900510876765,94.1418854916843));
#15862=CARTESIAN_POINT('',(79.7554491676398,-35.9902988373158,94.0762900225176));
#15863=CARTESIAN_POINT('Origin',(76.4066059987271,-42.4447484899001,86.8739313428374));
#15864=CARTESIAN_POINT('',(76.4066059987271,-42.4447484899001,86.8739313428374));
#15865=CARTESIAN_POINT('Origin',(76.3957452161394,-41.3999347982374,86.3402653299914));
#15866=CARTESIAN_POINT('',(76.3941225272726,-41.116627365019,86.2600508660108));
#15867=CARTESIAN_POINT('',(76.3941225272726,-41.116627365019,86.2600508660108));
#15868=CARTESIAN_POINT('',(76.3957452161394,-41.3999347982374,86.3402653299914));
#15869=CARTESIAN_POINT('Origin',(80.4388520390895,-36.7745909720229,88.3842235130962));
#15870=CARTESIAN_POINT('',(76.4453599704885,-36.6720735579491,88.7423003311264));
#15871=CARTESIAN_POINT('',(76.4453599704885,-36.6720735579491,88.7423003311264));
#15872=CARTESIAN_POINT('',(76.4396915689051,-36.774281285066,88.4662178251183));
#15873=CARTESIAN_POINT('Origin',(76.4692485781625,-34.2372763375203,89.8982384470567));
#15874=CARTESIAN_POINT('',(76.4692485781625,-34.2372763375203,89.8982384470567));
#15875=CARTESIAN_POINT('',(79.668577907784,-34.2375240871596,89.83264297789));
#15876=CARTESIAN_POINT('',(76.4692485781625,-34.2372763375203,89.8982384470567));
#15877=CARTESIAN_POINT('',(76.5010698916866,-34.4400489047108,91.4510453678548));
#15878=CARTESIAN_POINT('',(79.7003992213081,-34.4402966543501,91.3854498986881));
#15879=CARTESIAN_POINT('Origin',(80.4445204406729,-36.672383244906,88.6603060191042));
#15880=CARTESIAN_POINT('',(76.4453599704885,-36.6720735579491,88.7423003311264));
#15881=CARTESIAN_POINT('Origin',(78.5284883598339,-37.0421528320444,87.8992636719024));
#15882=CARTESIAN_POINT('',(76.4289292321713,-37.0419902464013,87.9423106832704));
#15883=CARTESIAN_POINT('Origin',(80.4682846638457,-36.4875885220009,89.8186755579111));
#15884=CARTESIAN_POINT('',(76.4691241936613,-36.4872788350441,89.9006698699333));
#15885=CARTESIAN_POINT('',(76.4691241936613,-36.4872788350441,89.9006698699333));
#15886=CARTESIAN_POINT('',(76.4890125211183,-36.6140045366634,90.8711744856633));
#15887=CARTESIAN_POINT('Origin',(78.2009259830541,-39.7391574972379,71.9330429758089));
#15888=CARTESIAN_POINT('Origin',(78.2114300582027,-41.6704557580293,72.4526592630927));
#15889=CARTESIAN_POINT('Origin',(76.3941225272726,-41.116627365019,86.2600508660108));
#15890=CARTESIAN_POINT('',(76.3941225272726,-41.116627365019,86.2600508660108));
#15891=CARTESIAN_POINT('Origin',(76.5353845252951,-42.1087800462222,93.1536589863284));
#15892=CARTESIAN_POINT('',(76.5231255485892,-42.8860569924601,92.558679879705));
#15893=CARTESIAN_POINT('Origin',(76.5878037597322,-38.6781165419934,95.6973780974927));
#15894=CARTESIAN_POINT('',(76.5878037597322,-38.6781165419934,95.6973780974927));
#15895=CARTESIAN_POINT('',(79.7871330893536,-38.6783642916327,95.6317826283261));
#15896=CARTESIAN_POINT('Origin',(76.3923002161136,-39.9471030716293,86.1667529166519));
#15897=CARTESIAN_POINT('',(76.3930258167978,-39.6546311981466,86.2010384515835));
#15898=CARTESIAN_POINT('',(76.3930258167978,-39.6546311981466,86.2010384515835));
#15899=CARTESIAN_POINT('',(76.3923002161136,-39.9471030716293,86.1667529166519));
#15900=CARTESIAN_POINT('Origin',(80.5066918494245,-36.9879602259749,91.6938233960518));
#15901=CARTESIAN_POINT('',(76.5234187249622,-37.5827630542134,92.5529489748651));
#15902=CARTESIAN_POINT('Origin',(76.3930258167978,-39.6546311981466,86.2010384515835));
#15903=CARTESIAN_POINT('',(76.3930258167978,-39.6546311981466,86.2010384515835));
#15904=CARTESIAN_POINT('Origin',(80.4622529044261,-36.4994645913384,89.5245295936609));
#15905=CARTESIAN_POINT('',(76.4630924342417,-36.4991549043815,89.606523905683));
#15906=CARTESIAN_POINT('Origin',(76.1918534854078,-46.2518470912276,76.4140502583111));
#15907=CARTESIAN_POINT('',(76.0592756825123,-34.2588617434061,69.9024524836321));
#15908=CARTESIAN_POINT('',(76.3975033287546,-34.2410537831643,86.3989762610099));
#15909=CARTESIAN_POINT('',(76.058656524692,-45.4588635791497,69.914555554945));
#15910=CARTESIAN_POINT('',(76.0589439908605,-40.2588620456446,69.9089362710993));
#15911=CARTESIAN_POINT('',(76.0594454871318,-45.7060230949627,69.9539696240466));
#15912=CARTESIAN_POINT('',(76.0537670111498,-43.9271179108019,69.6702909171065));
#15913=CARTESIAN_POINT('',(76.0617624492999,-45.9289266009475,70.0678181775858));
#15914=CARTESIAN_POINT('',(76.0642139969077,-46.1647779084812,70.1882798549129));
#15915=CARTESIAN_POINT('',(76.0653806234037,-46.105718362041,70.2449574033994));
#15916=CARTESIAN_POINT('',(76.0984437432732,-47.7212534416801,71.8636676391705));
#15917=CARTESIAN_POINT('',(76.0699458332157,-46.2191174342899,70.4680475712473));
#15918=CARTESIAN_POINT('',(76.1441218037483,-48.0616365271846,74.0928381938256));
#15919=CARTESIAN_POINT('',(76.1849130946872,-47.1015961133616,76.0787516339254));
#15920=CARTESIAN_POINT('Origin',(80.3731391706988,-45.1426172492641,92.6642572395542));
#15921=CARTESIAN_POINT('',(80.3450890270912,-45.7102695008854,91.2982938179734));
#15922=CARTESIAN_POINT('',(80.1980121923158,-45.2970881940401,92.7572901868483));
#15923=CARTESIAN_POINT('',(80.3450890270912,-45.7102695008854,91.2982938179734));
#15924=CARTESIAN_POINT('',(80.3731391706988,-45.1426172492641,92.6642572395542));
#15925=CARTESIAN_POINT('',(80.3450890270912,-45.7102695008854,91.2982938179734));
#15926=CARTESIAN_POINT('',(80.1980121923158,-45.2970881940401,92.7572901868483));
#15927=CARTESIAN_POINT('Origin',(80.1690785212928,-45.8826301481766,91.3483014916887));
#15928=CARTESIAN_POINT('',(80.1690785212928,-45.8826301481766,91.3483014916887));
#15929=CARTESIAN_POINT('',(80.1690785212928,-45.8826301481766,91.3483014916887));
#15930=CARTESIAN_POINT('',(80.1690785212928,-45.8826301481766,91.3483014916887));
#15931=CARTESIAN_POINT('Origin',(80.4844508926086,-44.9479404928092,92.5492719673397));
#15932=CARTESIAN_POINT('',(80.4575140382647,-45.4930561037936,91.2375225881976));
#15933=CARTESIAN_POINT('',(80.4575140382647,-45.4930561037936,91.2375225881976));
#15934=CARTESIAN_POINT('',(80.4844508926086,-44.9479404928092,92.5492719673397));
#15935=CARTESIAN_POINT('',(80.4575140382647,-45.4930561037936,91.2375225881976));
#15936=CARTESIAN_POINT('',(80.3731391706988,-45.1426172492641,92.6642572395542));
#15937=CARTESIAN_POINT('Origin',(80.3450890270912,-45.7102695008854,91.2982938179734));
#15938=CARTESIAN_POINT('',(80.3450890270912,-45.7102695008854,91.2982938179734));
#15939=CARTESIAN_POINT('Origin',(80.5210544417714,-44.7321281952819,92.4235883992444));
#15940=CARTESIAN_POINT('',(80.4953517258692,-45.2522784785268,91.1719381429878));
#15941=CARTESIAN_POINT('',(80.4844508926086,-44.9479404928092,92.5492719673397));
#15942=CARTESIAN_POINT('Origin',(80.4575140382647,-45.4930561037936,91.2375225881976));
#15943=CARTESIAN_POINT('',(80.4575140382647,-45.4930561037936,91.2375225881976));
#15944=CARTESIAN_POINT('Origin',(79.9762139116505,-45.3962674436537,92.8192631397223));
#15945=CARTESIAN_POINT('',(79.9467129304387,-45.99328331892,91.3826480019261));
#15946=CARTESIAN_POINT('',(79.9467129304387,-45.99328331892,91.3826480019261));
#15947=CARTESIAN_POINT('',(79.9762139116505,-45.3962674436537,92.8192631397223));
#15948=CARTESIAN_POINT('',(79.9762139116505,-45.3962674436537,92.8192631397223));
#15949=CARTESIAN_POINT('',(79.9467129304387,-45.99328331892,91.3826480019261));
#15950=CARTESIAN_POINT('Origin',(80.1690785212928,-45.8826301481766,91.3483014916887));
#15951=CARTESIAN_POINT('',(79.9467129304387,-45.99328331892,91.3826480019261));
#15952=CARTESIAN_POINT('Origin',(79.7294548870021,-45.4304448072897,92.8441093137843));
#15953=CARTESIAN_POINT('',(79.6997584426324,-46.0314000982972,91.3979756065972));
#15954=CARTESIAN_POINT('',(79.7294548870021,-45.4304448072897,92.8441093137843));
#15955=CARTESIAN_POINT('Origin',(79.9467129304387,-45.99328331892,91.3826480019261));
#15956=CARTESIAN_POINT('',(79.6997584426324,-46.0314000982972,91.3979756065972));
#15957=CARTESIAN_POINT('Origin',(80.5431468751069,-43.9056962894688,93.4979952541975));
#15958=CARTESIAN_POINT('',(80.5076040970576,-44.0818181705105,93.6752665751024));
#15959=CARTESIAN_POINT('',(80.5210544417714,-44.7321281952819,92.4235883992444));
#15960=CARTESIAN_POINT('',(80.5076040970576,-44.0818181705105,93.6752665751024));
#15961=CARTESIAN_POINT('Origin',(80.4844508926086,-44.9479404928092,92.5492719673397));
#15962=CARTESIAN_POINT('',(80.4844508926086,-44.9479404928092,92.5492719673397));
#15963=CARTESIAN_POINT('Origin',(80.5076040970576,-44.0818181705105,93.6752665751024));
#15964=CARTESIAN_POINT('',(80.3972493212952,-44.2407009545564,93.8367903959603));
#15965=CARTESIAN_POINT('',(80.4844508926086,-44.9479404928092,92.5492719673397));
#15966=CARTESIAN_POINT('',(80.3972493212952,-44.2407009545564,93.8367903959603));
#15967=CARTESIAN_POINT('Origin',(80.3731391706988,-45.1426172492641,92.6642572395542));
#15968=CARTESIAN_POINT('',(80.3731391706988,-45.1426172492641,92.6642572395542));
#15969=CARTESIAN_POINT('Origin',(80.3972493212952,-44.2407009545564,93.8367903959603));
#15970=CARTESIAN_POINT('',(80.222881777894,-44.3667697394498,93.9667564731984));
#15971=CARTESIAN_POINT('',(80.3731391706988,-45.1426172492641,92.6642572395542));
#15972=CARTESIAN_POINT('',(80.222881777894,-44.3667697394498,93.9667564731984));
#15973=CARTESIAN_POINT('Origin',(80.1980121923158,-45.2970881940401,92.7572901868483));
#15974=CARTESIAN_POINT('',(80.1980121923158,-45.2970881940401,92.7572901868483));
#15975=CARTESIAN_POINT('Origin',(80.0015710795814,-44.4477082016943,94.0524416945087));
#15976=CARTESIAN_POINT('',(79.9762139116505,-45.3962674436537,92.8192631397223));
#15977=CARTESIAN_POINT('',(80.0015710795814,-44.4477082016943,94.0524416945087));
#15978=CARTESIAN_POINT('',(80.0015710795814,-44.4477082016943,94.0524416945087));
#15979=CARTESIAN_POINT('',(79.9762139116505,-45.3962674436537,92.8192631397223));
#15980=CARTESIAN_POINT('Origin',(80.1980121923158,-45.2970881940401,92.7572901868483));
#15981=CARTESIAN_POINT('Origin',(79.754980084705,-44.4755824899431,94.0854594846894));
#15982=CARTESIAN_POINT('',(79.7294548870021,-45.4304448072897,92.8441093137843));
#15983=CARTESIAN_POINT('',(79.754980084705,-44.4755824899431,94.0854594846894));
#15984=CARTESIAN_POINT('Origin',(79.9762139116505,-45.3962674436537,92.8192631397223));
#15985=CARTESIAN_POINT('Origin',(80.5601234771953,-42.8292809338556,94.3219402636528));
#15986=CARTESIAN_POINT('',(80.5253958162247,-42.9537186146288,94.5387725979648));
#15987=CARTESIAN_POINT('',(80.5431468751069,-43.9056962894688,93.4979952541975));
#15988=CARTESIAN_POINT('',(80.5253958162247,-42.9537186146288,94.5387725979648));
#15989=CARTESIAN_POINT('Origin',(80.5076040970576,-44.0818181705105,93.6752665751024));
#15990=CARTESIAN_POINT('',(80.5076040970576,-44.0818181705105,93.6752665751024));
#15991=CARTESIAN_POINT('Origin',(80.5253958162247,-42.9537186146288,94.5387725979648));
#15992=CARTESIAN_POINT('',(80.4157764123634,-43.0659567798411,94.735987004366));
#15993=CARTESIAN_POINT('',(80.5076040970576,-44.0818181705105,93.6752665751024));
#15994=CARTESIAN_POINT('',(80.4157764123634,-43.0659567798411,94.735987004366));
#15995=CARTESIAN_POINT('Origin',(80.3972493212952,-44.2407009545564,93.8367903959603));
#15996=CARTESIAN_POINT('',(80.3972493212952,-44.2407009545564,93.8367903959603));
#15997=CARTESIAN_POINT('Origin',(80.4157764123634,-43.0659567798411,94.735987004366));
#15998=CARTESIAN_POINT('',(80.241992397827,-43.1550400909012,94.8942742125855));
#15999=CARTESIAN_POINT('',(80.3972493212952,-44.2407009545564,93.8367903959603));
#16000=CARTESIAN_POINT('',(80.241992397827,-43.1550400909012,94.8942742125855));
#16001=CARTESIAN_POINT('Origin',(80.222881777894,-44.3667697394498,93.9667564731984));
#16002=CARTESIAN_POINT('',(80.222881777894,-44.3667697394498,93.9667564731984));
#16003=CARTESIAN_POINT('Origin',(80.241992397827,-43.1550400909012,94.8942742125855));
#16004=CARTESIAN_POINT('',(80.0210563488317,-43.2122314935148,94.9981427511122));
#16005=CARTESIAN_POINT('',(80.222881777894,-44.3667697394498,93.9667564731984));
#16006=CARTESIAN_POINT('',(80.0210563488317,-43.2122314935148,94.9981427511122));
#16007=CARTESIAN_POINT('Origin',(80.0015710795814,-44.4477082016943,94.0524416945087));
#16008=CARTESIAN_POINT('',(80.0015710795814,-44.4477082016943,94.0524416945087));
#16009=CARTESIAN_POINT('Origin',(80.0210563488317,-43.2122314935148,94.9981427511122));
#16010=CARTESIAN_POINT('',(80.0015710795814,-44.4477082016943,94.0524416945087));
#16011=CARTESIAN_POINT('',(79.7745944389253,-43.2319164883069,95.0374255538164));
#16012=CARTESIAN_POINT('Origin',(79.754980084705,-44.4755824899431,94.0854594846894));
#16013=CARTESIAN_POINT('Origin',(80.5745288195422,-40.2319815707499,95.0147313187423));
#16014=CARTESIAN_POINT('',(80.5404928533371,-40.2317094257137,95.2648290990326));
#16015=CARTESIAN_POINT('',(80.5708272429269,-41.576242197402,94.8392691611878));
#16016=CARTESIAN_POINT('',(80.5745288195422,-40.2319815707499,95.0147313187423));
#16017=CARTESIAN_POINT('Origin',(80.5366135277566,-41.6405047896566,95.0809412220423));
#16018=CARTESIAN_POINT('',(80.5366135277566,-41.6405047896566,95.0809412220423));
#16019=CARTESIAN_POINT('',(80.5366135277566,-41.6405047896566,95.0809412220423));
#16020=CARTESIAN_POINT('',(80.5366135277566,-41.6405047896566,95.0809412220423));
#16021=CARTESIAN_POINT('Origin',(80.5404928533371,-40.2317094257137,95.2648290990326));
#16022=CARTESIAN_POINT('',(80.4314973668369,-40.2314578589356,95.4920493556475));
#16023=CARTESIAN_POINT('',(80.5366135277566,-41.6405047896566,95.0809412220423));
#16024=CARTESIAN_POINT('',(80.5404928533371,-40.2317094257137,95.2648290990326));
#16025=CARTESIAN_POINT('Origin',(80.4274577456518,-41.6984928127525,95.3005632466653));
#16026=CARTESIAN_POINT('',(80.4274577456518,-41.6984928127525,95.3005632466653));
#16027=CARTESIAN_POINT('',(80.4274577456518,-41.6984928127525,95.3005632466653));
#16028=CARTESIAN_POINT('',(80.4274577456518,-41.6984928127525,95.3005632466653));
#16029=CARTESIAN_POINT('Origin',(80.4314973668369,-40.2314578589356,95.4920493556475));
#16030=CARTESIAN_POINT('',(80.2582085766788,-40.2312514920851,95.6741532148088));
#16031=CARTESIAN_POINT('',(80.4274577456518,-41.6984928127525,95.3005632466653));
#16032=CARTESIAN_POINT('',(80.4314973668369,-40.2314578589356,95.4920493556475));
#16033=CARTESIAN_POINT('Origin',(80.2540417266916,-41.7445080404049,95.4766362707777));
#16034=CARTESIAN_POINT('',(80.2540417266916,-41.7445080404049,95.4766362707777));
#16035=CARTESIAN_POINT('',(80.2540417266916,-41.7445080404049,95.4766362707777));
#16036=CARTESIAN_POINT('',(80.2540417266916,-41.7445080404049,95.4766362707777));
#16037=CARTESIAN_POINT('Origin',(80.2582085766788,-40.2312514920851,95.6741532148088));
#16038=CARTESIAN_POINT('',(80.0375904844842,-40.2311105279778,95.7933131211308));
#16039=CARTESIAN_POINT('',(80.2540417266916,-41.7445080404049,95.4766362707777));
#16040=CARTESIAN_POINT('',(80.2582085766788,-40.2312514920851,95.6741532148088));
#16041=CARTESIAN_POINT('Origin',(80.0333418927212,-41.7740305476184,95.5919213706585));
#16042=CARTESIAN_POINT('',(80.0333418927212,-41.7740305476184,95.5919213706585));
#16043=CARTESIAN_POINT('',(80.0333418927212,-41.7740305476184,95.5919213706585));
#16044=CARTESIAN_POINT('',(80.0333418927212,-41.7740305476184,95.5919213706585));
#16045=CARTESIAN_POINT('Origin',(80.0375904844842,-40.2311105279778,95.7933131211308));
#16046=CARTESIAN_POINT('',(80.0333418927212,-41.7740305476184,95.5919213706585));
#16047=CARTESIAN_POINT('',(80.0375904844842,-40.2311105279778,95.7933131211308));
#16048=CARTESIAN_POINT('Origin',(79.7869613941401,-41.784174546215,95.6351388637577));
#16049=CARTESIAN_POINT('',(79.7869613941401,-41.784174546215,95.6351388637577));
#16050=CARTESIAN_POINT('Origin',(80.5708272429269,-41.576242197402,94.8392691611878));
#16051=CARTESIAN_POINT('',(80.5601234771953,-42.8292809338556,94.3219402636528));
#16052=CARTESIAN_POINT('Origin',(80.5253958162247,-42.9537186146288,94.5387725979648));
#16053=CARTESIAN_POINT('',(80.5253958162247,-42.9537186146288,94.5387725979648));
#16054=CARTESIAN_POINT('Origin',(80.5366135277566,-41.6405047896566,95.0809412220423));
#16055=CARTESIAN_POINT('',(80.5253958162247,-42.9537186146288,94.5387725979648));
#16056=CARTESIAN_POINT('Origin',(80.4157764123634,-43.0659567798411,94.735987004366));
#16057=CARTESIAN_POINT('',(80.4157764123634,-43.0659567798411,94.735987004366));
#16058=CARTESIAN_POINT('Origin',(80.4274577456518,-41.6984928127525,95.3005632466653));
#16059=CARTESIAN_POINT('',(80.4157764123634,-43.0659567798411,94.735987004366));
#16060=CARTESIAN_POINT('Origin',(80.241992397827,-43.1550400909012,94.8942742125855));
#16061=CARTESIAN_POINT('',(80.241992397827,-43.1550400909012,94.8942742125855));
#16062=CARTESIAN_POINT('Origin',(80.2540417266916,-41.7445080404049,95.4766362707777));
#16063=CARTESIAN_POINT('',(80.241992397827,-43.1550400909012,94.8942742125855));
#16064=CARTESIAN_POINT('Origin',(80.0210563488317,-43.2122314935148,94.9981427511122));
#16065=CARTESIAN_POINT('',(80.0210563488317,-43.2122314935148,94.9981427511122));
#16066=CARTESIAN_POINT('Origin',(80.0333418927212,-41.7740305476184,95.5919213706585));
#16067=CARTESIAN_POINT('',(80.0210563488317,-43.2122314935148,94.9981427511122));
#16068=CARTESIAN_POINT('Origin',(79.7745944389253,-43.2319164883069,95.0374255538164));
#16069=CARTESIAN_POINT('Origin',(80.5709758484799,-38.8881029019243,94.8363642740218));
#16070=CARTESIAN_POINT('',(80.536769268561,-38.8232952877556,95.0778968575854));
#16071=CARTESIAN_POINT('',(80.5745288195422,-40.2319815707499,95.0147313187423));
#16072=CARTESIAN_POINT('',(80.5709758484799,-38.8881029019243,94.8363642740218));
#16073=CARTESIAN_POINT('Origin',(80.5404928533371,-40.2317094257137,95.2648290990326));
#16074=CARTESIAN_POINT('',(80.5404928533371,-40.2317094257137,95.2648290990326));
#16075=CARTESIAN_POINT('Origin',(80.536769268561,-38.8232952877556,95.0778968575854));
#16076=CARTESIAN_POINT('',(80.4276199236822,-38.7648397449854,95.2973930496594));
#16077=CARTESIAN_POINT('',(80.5404928533371,-40.2317094257137,95.2648290990326));
#16078=CARTESIAN_POINT('',(80.536769268561,-38.8232952877556,95.0778968575854));
#16079=CARTESIAN_POINT('Origin',(80.4314973668369,-40.2314578589356,95.4920493556475));
#16080=CARTESIAN_POINT('',(80.4314973668369,-40.2314578589356,95.4920493556475));
#16081=CARTESIAN_POINT('Origin',(80.4276199236822,-38.7648397449854,95.2973930496594));
#16082=CARTESIAN_POINT('',(80.2542090133806,-38.7184439854763,95.4733662115767));
#16083=CARTESIAN_POINT('',(80.4314973668369,-40.2314578589356,95.4920493556475));
#16084=CARTESIAN_POINT('',(80.4276199236822,-38.7648397449854,95.2973930496594));
#16085=CARTESIAN_POINT('Origin',(80.2582085766788,-40.2312514920851,95.6741532148088));
#16086=CARTESIAN_POINT('',(80.2582085766788,-40.2312514920851,95.6741532148088));
#16087=CARTESIAN_POINT('Origin',(80.2542090133806,-38.7184439854763,95.4733662115767));
#16088=CARTESIAN_POINT('',(80.0335124586524,-38.688647984935,95.5885872100279));
#16089=CARTESIAN_POINT('',(80.2582085766788,-40.2312514920851,95.6741532148088));
#16090=CARTESIAN_POINT('',(80.2542090133806,-38.7184439854763,95.4733662115767));
#16091=CARTESIAN_POINT('Origin',(80.0375904844842,-40.2311105279778,95.7933131211308));
#16092=CARTESIAN_POINT('',(80.0375904844842,-40.2311105279778,95.7933131211308));
#16093=CARTESIAN_POINT('Origin',(80.0335124586524,-38.688647984935,95.5885872100279));
#16094=CARTESIAN_POINT('',(80.0375904844842,-40.2311105279778,95.7933131211308));
#16095=CARTESIAN_POINT('',(80.0335124586524,-38.688647984935,95.5885872100279));
#16096=CARTESIAN_POINT('Origin',(79.7912381141508,-40.2310487660885,95.8378639845946));
#16097=CARTESIAN_POINT('Origin',(80.5256966845821,-37.511283675073,94.532891333019));
#16098=CARTESIAN_POINT('',(80.536769268561,-38.8232952877556,95.0778968575854));
#16099=CARTESIAN_POINT('',(80.5256966845821,-37.511283675073,94.532891333019));
#16100=CARTESIAN_POINT('',(80.5604105616643,-37.6361839983594,94.3163284411311));
#16101=CARTESIAN_POINT('',(80.536769268561,-38.8232952877556,95.0778968575854));
#16102=CARTESIAN_POINT('Origin',(80.5709758484799,-38.8881029019243,94.8363642740218));
#16103=CARTESIAN_POINT('Origin',(80.4160897154803,-37.398588347696,94.7298626692724));
#16104=CARTESIAN_POINT('',(80.4276199236822,-38.7648397449854,95.2973930496594));
#16105=CARTESIAN_POINT('',(80.4160897154803,-37.398588347696,94.7298626692724));
#16106=CARTESIAN_POINT('',(80.5256966845821,-37.511283675073,94.532891333019));
#16107=CARTESIAN_POINT('',(80.4276199236822,-38.7648397449854,95.2973930496594));
#16108=CARTESIAN_POINT('Origin',(80.536769268561,-38.8232952877556,95.0778968575854));
#16109=CARTESIAN_POINT('Origin',(80.2423155703029,-37.3091439312367,94.8879569548613));
#16110=CARTESIAN_POINT('',(80.2542090133806,-38.7184439854763,95.4733662115767));
#16111=CARTESIAN_POINT('',(80.2423155703029,-37.3091439312367,94.8879569548613));
#16112=CARTESIAN_POINT('',(80.4160897154803,-37.398588347696,94.7298626692724));
#16113=CARTESIAN_POINT('',(80.2542090133806,-38.7184439854763,95.4733662115767));
#16114=CARTESIAN_POINT('Origin',(80.4276199236822,-38.7648397449854,95.2973930496594));
#16115=CARTESIAN_POINT('Origin',(80.2423155703029,-37.3091439312367,94.8879569548613));
#16116=CARTESIAN_POINT('',(80.0213858573096,-37.2517228215999,94.9917016395325));
#16117=CARTESIAN_POINT('',(80.2542090133806,-38.7184439854763,95.4733662115767));
#16118=CARTESIAN_POINT('',(80.2423155703029,-37.3091439312367,94.8879569548613));
#16119=CARTESIAN_POINT('Origin',(80.0335124586524,-38.688647984935,95.5885872100279));
#16120=CARTESIAN_POINT('',(80.0335124586524,-38.688647984935,95.5885872100279));
#16121=CARTESIAN_POINT('Origin',(80.0213858573096,-37.2517228215999,94.9917016395325));
#16122=CARTESIAN_POINT('',(80.0335124586524,-38.688647984935,95.5885872100279));
#16123=CARTESIAN_POINT('',(80.0213858573096,-37.2517228215999,94.9917016395325));
#16124=CARTESIAN_POINT('Origin',(79.7871330893536,-38.6783642916327,95.6317826283261));
#16125=CARTESIAN_POINT('Origin',(73.8122361746242,-45.9287524021497,70.113939947553));
#16126=CARTESIAN_POINT('',(79.2610917789214,-45.9291743505869,70.0022227084191));
#16127=CARTESIAN_POINT('',(73.8122361746242,-45.9287524021497,70.113939947553));
#16128=CARTESIAN_POINT('',(79.2647099530252,-46.1059661116803,70.1793619342327));
#16129=CARTESIAN_POINT('',(79.2647099530252,-46.1059661116803,70.1793619342327));
#16130=CARTESIAN_POINT('',(73.815854348728,-46.1055441632431,70.2910791733666));
#16131=CARTESIAN_POINT('Origin',(79.2647099530252,-46.1059661116803,70.1793619342327));
#16132=CARTESIAN_POINT('',(79.2692751628371,-46.2193651839293,70.4024521020806));
#16133=CARTESIAN_POINT('',(79.2692751628371,-46.2193651839293,70.4024521020806));
#16134=CARTESIAN_POINT('',(73.82041955854,-46.218943235492,70.5141693412145));
#16135=CARTESIAN_POINT('Origin',(79.2692751628371,-46.2193651839293,70.4024521020806));
#16136=CARTESIAN_POINT('',(79.2743405534532,-46.2582466808239,70.6496564569998));
#16137=CARTESIAN_POINT('Origin',(80.0350549978425,-45.7055085927644,70.6334628760073));
#16138=CARTESIAN_POINT('',(80.0350549978425,-45.7055085927644,70.6334628760073));
#16139=CARTESIAN_POINT('',(80.4278862523075,-45.6848257082073,89.7931921346137));
#16140=CARTESIAN_POINT('',(80.0350549978425,-45.7055085927644,70.6334628760073));
#16141=CARTESIAN_POINT('',(80.0350549978425,-45.7055085927644,70.6334628760073));
#16142=CARTESIAN_POINT('',(80.4278862523075,-45.6848257082073,89.7931921346137));
#16143=CARTESIAN_POINT('Origin',(79.9214362498159,-45.9285259403846,70.6360331439222));
#16144=CARTESIAN_POINT('',(79.9214362498159,-45.9285259403846,70.6360331439222));
#16145=CARTESIAN_POINT('',(80.3145671909269,-45.9078272770822,89.8103791493749));
#16146=CARTESIAN_POINT('',(79.9214362498159,-45.9285259403846,70.6360331439222));
#16147=CARTESIAN_POINT('',(79.9214362498159,-45.9285259403846,70.6360331439222));
#16148=CARTESIAN_POINT('',(80.3145671909269,-45.9078272770822,89.8103791493749));
#16149=CARTESIAN_POINT('Origin',(79.7444783903295,-46.1054950139121,70.6398523424015));
#16150=CARTESIAN_POINT('',(79.7444783903295,-46.1054950139121,70.6398523424015));
#16151=CARTESIAN_POINT('',(80.1378470965307,-46.0847838320846,89.8257949677835));
#16152=CARTESIAN_POINT('',(79.7444783903295,-46.1054950139121,70.6398523424015));
#16153=CARTESIAN_POINT('',(79.7444783903295,-46.1054950139121,70.6398523424015));
#16154=CARTESIAN_POINT('',(80.1378470965307,-46.0847838320846,89.8257949677835));
#16155=CARTESIAN_POINT('Origin',(79.7444783903295,-46.1054950139121,70.6398523424015));
#16156=CARTESIAN_POINT('',(79.5215046133568,-46.2191175127741,70.6445466211324));
#16157=CARTESIAN_POINT('',(79.5215046133568,-46.2191175127741,70.6445466211324));
#16158=CARTESIAN_POINT('',(79.9150259974904,-46.1983982923295,89.8379358735768));
#16159=CARTESIAN_POINT('',(79.9150259974904,-46.1983982923295,89.8379358735768));
#16160=CARTESIAN_POINT('',(79.5215046133568,-46.2191175127741,70.6445466211324));
#16161=CARTESIAN_POINT('Origin',(79.5215046133568,-46.2191175127741,70.6445466211324));
#16162=CARTESIAN_POINT('',(79.2743405534532,-46.2582466808239,70.6496564569998));
#16163=CARTESIAN_POINT('',(79.6679145244804,-46.2375246916367,89.8456105528244));
#16164=CARTESIAN_POINT('Origin',(80.4953517258692,-45.2522784785268,91.1719381429878));
#16165=CARTESIAN_POINT('',(80.4575140382647,-45.4930561037936,91.2375225881976));
#16166=CARTESIAN_POINT('Origin',(80.4278862523075,-45.6848257082073,89.7931921346137));
#16167=CARTESIAN_POINT('',(80.4278862523075,-45.6848257082073,89.7931921346137));
#16168=CARTESIAN_POINT('Origin',(80.4575140382647,-45.4930561037936,91.2375225881976));
#16169=CARTESIAN_POINT('',(80.3450890270912,-45.7102695008854,91.2982938179734));
#16170=CARTESIAN_POINT('Origin',(80.3145671909269,-45.9078272770822,89.8103791493749));
#16171=CARTESIAN_POINT('',(80.3145671909269,-45.9078272770822,89.8103791493749));
#16172=CARTESIAN_POINT('Origin',(80.3450890270912,-45.7102695008854,91.2982938179734));
#16173=CARTESIAN_POINT('',(80.3145671909269,-45.9078272770822,89.8103791493749));
#16174=CARTESIAN_POINT('Origin',(80.1378470965307,-46.0847838320846,89.8257949677835));
#16175=CARTESIAN_POINT('',(80.1378470965307,-46.0847838320846,89.8257949677835));
#16176=CARTESIAN_POINT('Origin',(79.9467129304387,-45.99328331892,91.3826480019261));
#16177=CARTESIAN_POINT('',(79.9150259974904,-46.1983982923295,89.8379358735768));
#16178=CARTESIAN_POINT('',(79.9150259974904,-46.1983982923295,89.8379358735768));
#16179=CARTESIAN_POINT('Origin',(80.1378470965307,-46.0847838320846,89.8257949677835));
#16180=CARTESIAN_POINT('Origin',(79.6997584426324,-46.0314000982972,91.3979756065972));
#16181=CARTESIAN_POINT('',(79.6679145244804,-46.2375246916367,89.8456105528244));
#16182=CARTESIAN_POINT('Origin',(79.9150259974904,-46.1983982923295,89.8379358735768));
#16183=CARTESIAN_POINT('Origin',(79.7219212852972,-38.2220310940789,55.3325295609286));
#16184=CARTESIAN_POINT('',(79.8422736610367,-39.3224395502918,69.8303559300915));
#16185=CARTESIAN_POINT('',(80.0304020568059,-38.2057893309486,70.3781961070951));
#16186=CARTESIAN_POINT('Origin',(79.2583562431313,-38.7591144880931,69.8417198602187));
#16187=CARTESIAN_POINT('',(79.2579858543134,-45.459111328789,69.8489600857783));
#16188=CARTESIAN_POINT('',(79.2579858543134,-45.459111328789,69.8489600857783));
#16189=CARTESIAN_POINT('',(79.5059503782559,-45.4590882094817,69.8830394899468));
#16190=CARTESIAN_POINT('',(79.5059503782559,-45.4590882094817,69.8830394899468));
#16191=CARTESIAN_POINT('',(79.2579858543134,-45.459111328789,69.8489600857783));
#16192=CARTESIAN_POINT('Origin',(79.5063229317953,-38.7199335242775,69.8757569491991));
#16193=CARTESIAN_POINT('',(79.731247164488,-45.4589828365485,69.992075558421));
#16194=CARTESIAN_POINT('',(79.731247164488,-45.4589828365485,69.992075558421));
#16195=CARTESIAN_POINT('',(79.5059503782559,-45.4590882094817,69.8830394899468));
#16196=CARTESIAN_POINT('Origin',(79.7316259991996,-38.6062074598023,69.9846702356102));
#16197=CARTESIAN_POINT('',(79.9118231980782,-45.4588055241144,70.1653955857553));
#16198=CARTESIAN_POINT('',(79.9118231980782,-45.4588055241144,70.1653955857553));
#16199=CARTESIAN_POINT('',(79.731247164488,-45.4589828365485,69.992075558421));
#16200=CARTESIAN_POINT('Origin',(79.9118231980782,-45.4588055241144,70.1653955857553));
#16201=CARTESIAN_POINT('',(80.0300011088255,-45.4585736287991,70.3860336920224));
#16202=CARTESIAN_POINT('',(79.9118231980782,-45.4588055241144,70.1653955857553));
#16203=CARTESIAN_POINT('',(80.0300011088255,-45.4585736287991,70.3860336920224));
#16204=CARTESIAN_POINT('Origin',(80.0300011088255,-45.4585736287991,70.3860336920224));
#16205=CARTESIAN_POINT('',(80.0300011088255,-45.4585736287991,70.3860336920224));
#16206=CARTESIAN_POINT('Origin',(79.2096773669733,-34.3138757180748,55.3906337030302));
#16207=CARTESIAN_POINT('',(79.2586050121338,-34.2591094930454,69.8368570144655));
#16208=CARTESIAN_POINT('',(79.5057647431213,-34.2982864772746,69.8318317986685));
#16209=CARTESIAN_POINT('',(78.7118440036191,-34.1724430797017,69.8479736799763));
#16210=CARTESIAN_POINT('',(78.9630287698388,-34.2746718222332,55.4205886720708));
#16211=CARTESIAN_POINT('',(79.915685051878,-34.2767038401314,89.825052918713));
#16212=CARTESIAN_POINT('',(79.915685051878,-34.2767038401314,89.825052918713));
#16213=CARTESIAN_POINT('',(79.2096773669733,-34.3138757180748,55.3906337030302));
#16214=CARTESIAN_POINT('Origin',(79.4321774422867,-34.4275570284954,55.3636937845624));
#16215=CARTESIAN_POINT('',(79.7287259556409,-34.4119435084468,69.8273831252867));
#16216=CARTESIAN_POINT('',(79.6903789763635,-34.3923956966555,69.828148250234));
#16217=CARTESIAN_POINT('',(80.1384935864652,-34.3903689099207,89.8131576182687));
#16218=CARTESIAN_POINT('',(80.1384935864652,-34.3903689099207,89.8131576182687));
#16219=CARTESIAN_POINT('',(79.4321774422867,-34.4275570284954,55.3636937845624));
#16220=CARTESIAN_POINT('Origin',(79.608749800446,-34.6045727737223,55.3424092625516));
#16221=CARTESIAN_POINT('',(79.9056642472252,-34.5889399869818,69.8239464330232));
#16222=CARTESIAN_POINT('',(80.4915083334424,-35.1749767306539,69.8125675176925));
#16223=CARTESIAN_POINT('',(80.3151941129592,-34.5673779069808,89.7981243060758));
#16224=CARTESIAN_POINT('',(80.3151941129592,-34.5673779069808,89.7981243060758));
#16225=CARTESIAN_POINT('',(79.608749800446,-34.6045727737223,55.3424092625516));
#16226=CARTESIAN_POINT('Origin',(79.7221089359745,-34.8276010133404,55.3288614339107));
#16227=CARTESIAN_POINT('',(80.0192583376706,-34.8119558560326,69.821858162514));
#16228=CARTESIAN_POINT('',(80.7459295943455,-36.2386077283805,69.8084993148022));
#16229=CARTESIAN_POINT('',(80.4284885167587,-34.7904095547769,89.7814192887205));
#16230=CARTESIAN_POINT('',(80.4284885167587,-34.7904095547769,89.7814192887205));
#16231=CARTESIAN_POINT('',(79.7221089359745,-34.8276010133404,55.3288614339107));
#16232=CARTESIAN_POINT('Origin',(79.761161567038,-35.0748386923534,55.3243773956235));
#16233=CARTESIAN_POINT('',(80.4020901731863,-37.2305641746252,69.8166198570976));
#16234=CARTESIAN_POINT('',(80.4672899672095,-35.0376604586533,89.7646843093999));
#16235=CARTESIAN_POINT('Origin',(79.7003992213081,-34.4402966543501,91.3854498986881));
#16236=CARTESIAN_POINT('',(79.9473494914395,-34.4784737756222,91.3702047395857));
#16237=CARTESIAN_POINT('',(79.9473494914395,-34.4784737756222,91.3702047395857));
#16238=CARTESIAN_POINT('',(79.9473494914395,-34.4784737756222,91.3702047395857));
#16239=CARTESIAN_POINT('Origin',(79.915685051878,-34.2767038401314,89.825052918713));
#16240=CARTESIAN_POINT('',(79.9473494914395,-34.4784737756222,91.3702047395857));
#16241=CARTESIAN_POINT('Origin',(79.9473494914395,-34.4784737756222,91.3702047395857));
#16242=CARTESIAN_POINT('',(80.1697028426014,-34.5892255045631,91.3360974863884));
#16243=CARTESIAN_POINT('',(80.1697028426014,-34.5892255045631,91.3360974863884));
#16244=CARTESIAN_POINT('',(80.1697028426014,-34.5892255045631,91.3360974863884));
#16245=CARTESIAN_POINT('Origin',(80.1384935864652,-34.3903689099207,89.8131576182687));
#16246=CARTESIAN_POINT('',(80.1697028426014,-34.5892255045631,91.3360974863884));
#16247=CARTESIAN_POINT('Origin',(80.1384935864652,-34.3903689099207,89.8131576182687));
#16248=CARTESIAN_POINT('',(80.1697028426014,-34.5892255045631,91.3360974863884));
#16249=CARTESIAN_POINT('Origin',(80.3456942834555,-34.761732361682,91.2864624872549));
#16250=CARTESIAN_POINT('',(80.3456942834555,-34.761732361682,91.2864624872549));
#16251=CARTESIAN_POINT('',(80.3456942834555,-34.761732361682,91.2864624872549));
#16252=CARTESIAN_POINT('',(80.3456942834555,-34.761732361682,91.2864624872549));
#16253=CARTESIAN_POINT('Origin',(80.3151941129592,-34.5673779069808,89.7981243060758));
#16254=CARTESIAN_POINT('',(80.4284885167587,-34.7904095547769,89.7814192887205));
#16255=CARTESIAN_POINT('Origin',(80.4580952718079,-34.9790699492134,91.2261608468268));
#16256=CARTESIAN_POINT('',(80.4580952718079,-34.9790699492134,91.2261608468268));
#16257=CARTESIAN_POINT('',(80.4580952718079,-34.9790699492134,91.2261608468268));
#16258=CARTESIAN_POINT('',(80.4580952718079,-34.9790699492134,91.2261608468268));
#16259=CARTESIAN_POINT('Origin',(80.4284885167587,-34.7904095547769,89.7814192887205));
#16260=CARTESIAN_POINT('',(80.4672899672095,-35.0376604586533,89.7646843093999));
#16261=CARTESIAN_POINT('Origin',(80.495906329541,-35.2200024759087,91.1610969526317));
#16262=CARTESIAN_POINT('',(80.495906329541,-35.2200024759087,91.1610969526317));
#16263=CARTESIAN_POINT('Origin',(79.7300293938812,-35.0381378875076,92.8328790627897));
#16264=CARTESIAN_POINT('',(79.9767846363297,-35.0723770792788,92.8081068217915));
#16265=CARTESIAN_POINT('',(79.9767846363297,-35.0723770792788,92.8081068217915));
#16266=CARTESIAN_POINT('',(79.9767846363297,-35.0723770792788,92.8081068217915));
#16267=CARTESIAN_POINT('Origin',(79.9473494914395,-34.4784737756222,91.3702047395857));
#16268=CARTESIAN_POINT('',(79.9767846363297,-35.0723770792788,92.8081068217915));
#16269=CARTESIAN_POINT('Origin',(79.9767846363297,-35.0723770792788,92.8081068217915));
#16270=CARTESIAN_POINT('',(80.1985719426052,-35.1717145591547,92.7463483922871));
#16271=CARTESIAN_POINT('',(80.1985719426052,-35.1717145591547,92.7463483922871));
#16272=CARTESIAN_POINT('',(80.1985719426052,-35.1717145591547,92.7463483922871));
#16273=CARTESIAN_POINT('Origin',(80.1697028426014,-34.5892255045631,91.3360974863884));
#16274=CARTESIAN_POINT('',(80.1985719426052,-35.1717145591547,92.7463483922871));
#16275=CARTESIAN_POINT('Origin',(80.1697028426014,-34.5892255045631,91.3360974863884));
#16276=CARTESIAN_POINT('',(80.1985719426052,-35.1717145591547,92.7463483922871));
#16277=CARTESIAN_POINT('Origin',(80.373681828334,-35.3264341834976,92.6536495659656));
#16278=CARTESIAN_POINT('',(80.373681828334,-35.3264341834976,92.6536495659656));
#16279=CARTESIAN_POINT('',(80.373681828334,-35.3264341834976,92.6536495659656));
#16280=CARTESIAN_POINT('',(80.373681828334,-35.3264341834976,92.6536495659656));
#16281=CARTESIAN_POINT('Origin',(80.3456942834555,-34.761732361682,91.2864624872549));
#16282=CARTESIAN_POINT('',(80.373681828334,-35.3264341834976,92.6536495659656));
#16283=CARTESIAN_POINT('Origin',(80.4849720132148,-35.5213426939708,92.5390852917418));
#16284=CARTESIAN_POINT('',(80.4849720132148,-35.5213426939708,92.5390852917418));
#16285=CARTESIAN_POINT('',(80.4849720132148,-35.5213426939708,92.5390852917418));
#16286=CARTESIAN_POINT('',(80.4849720132148,-35.5213426939708,92.5390852917418));
#16287=CARTESIAN_POINT('Origin',(80.4580952718079,-34.9790699492134,91.2261608468268));
#16288=CARTESIAN_POINT('',(80.4849720132148,-35.5213426939708,92.5390852917418));
#16289=CARTESIAN_POINT('Origin',(80.5215516861206,-35.7374301680192,92.4138684480106));
#16290=CARTESIAN_POINT('',(80.5215516861206,-35.7374301680192,92.4138684480106));
#16291=CARTESIAN_POINT('Origin',(79.7554491676398,-35.9902988373158,94.0762900225176));
#16292=CARTESIAN_POINT('',(80.0020370751783,-36.0182716843423,94.0433325824931));
#16293=CARTESIAN_POINT('',(80.0020370751783,-36.0182716843423,94.0433325824931));
#16294=CARTESIAN_POINT('',(80.0020370751783,-36.0182716843423,94.0433325824931));
#16295=CARTESIAN_POINT('Origin',(79.9767846363297,-35.0723770792788,92.8081068217915));
#16296=CARTESIAN_POINT('',(80.0020370751783,-36.0182716843423,94.0433325824931));
#16297=CARTESIAN_POINT('Origin',(80.0020370751783,-36.0182716843423,94.0433325824931));
#16298=CARTESIAN_POINT('',(80.2233388130408,-36.0994196140273,93.9578225167934));
#16299=CARTESIAN_POINT('',(80.2233388130408,-36.0994196140273,93.9578225167934));
#16300=CARTESIAN_POINT('',(80.2233388130408,-36.0994196140273,93.9578225167934));
#16301=CARTESIAN_POINT('Origin',(80.1985719426052,-35.1717145591547,92.7463483922871));
#16302=CARTESIAN_POINT('',(80.2233388130408,-36.0994196140273,93.9578225167934));
#16303=CARTESIAN_POINT('Origin',(80.1985719426052,-35.1717145591547,92.7463483922871));
#16304=CARTESIAN_POINT('',(80.2233388130408,-36.0994196140273,93.9578225167934));
#16305=CARTESIAN_POINT('Origin',(80.3976923996289,-36.22581688312,93.8281292622477));
#16306=CARTESIAN_POINT('',(80.3976923996289,-36.22581688312,93.8281292622477));
#16307=CARTESIAN_POINT('',(80.3976923996289,-36.22581688312,93.8281292622477));
#16308=CARTESIAN_POINT('',(80.3976923996289,-36.22581688312,93.8281292622477));
#16309=CARTESIAN_POINT('Origin',(80.373681828334,-35.3264341834976,92.6536495659656));
#16310=CARTESIAN_POINT('',(80.3976923996289,-36.22581688312,93.8281292622477));
#16311=CARTESIAN_POINT('Origin',(80.5080295892691,-36.385051054569,93.666949208494));
#16312=CARTESIAN_POINT('',(80.5080295892691,-36.385051054569,93.666949208494));
#16313=CARTESIAN_POINT('',(80.5080295892691,-36.385051054569,93.666949208494));
#16314=CARTESIAN_POINT('',(80.5080295892691,-36.385051054569,93.666949208494));
#16315=CARTESIAN_POINT('Origin',(80.4849720132148,-35.5213426939708,92.5390852917418));
#16316=CARTESIAN_POINT('',(80.5080295892691,-36.385051054569,93.666949208494));
#16317=CARTESIAN_POINT('Origin',(80.5435528732257,-36.5615595823284,93.4900589510074));
#16318=CARTESIAN_POINT('',(80.5435528732257,-36.5615595823284,93.4900589510074));
#16319=CARTESIAN_POINT('Origin',(80.0020370751783,-36.0182716843423,94.0433325824931));
#16320=CARTESIAN_POINT('',(80.0213858573096,-37.2517228215999,94.9917016395325));
#16321=CARTESIAN_POINT('',(80.0213858573096,-37.2517228215999,94.9917016395325));
#16322=CARTESIAN_POINT('Origin',(79.7749261300498,-37.2319257228059,95.0309417766549));
#16323=CARTESIAN_POINT('Origin',(80.2233388130408,-36.0994196140273,93.9578225167934));
#16324=CARTESIAN_POINT('',(80.2423155703029,-37.3091439312367,94.8879569548613));
#16325=CARTESIAN_POINT('',(80.2423155703029,-37.3091439312367,94.8879569548613));
#16326=CARTESIAN_POINT('Origin',(80.0213858573096,-37.2517228215999,94.9917016395325));
#16327=CARTESIAN_POINT('Origin',(80.2233388130408,-36.0994196140273,93.9578225167934));
#16328=CARTESIAN_POINT('',(80.2423155703029,-37.3091439312367,94.8879569548613));
#16329=CARTESIAN_POINT('Origin',(80.4160897154803,-37.398588347696,94.7298626692724));
#16330=CARTESIAN_POINT('',(80.4160897154803,-37.398588347696,94.7298626692724));
#16331=CARTESIAN_POINT('Origin',(80.3976923996289,-36.22581688312,93.8281292622477));
#16332=CARTESIAN_POINT('',(80.4160897154803,-37.398588347696,94.7298626692724));
#16333=CARTESIAN_POINT('Origin',(80.5256966845821,-37.511283675073,94.532891333019));
#16334=CARTESIAN_POINT('',(80.5256966845821,-37.511283675073,94.532891333019));
#16335=CARTESIAN_POINT('Origin',(80.5080295892691,-36.385051054569,93.666949208494));
#16336=CARTESIAN_POINT('',(80.5256966845821,-37.511283675073,94.532891333019));
#16337=CARTESIAN_POINT('Origin',(80.5604105616643,-37.6361839983594,94.3163284411311));
#16338=CARTESIAN_POINT('Origin',(79.5215046133568,-46.2191175127741,70.6445466211324));
#16339=CARTESIAN_POINT('',(79.5166871461574,-46.182120767765,70.4094415104982));
#16340=CARTESIAN_POINT('',(79.2743405534532,-46.2582466808239,70.6496564569998));
#16341=CARTESIAN_POINT('',(79.5215046133568,-46.2191175127741,70.6445466211324));
#16342=CARTESIAN_POINT('Origin',(79.2692751628371,-46.2193651839293,70.4024521020806));
#16343=CARTESIAN_POINT('',(79.2692751628371,-46.2193651839293,70.4024521020806));
#16344=CARTESIAN_POINT('Origin',(79.7403804039269,-46.0740393629014,70.4398598523244));
#16345=CARTESIAN_POINT('',(79.7366870722404,-45.9822999371186,70.2593761550711));
#16346=CARTESIAN_POINT('',(79.5166871461574,-46.182120767765,70.4094415104982));
#16347=CARTESIAN_POINT('',(79.7403804039269,-46.0740393629014,70.4398598523244));
#16348=CARTESIAN_POINT('',(79.7403804039269,-46.0740393629014,70.4398598523244));
#16349=CARTESIAN_POINT('',(79.5166871461574,-46.182120767765,70.4094415104982));
#16350=CARTESIAN_POINT('Origin',(79.5123453665884,-46.074288906979,70.1972698742649));
#16351=CARTESIAN_POINT('',(79.5123453665884,-46.074288906979,70.1972698742649));
#16352=CARTESIAN_POINT('',(79.5166871461574,-46.182120767765,70.4094415104982));
#16353=CARTESIAN_POINT('',(79.5123453665884,-46.074288906979,70.1972698742649));
#16354=CARTESIAN_POINT('Origin',(79.5166871461574,-46.182120767765,70.4094415104982));
#16355=CARTESIAN_POINT('',(79.2692751628371,-46.2193651839293,70.4024521020806));
#16356=CARTESIAN_POINT('Origin',(79.2647099530252,-46.1059661116803,70.1793619342327));
#16357=CARTESIAN_POINT('',(79.2647099530252,-46.1059661116803,70.1793619342327));
#16358=CARTESIAN_POINT('Origin',(79.7366870722404,-45.9822999371186,70.2593761550711));
#16359=CARTESIAN_POINT('',(79.733759908985,-45.8392603566463,70.1160675183702));
#16360=CARTESIAN_POINT('',(79.5123453665884,-46.074288906979,70.1972698742649));
#16361=CARTESIAN_POINT('',(79.7366870722404,-45.9822999371186,70.2593761550711));
#16362=CARTESIAN_POINT('Origin',(79.5089042805983,-45.9061376178622,70.0288005135713));
#16363=CARTESIAN_POINT('',(79.5089042805983,-45.9061376178622,70.0288005135713));
#16364=CARTESIAN_POINT('',(79.5123453665884,-46.074288906979,70.1972698742649));
#16365=CARTESIAN_POINT('',(79.5089042805983,-45.9061376178622,70.0288005135713));
#16366=CARTESIAN_POINT('Origin',(79.5123453665884,-46.074288906979,70.1972698742649));
#16367=CARTESIAN_POINT('',(79.2647099530252,-46.1059661116803,70.1793619342327));
#16368=CARTESIAN_POINT('Origin',(79.2610917789214,-45.9291743505869,70.0022227084191));
#16369=CARTESIAN_POINT('',(79.2610917789214,-45.9291743505869,70.0022227084191));
#16370=CARTESIAN_POINT('Origin',(79.733759908985,-45.8392603566463,70.1160675183702));
#16371=CARTESIAN_POINT('',(79.7318854416652,-45.6589435724383,70.0239618932611));
#16372=CARTESIAN_POINT('',(79.5089042805983,-45.9061376178622,70.0288005135713));
#16373=CARTESIAN_POINT('',(79.733759908985,-45.8392603566463,70.1160675183702));
#16374=CARTESIAN_POINT('Origin',(79.5067007095356,-45.6941572112009,69.9205237119806));
#16375=CARTESIAN_POINT('',(79.5067007095356,-45.6941572112009,69.9205237119806));
#16376=CARTESIAN_POINT('',(79.5089042805983,-45.9061376178622,70.0288005135713));
#16377=CARTESIAN_POINT('',(79.5067007095356,-45.6941572112009,69.9205237119806));
#16378=CARTESIAN_POINT('Origin',(79.5089042805983,-45.9061376178622,70.0288005135713));
#16379=CARTESIAN_POINT('',(79.2610917789214,-45.9291743505869,70.0022227084191));
#16380=CARTESIAN_POINT('Origin',(79.2587748167533,-45.7062708446021,69.8883741548799));
#16381=CARTESIAN_POINT('',(79.2587748167533,-45.7062708446021,69.8883741548799));
#16382=CARTESIAN_POINT('',(79.2610917789214,-45.9291743505869,70.0022227084191));
#16383=CARTESIAN_POINT('',(79.2587748167533,-45.7062708446021,69.8883741548799));
#16384=CARTESIAN_POINT('Origin',(79.7318854416652,-45.6589435724383,70.0239618932611));
#16385=CARTESIAN_POINT('',(79.5067007095356,-45.6941572112009,69.9205237119806));
#16386=CARTESIAN_POINT('',(79.7318854416652,-45.6589435724383,70.0239618932611));
#16387=CARTESIAN_POINT('Origin',(79.5059503782559,-45.4590882094817,69.8830394899468));
#16388=CARTESIAN_POINT('',(79.5067007095356,-45.6941572112009,69.9205237119806));
#16389=CARTESIAN_POINT('Origin',(79.5067007095356,-45.6941572112009,69.9205237119806));
#16390=CARTESIAN_POINT('',(79.2587748167533,-45.7062708446021,69.8883741548799));
#16391=CARTESIAN_POINT('Origin',(79.2579858543134,-45.459111328789,69.8489600857783));
#16392=CARTESIAN_POINT('',(79.2587748167533,-45.7062708446021,69.8883741548799));
#16393=CARTESIAN_POINT('Origin',(80.0309608932823,-45.6038339429436,70.4333945050899));
#16394=CARTESIAN_POINT('',(79.9136488140964,-45.7351023280434,70.2554810654459));
#16395=CARTESIAN_POINT('',(80.0320789827583,-45.6584585687507,70.4881341041935));
#16396=CARTESIAN_POINT('',(79.9136488140964,-45.7351023280434,70.2554810654459));
#16397=CARTESIAN_POINT('',(80.0309608932823,-45.6038339429436,70.4333945050899));
#16398=CARTESIAN_POINT('',(79.9136488140964,-45.7351023280434,70.2554810654459));
#16399=CARTESIAN_POINT('',(80.0320789827583,-45.6584585687507,70.4881341041935));
#16400=CARTESIAN_POINT('Origin',(79.9157755210036,-45.8390072492389,70.3596007291543));
#16401=CARTESIAN_POINT('',(79.9157755210036,-45.8390072492389,70.3596007291543));
#16402=CARTESIAN_POINT('',(79.9157755210036,-45.8390072492389,70.3596007291543));
#16403=CARTESIAN_POINT('',(79.9157755210036,-45.8390072492389,70.3596007291543));
#16404=CARTESIAN_POINT('Origin',(80.0320789827583,-45.6584585687507,70.4881341041935));
#16405=CARTESIAN_POINT('',(80.0334897034298,-45.6934984587306,70.5570724195624));
#16406=CARTESIAN_POINT('',(79.9157755210036,-45.8390072492389,70.3596007291543));
#16407=CARTESIAN_POINT('',(80.0334897034298,-45.6934984587306,70.5570724195624));
#16408=CARTESIAN_POINT('Origin',(79.9184588977288,-45.9056610828766,70.4907305073537));
#16409=CARTESIAN_POINT('',(79.9184588977288,-45.9056610828766,70.4907305073537));
#16410=CARTESIAN_POINT('',(79.9184588977288,-45.9056610828766,70.4907305073537));
#16411=CARTESIAN_POINT('',(79.9184588977288,-45.9056610828766,70.4907305073537));
#16412=CARTESIAN_POINT('Origin',(79.9157755210036,-45.8390072492389,70.3596007291543));
#16413=CARTESIAN_POINT('',(79.7366870722404,-45.9822999371186,70.2593761550711));
#16414=CARTESIAN_POINT('',(79.7366870722404,-45.9822999371186,70.2593761550711));
#16415=CARTESIAN_POINT('Origin',(79.7403804039269,-46.0740393629014,70.4398598523244));
#16416=CARTESIAN_POINT('',(79.7403804039269,-46.0740393629014,70.4398598523244));
#16417=CARTESIAN_POINT('Origin',(79.9136488140964,-45.7351023280434,70.2554810654459));
#16418=CARTESIAN_POINT('',(79.733759908985,-45.8392603566463,70.1160675183702));
#16419=CARTESIAN_POINT('',(79.733759908985,-45.8392603566463,70.1160675183702));
#16420=CARTESIAN_POINT('Origin',(79.7366870722404,-45.9822999371186,70.2593761550711));
#16421=CARTESIAN_POINT('Origin',(80.0334897034298,-45.6934984587306,70.5570724195624));
#16422=CARTESIAN_POINT('',(80.0350549978425,-45.7055085927644,70.6334628760073));
#16423=CARTESIAN_POINT('',(80.0334897034298,-45.6934984587306,70.5570724195624));
#16424=CARTESIAN_POINT('Origin',(80.0334897034298,-45.6934984587306,70.5570724195624));
#16425=CARTESIAN_POINT('',(79.9184588977288,-45.9056610828766,70.4907305073537));
#16426=CARTESIAN_POINT('Origin',(79.9214362498159,-45.9285259403846,70.6360331439222));
#16427=CARTESIAN_POINT('',(79.9214362498159,-45.9285259403846,70.6360331439222));
#16428=CARTESIAN_POINT('Origin',(80.0320789827583,-45.6584585687507,70.4881341041935));
#16429=CARTESIAN_POINT('',(80.0320789827583,-45.6584585687507,70.4881341041935));
#16430=CARTESIAN_POINT('Origin',(80.0302449147373,-45.5349403011936,70.3982134237937));
#16431=CARTESIAN_POINT('',(80.0309608932823,-45.6038339429436,70.4333945050899));
#16432=CARTESIAN_POINT('',(80.0302449147373,-45.5349403011936,70.3982134237937));
#16433=CARTESIAN_POINT('',(80.0309608932823,-45.6038339429436,70.4333945050899));
#16434=CARTESIAN_POINT('',(80.0302449147373,-45.5349403011936,70.3982134237937));
#16435=CARTESIAN_POINT('Origin',(80.0302449147373,-45.5349403011936,70.3982134237937));
#16436=CARTESIAN_POINT('',(79.9122869319811,-45.6040919557233,70.1885623098804));
#16437=CARTESIAN_POINT('',(79.9122869319811,-45.6040919557233,70.1885623098804));
#16438=CARTESIAN_POINT('',(79.9122869319811,-45.6040919557233,70.1885623098804));
#16439=CARTESIAN_POINT('Origin',(79.9136488140964,-45.7351023280434,70.2554810654459));
#16440=CARTESIAN_POINT('',(79.9136488140964,-45.7351023280434,70.2554810654459));
#16441=CARTESIAN_POINT('Origin',(79.9122869319811,-45.6040919557233,70.1885623098804));
#16442=CARTESIAN_POINT('',(79.9136488140964,-45.7351023280434,70.2554810654459));
#16443=CARTESIAN_POINT('',(79.7318854416652,-45.6589435724383,70.0239618932611));
#16444=CARTESIAN_POINT('Origin',(79.733759908985,-45.8392603566463,70.1160675183702));
#16445=CARTESIAN_POINT('Origin',(80.0300011088255,-45.4585736287991,70.3860336920224));
#16446=CARTESIAN_POINT('',(80.0302449147373,-45.5349403011936,70.3982134237937));
#16447=CARTESIAN_POINT('Origin',(80.0300011088255,-45.4585736287991,70.3860336920224));
#16448=CARTESIAN_POINT('',(80.0302449147373,-45.5349403011936,70.3982134237937));
#16449=CARTESIAN_POINT('Origin',(79.9122869319811,-45.6040919557233,70.1885623098804));
#16450=CARTESIAN_POINT('',(79.9122869319811,-45.6040919557233,70.1885623098804));
#16451=CARTESIAN_POINT('Origin',(79.9122869319811,-45.6040919557233,70.1885623098804));
#16452=CARTESIAN_POINT('',(79.7318854416652,-45.6589435724383,70.0239618932611));
#16453=CARTESIAN_POINT('Origin',(79.731247164488,-45.4589828365485,69.992075558421));
#16454=CARTESIAN_POINT('Origin',(79.9214362498159,-45.9285259403846,70.6360331439222));
#16455=CARTESIAN_POINT('',(79.7444783903295,-46.1054950139121,70.6398523424015));
#16456=CARTESIAN_POINT('Origin',(79.7403804039269,-46.0740393629014,70.4398598523244));
#16457=CARTESIAN_POINT('',(79.7444783903295,-46.1054950139121,70.6398523424015));
#16458=CARTESIAN_POINT('Origin',(79.7444783903295,-46.1054950139121,70.6398523424015));
#16459=CARTESIAN_POINT('',(79.5215046133568,-46.2191175127741,70.6445466211324));
#16460=CARTESIAN_POINT('Origin',(79.5166871461574,-46.182120767765,70.4094415104982));
#16461=CARTESIAN_POINT('Origin',(80.0309608932823,-45.6038339429436,70.4333945050899));
#16462=CARTESIAN_POINT('Origin',(79.668577907784,-34.2375240871596,89.83264297789));
#16463=CARTESIAN_POINT('',(61.399857225645,-34.2577265474756,70.2030127987225));
#16464=CARTESIAN_POINT('Origin',(76.9337610886149,-40.2589297897241,69.8910000000719));
#16465=CARTESIAN_POINT('',(73.8091302500163,-45.4586893803519,69.9606773249122));
#16466=CARTESIAN_POINT('Origin',(73.8091302500163,-45.4586893803519,69.9606773249122));
#16467=CARTESIAN_POINT('',(73.8099192124561,-45.7058488961649,70.0000913940138));
#16468=CARTESIAN_POINT('Origin',(73.8099192124561,-45.7058488961649,70.0000913940138));
#16469=CARTESIAN_POINT('Origin',(77.5461572330974,-39.8859630743255,44.8780414467523));
#16470=CARTESIAN_POINT('',(76.0592741890294,-34.2858774915279,44.9024816776922));
#16471=CARTESIAN_POINT('',(76.058656524692,-45.4588635791497,44.914555554945));
#16472=CARTESIAN_POINT('',(76.0589439908605,-40.2588620456446,44.9089362710993));
#16473=CARTESIAN_POINT('',(78.7456292057822,-45.459071652919,44.8594648732754));
#16474=CARTESIAN_POINT('',(73.8091302500163,-45.4586893803519,44.9606773249122));
#16475=CARTESIAN_POINT('',(78.7456277122992,-45.4860874010407,44.8594940673355));
#16476=CARTESIAN_POINT('',(78.7459676970063,-39.3360732716146,44.8528481702477));
#16477=CARTESIAN_POINT('',(75.5462983826777,-45.4858396514014,44.9250895365022));
#16478=CARTESIAN_POINT('',(78.1457376824002,-45.4860409467614,44.8717935413519));
#16479=CARTESIAN_POINT('',(75.5469175404981,-34.2858378156578,44.9129864651893));
#16480=CARTESIAN_POINT('',(75.5464531729759,-42.6858239423232,44.9220637521942));
#16481=CARTESIAN_POINT('',(76.5466921754098,-34.2859152361981,44.8924882046224));
#16482=CARTESIAN_POINT('Origin',(80.0192583376706,-34.8119558560326,69.821858162514));
#16483=CARTESIAN_POINT('',(79.5069001956564,-34.8389319282843,44.8323921440712));
#16484=CARTESIAN_POINT('',(79.5460337841448,-35.0861653448233,44.8318566774001));
#16485=CARTESIAN_POINT('',(79.8939125372988,-37.2839513390486,44.8270966365993));
#16486=CARTESIAN_POINT('',(80.0192583376706,-34.8119558560326,69.821858162514));
#16487=CARTESIAN_POINT('',(80.0192583376706,-34.8119558560326,69.821858162514));
#16488=CARTESIAN_POINT('',(80.058391926159,-35.0591892725716,69.8213226958429));
#16489=CARTESIAN_POINT('',(80.4020901731863,-37.2305641746252,69.8166198570976));
#16490=CARTESIAN_POINT('',(80.058391926159,-35.0591892725716,69.8213226958429));
#16491=CARTESIAN_POINT('Origin',(79.9056642472251,-34.5889399869817,69.8239464330232));
#16492=CARTESIAN_POINT('',(79.3933061052109,-34.6159160592335,44.8344804145804));
#16493=CARTESIAN_POINT('',(80.2809053902665,-36.3585131005881,44.8181631272662));
#16494=CARTESIAN_POINT('',(79.9056642472252,-34.5889399869818,69.8239464330232));
#16495=CARTESIAN_POINT('',(79.9056642472252,-34.5889399869818,69.8239464330232));
#16496=CARTESIAN_POINT('',(80.7459295943455,-36.2386077283805,69.8084993148022));
#16497=CARTESIAN_POINT('Origin',(79.728725955641,-34.4119435084468,69.8273831252867));
#16498=CARTESIAN_POINT('',(79.2163678136267,-34.4389195806985,44.8379171068439));
#16499=CARTESIAN_POINT('',(80.1004818480986,-35.3233243600355,44.8207448608869));
#16500=CARTESIAN_POINT('',(79.7287259556409,-34.4119435084468,69.8273831252867));
#16501=CARTESIAN_POINT('',(79.7287259556409,-34.4119435084468,69.8273831252867));
#16502=CARTESIAN_POINT('',(80.4915083334424,-35.1749767306539,69.8125675176925));
#16503=CARTESIAN_POINT('Origin',(79.5057647431213,-34.2982864772746,69.8318317986685));
#16504=CARTESIAN_POINT('',(78.9934066011071,-34.3252625495263,44.8423657802257));
#16505=CARTESIAN_POINT('',(79.3759240453408,-34.5202551968656,44.8347335326566));
#16506=CARTESIAN_POINT('',(79.5057647431213,-34.2982864772746,69.8318317986685));
#16507=CARTESIAN_POINT('',(79.5057647431213,-34.2982864772746,69.8318317986685));
#16508=CARTESIAN_POINT('',(79.6903789763635,-34.3923956966555,69.828148250234));
#16509=CARTESIAN_POINT('Origin',(79.2586050121337,-34.2591094930454,69.8368570144655));
#16510=CARTESIAN_POINT('',(78.7462468701195,-34.2860855652971,44.8473909960227));
#16511=CARTESIAN_POINT('',(78.3237252716853,-34.2191121876672,44.8559816438701));
#16512=CARTESIAN_POINT('',(79.2586050121338,-34.2591094930454,69.8368570144655));
#16513=CARTESIAN_POINT('',(79.2586050121338,-34.2591094930454,69.8368570144655));
#16514=CARTESIAN_POINT('',(78.7118440036191,-34.1724430797017,69.8479736799763));
#16515=CARTESIAN_POINT('Origin',(76.0592756825123,-34.2588617434061,69.9024524836321));
#16516=CARTESIAN_POINT('',(76.0592756825123,-34.2588617434061,69.9024524836321));
#16517=CARTESIAN_POINT('',(76.0592756825123,-34.2588617434061,69.9024524836321));
#16518=CARTESIAN_POINT('',(61.399857225645,-34.2577265474756,70.2030127987225));
#16519=CARTESIAN_POINT('',(76.2405044136409,-34.2858915256326,44.898765935927));
#16520=CARTESIAN_POINT('Origin',(76.058656524692,-45.4588635791497,69.914555554945));
#16521=CARTESIAN_POINT('',(76.058656524692,-45.4588635791497,69.914555554945));
#16522=CARTESIAN_POINT('',(76.058656524692,-45.4588635791497,69.914555554945));
#16523=CARTESIAN_POINT('',(76.0589439908605,-40.2588620456446,69.9089362710993));
#16524=CARTESIAN_POINT('Origin',(79.2579858543134,-45.4591113287891,69.8489600857783));
#16525=CARTESIAN_POINT('',(79.2579858543134,-45.459111328789,69.8489600857783));
#16526=CARTESIAN_POINT('',(79.2579858543134,-45.459111328789,69.8489600857783));
#16527=CARTESIAN_POINT('',(73.8091302500163,-45.4586893803519,69.9606773249122));
#16528=CARTESIAN_POINT('Origin',(79.2583562431313,-38.7591144880931,69.8417198602187));
#16529=CARTESIAN_POINT('',(78.7459981011171,-38.7860905603448,44.8522538417759));
#16530=CARTESIAN_POINT('',(78.7459573865339,-39.5225803398794,44.8530497156029));
#16531=CARTESIAN_POINT('',(79.2583562431313,-38.7591144880931,69.8417198602187));
#16532=CARTESIAN_POINT('',(79.2583562431313,-38.7591144880931,69.8417198602187));
#16533=CARTESIAN_POINT('',(79.2579858543134,-45.459111328789,69.8489600857783));
#16534=CARTESIAN_POINT('Origin',(79.505520303562,-38.7199757833058,69.8366100140456));
#16535=CARTESIAN_POINT('',(78.9931621615478,-38.7469518555575,44.8471439956027));
#16536=CARTESIAN_POINT('',(77.8718917737282,-38.9245062727295,44.8703250324828));
#16537=CARTESIAN_POINT('',(79.505520303562,-38.7199757833058,69.8366100140455));
#16538=CARTESIAN_POINT('',(79.505520303562,-38.7199757833058,69.8366100140455));
#16539=CARTESIAN_POINT('',(78.0086706360709,-38.9570035985344,69.8675557410735));
#16540=CARTESIAN_POINT('Origin',(79.7284940794804,-38.6063723579189,69.8319157559261));
#16541=CARTESIAN_POINT('',(79.2161359374661,-38.6333484301706,44.8424497374833));
#16542=CARTESIAN_POINT('',(77.9813919484546,-39.2624410041733,44.8684447540364));
#16543=CARTESIAN_POINT('',(79.7284940794804,-38.6063723579189,69.8319157559261));
#16544=CARTESIAN_POINT('',(79.7284940794804,-38.6063723579189,69.8319157559261));
#16545=CARTESIAN_POINT('',(78.1734087175207,-39.3986763997732,69.8646549067827));
#16546=CARTESIAN_POINT('Origin',(79.9054519400212,-38.4293842109162,69.8280965368354));
#16547=CARTESIAN_POINT('',(79.3930937980069,-38.4563602831679,44.8386305183926));
#16548=CARTESIAN_POINT('',(78.32768904707,-39.5219473788753,44.8616247733616));
#16549=CARTESIAN_POINT('',(79.9054519400212,-38.4293842109162,69.8280965368354));
#16550=CARTESIAN_POINT('',(79.9054519400212,-38.4293842109162,69.8280965368354));
#16551=CARTESIAN_POINT('',(78.7052101271755,-39.6298314459901,69.8540009325543));
#16552=CARTESIAN_POINT('Origin',(80.0190706869933,-38.2063859367712,69.8255262895318));
#16553=CARTESIAN_POINT('',(79.5067125449791,-38.2333620090229,44.836060271089));
#16554=CARTESIAN_POINT('',(78.8318503228977,-39.5579067238721,44.8513267905044));
#16555=CARTESIAN_POINT('',(80.0190706869933,-38.2063859367712,69.8255262895318));
#16556=CARTESIAN_POINT('',(80.0190706869933,-38.2063859367712,69.8255262895318));
#16557=CARTESIAN_POINT('',(79.2859371187952,-39.6452991864126,69.8421110048807));
#16558=CARTESIAN_POINT('Origin',(80.0582316091775,-37.9591776566772,69.8244565137417));
#16559=CARTESIAN_POINT('',(79.5458734671633,-37.9861537289289,44.8349904952989));
#16560=CARTESIAN_POINT('',(79.338274585801,-39.2966479550258,44.8406615634187));
#16561=CARTESIAN_POINT('',(80.0582316091775,-37.9591776566772,69.8244565137417));
#16562=CARTESIAN_POINT('',(80.0582316091775,-37.9591776566772,69.8244565137417));
#16563=CARTESIAN_POINT('',(79.8422736610367,-39.3224395502918,69.8303559300915));
#16564=CARTESIAN_POINT('Origin',(80.058391926159,-35.0591892725716,69.8213226958429));
#16565=CARTESIAN_POINT('',(79.5458907983292,-37.6726487007774,44.8346517119872));
#16566=CARTESIAN_POINT('',(80.058248193602,-37.6591805025866,69.82413232746));
#16567=CARTESIAN_POINT('Origin',(76.9337610886149,-40.2589297897241,69.8910000000719));
#16568=CARTESIAN_POINT('Origin',(76.9337610886149,-40.2589297897241,44.8910000000718));
#16569=CARTESIAN_POINT('',(79.2579858543134,-45.459111328789,44.8489600857783));
#16570=CARTESIAN_POINT('',(73.8091302500163,-45.4586893803519,44.9606773249122));
#16571=CARTESIAN_POINT('',(79.2583562431313,-38.7591144880931,44.8417198602187));
#16572=CARTESIAN_POINT('',(79.2579858543134,-45.459111328789,44.8489600857783));
#16573=CARTESIAN_POINT('',(79.505520303562,-38.7199757833058,44.8366100140456));
#16574=CARTESIAN_POINT('',(78.0086706360709,-38.9570035985344,44.8675557410735));
#16575=CARTESIAN_POINT('',(79.7284940794804,-38.6063723579189,44.8319157559261));
#16576=CARTESIAN_POINT('',(78.1734087175207,-39.3986763997732,44.8646549067827));
#16577=CARTESIAN_POINT('',(79.9054519400212,-38.4293842109162,44.8280965368354));
#16578=CARTESIAN_POINT('',(78.7052101271755,-39.6298314459901,44.8540009325543));
#16579=CARTESIAN_POINT('',(80.0190706869933,-38.2063859367712,44.8255262895318));
#16580=CARTESIAN_POINT('',(79.2859371187952,-39.6452991864126,44.8421110048807));
#16581=CARTESIAN_POINT('',(80.0582316091775,-37.9591776566772,44.8244565137417));
#16582=CARTESIAN_POINT('',(79.8422736610367,-39.3224395502918,44.8303559300915));
#16583=CARTESIAN_POINT('',(80.058391926159,-35.0591892725716,44.8213226958429));
#16584=CARTESIAN_POINT('',(80.058248193602,-37.6591805025866,44.82413232746));
#16585=CARTESIAN_POINT('',(80.0192583376706,-34.8119558560326,44.821858162514));
#16586=CARTESIAN_POINT('',(80.4020901731863,-37.2305641746252,44.8166198570976));
#16587=CARTESIAN_POINT('',(79.9056642472252,-34.5889399869818,44.8239464330232));
#16588=CARTESIAN_POINT('',(80.7459295943455,-36.2386077283805,44.8084993148022));
#16589=CARTESIAN_POINT('',(79.7287259556409,-34.4119435084468,44.8273831252867));
#16590=CARTESIAN_POINT('',(80.4915083334424,-35.1749767306539,44.8125675176925));
#16591=CARTESIAN_POINT('',(79.5057647431213,-34.2982864772746,44.8318317986685));
#16592=CARTESIAN_POINT('',(79.6903789763635,-34.3923956966555,44.828148250234));
#16593=CARTESIAN_POINT('',(79.2586050121338,-34.2591094930454,44.8368570144655));
#16594=CARTESIAN_POINT('',(78.7118440036191,-34.1724430797017,44.8479736799763));
#16595=CARTESIAN_POINT('',(76.0592756825123,-34.2588617434061,44.9024524836321));
#16596=CARTESIAN_POINT('',(61.399857225645,-34.2577265474756,45.2030127987225));
#16597=CARTESIAN_POINT('',(76.0589439908605,-40.2588620456446,44.9089362710993));
#16598=CARTESIAN_POINT('Origin',(105.622253464659,-38.7838540663895,23.2967828390527));
#16599=CARTESIAN_POINT('',(79.6279623882394,-35.5980682373047,23.8297457557675));
#16600=CARTESIAN_POINT('',(79.6277777936321,-37.9818413996276,23.8297457557675));
#16601=CARTESIAN_POINT('',(79.6278599818934,-36.9204985228974,23.8297457557675));
#16602=CARTESIAN_POINT('',(105.622500165516,-35.5980682373047,23.2967828390527));
#16603=CARTESIAN_POINT('',(98.9237846364085,-35.5980682373047,23.4341258069187));
#16604=CARTESIAN_POINT('',(105.622253464659,-38.7838540663895,23.2967828390527));
#16605=CARTESIAN_POINT('',(105.622253464659,-38.7838540663895,23.2967828390527));
#16606=CARTESIAN_POINT('',(78.8278847026985,-38.7817791642732,23.846144598623));
#16607=CARTESIAN_POINT('',(78.8278847026985,-38.7817791642732,23.846144598623));
#16608=CARTESIAN_POINT('',(79.0750496307161,-38.7426404138068,23.841077067638));
#16609=CARTESIAN_POINT('',(92.0226626823303,-36.6923762423151,23.5756169522103));
#16610=CARTESIAN_POINT('',(79.2980259240308,-38.6290368558769,23.8365055915816));
#16611=CARTESIAN_POINT('',(89.7218488402755,-33.3182329452348,23.6227956219295));
#16612=CARTESIAN_POINT('',(79.4749877062498,-38.4520485023947,23.8328776462102));
#16613=CARTESIAN_POINT('',(85.9349360380899,-31.991130192828,23.7004403518076));
#16614=CARTESIAN_POINT('',(79.5886113941987,-38.2290499681033,23.8305483873038));
#16615=CARTESIAN_POINT('',(82.1647676036099,-33.1730702760584,23.7777377902937));
#16616=CARTESIAN_POINT('',(79.885947041779,-36.3523413388086,23.8244551295353));
#16617=CARTESIAN_POINT('Origin',(92.2751101228533,-35.5980682373047,26.0001184121905));
#16618=CARTESIAN_POINT('',(79.7275512255493,-35.5980682373047,28.6870551424729));
#16619=CARTESIAN_POINT('',(79.8680535104573,-35.5980682373047,35.5398620008655));
#16620=CARTESIAN_POINT('',(105.722089002826,-35.5980682373047,28.1540922257581));
#16621=CARTESIAN_POINT('',(85.6261890921077,-35.5980682373047,28.566116071775));
#16622=CARTESIAN_POINT('',(105.697191741651,-35.5980682373047,26.9397623502759));
#16623=CARTESIAN_POINT('Origin',(80.058391926159,-35.0591892725716,44.8213226958429));
#16624=CARTESIAN_POINT('',(79.7273670369846,-37.9765979450909,28.6870551424729));
#16625=CARTESIAN_POINT('',(79.7274488186061,-36.920506234857,28.6870551424728));
#16626=CARTESIAN_POINT('',(79.6277600687448,-37.9818423328573,23.828881252146));
#16627=CARTESIAN_POINT('',(80.0582316091775,-37.9591776566772,44.8244565137417));
#16628=CARTESIAN_POINT('',(79.6279203857263,-35.0818539487517,23.8257474342472));
#16629=CARTESIAN_POINT('',(79.6277766531692,-37.6818451787667,23.8285570658643));
#16630=CARTESIAN_POINT('',(80.058391926159,-35.0591892725716,44.8213226958429));
#16631=CARTESIAN_POINT('',(80.0582316091775,-37.9591776566772,44.8244565137417));
#16632=CARTESIAN_POINT('Origin',(80.0582316091775,-37.9591776566772,44.8244565137417));
#16633=CARTESIAN_POINT('',(79.5885991465606,-38.2290506129514,23.8299510279361));
#16634=CARTESIAN_POINT('',(80.0190706869933,-38.2063859367712,44.8255262895318));
#16635=CARTESIAN_POINT('',(79.411802120604,-39.3451042264719,23.8347806684958));
#16636=CARTESIAN_POINT('Origin',(80.0190706869933,-38.2063859367712,44.8255262895318));
#16637=CARTESIAN_POINT('',(79.4749803995884,-38.4520488870964,23.8325212752397));
#16638=CARTESIAN_POINT('',(79.9054519400212,-38.4293842109162,44.8280965368354));
#16639=CARTESIAN_POINT('',(78.8554655783624,-39.6679638625927,23.846535743285));
#16640=CARTESIAN_POINT('Origin',(79.9054519400212,-38.4293842109162,44.8280965368354));
#16641=CARTESIAN_POINT('',(79.2980225390476,-38.629037034099,23.8363404943303));
#16642=CARTESIAN_POINT('',(79.7284940794804,-38.6063723579189,44.8319157559261));
#16643=CARTESIAN_POINT('',(78.2747385867427,-39.6524961221702,23.8584256709586));
#16644=CARTESIAN_POINT('Origin',(79.7284940794804,-38.6063723579189,44.8319157559261));
#16645=CARTESIAN_POINT('',(79.0750487631292,-38.7426404594859,23.8410347524498));
#16646=CARTESIAN_POINT('',(79.505520303562,-38.7199757833058,44.8366100140456));
#16647=CARTESIAN_POINT('',(77.7429371770879,-39.4213410759533,23.869079645187));
#16648=CARTESIAN_POINT('Origin',(79.505520303562,-38.7199757833058,44.8366100140456));
#16649=CARTESIAN_POINT('',(77.5781990956382,-38.9796682747146,23.8719804794777));
#16650=CARTESIAN_POINT('Origin',(78.9274735394113,-38.7817868762328,28.7034539853283));
#16651=CARTESIAN_POINT('',(78.9269551111435,-45.4765403662397,28.7034539853283));
#16652=CARTESIAN_POINT('',(78.9274739460511,-38.7765357097365,28.7034539853283));
#16653=CARTESIAN_POINT('',(78.9274744182555,-38.7704378707849,28.7034539853283));
#16654=CARTESIAN_POINT('',(105.721323873104,-45.478615268356,28.1540922257581));
#16655=CARTESIAN_POINT('',(78.9269551111435,-45.4765403662397,28.7034539853283));
#16656=CARTESIAN_POINT('',(105.721842301371,-38.7838617783491,28.1540922257581));
#16657=CARTESIAN_POINT('',(79.6882006375512,-38.2238065135666,28.6878577740092));
#16658=CARTESIAN_POINT('',(79.6566953820409,-38.4226598477211,28.6885034067964));
#16659=CARTESIAN_POINT('',(79.5745769496024,-38.446805047858,28.6901870329156));
#16660=CARTESIAN_POINT('',(79.5004625949009,-38.5922623267648,28.6917063597733));
#16661=CARTESIAN_POINT('',(79.3976151673833,-38.6237934013402,28.6938149782869));
#16662=CARTESIAN_POINT('',(79.3334245662937,-38.6879936408124,28.6951309686165));
#16663=CARTESIAN_POINT('',(79.1746388740686,-38.7373969592701,28.6983864543433));
#16664=CARTESIAN_POINT('',(79.1825573235101,-38.7333626109702,28.6982241097214));
#16665=CARTESIAN_POINT('',(79.0519984581664,-38.7568171604839,28.7009009053723));
#16666=CARTESIAN_POINT('Origin',(78.9269551111435,-45.4765403662397,28.7034539853283));
#16667=CARTESIAN_POINT('',(78.8275146037426,-45.4765326657664,23.8533791580667));
#16668=CARTESIAN_POINT('',(79.0923955841593,-45.4765531776177,36.7725869227735));
#16669=CARTESIAN_POINT('',(105.621883365703,-45.4786075678827,23.3040173984964));
#16670=CARTESIAN_POINT('',(78.8275146037426,-45.4765326657664,23.8533791580667));
#16671=CARTESIAN_POINT('',(105.621735036391,-45.4786075563964,23.2967828390527));
#16672=CARTESIAN_POINT('Origin',(105.671788668881,-42.1312346673728,25.7254375324054));
#16673=CARTESIAN_POINT('',(105.621883075841,-45.4838509070855,23.3040230646123));
#16674=CARTESIAN_POINT('Origin',(79.2583562431313,-38.7591144880931,44.8417198602187));
#16675=CARTESIAN_POINT('',(78.8275143138807,-45.4817760049692,23.8533848241826));
#16676=CARTESIAN_POINT('',(79.2579858543134,-45.459111328789,44.8489600857783));
#16677=CARTESIAN_POINT('',(78.8275143138807,-45.4817760049692,23.8533848241826));
#16678=CARTESIAN_POINT('Origin',(79.2579858543134,-45.4591113287891,44.8489600857783));
#16679=CARTESIAN_POINT('',(75.6281849842592,-45.4815282553298,23.9189802933492));
#16680=CARTESIAN_POINT('',(76.058656524692,-45.4588635791497,44.914555554945));
#16681=CARTESIAN_POINT('',(73.3786587095835,-45.481354056532,23.9651020633164));
#16682=CARTESIAN_POINT('',(79.2579858543134,-45.459111328789,44.8489600857783));
#16683=CARTESIAN_POINT('Origin',(79.2583562431313,-38.7591144880931,44.8417198602187));
#16684=CARTESIAN_POINT('',(79.2583562431313,-38.7591144880931,44.8417198602187));
#16685=CARTESIAN_POINT('Origin',(79.505520303562,-38.7199757833058,44.8366100140456));
#16686=CARTESIAN_POINT('',(79.505520303562,-38.7199757833058,44.8366100140456));
#16687=CARTESIAN_POINT('Origin',(79.7284940794804,-38.6063723579189,44.8319157559261));
#16688=CARTESIAN_POINT('',(79.7284940794804,-38.6063723579189,44.8319157559261));
#16689=CARTESIAN_POINT('Origin',(79.9054519400212,-38.4293842109162,44.8280965368354));
#16690=CARTESIAN_POINT('',(79.9054519400212,-38.4293842109162,44.8280965368354));
#16691=CARTESIAN_POINT('Origin',(80.0190706869933,-38.2063859367712,44.8255262895318));
#16692=CARTESIAN_POINT('',(80.0190706869933,-38.2063859367712,44.8255262895318));
#16693=CARTESIAN_POINT('Origin',(80.0582316091775,-37.9591776566772,44.8244565137417));
#16694=CARTESIAN_POINT('Origin',(80.0192583376706,-34.8119558560326,44.821858162514));
#16695=CARTESIAN_POINT('',(79.5887867972378,-34.8346205322128,23.8262829009182));
#16696=CARTESIAN_POINT('',(79.9716186327535,-37.2532288508054,23.8210445955018));
#16697=CARTESIAN_POINT('',(80.0192583376706,-34.8119558560326,44.821858162514));
#16698=CARTESIAN_POINT('Origin',(79.9056642472251,-34.5889399869817,44.8239464330232));
#16699=CARTESIAN_POINT('',(79.4751927067924,-34.6116046631619,23.8283711714275));
#16700=CARTESIAN_POINT('',(80.3154580539128,-36.2612724045607,23.8129240532065));
#16701=CARTESIAN_POINT('',(79.9056642472252,-34.5889399869818,44.8239464330232));
#16702=CARTESIAN_POINT('Origin',(79.728725955641,-34.4119435084468,44.8273831252867));
#16703=CARTESIAN_POINT('',(79.2982544152082,-34.434608184627,23.831807863691));
#16704=CARTESIAN_POINT('',(80.0610367930096,-35.1976414068341,23.8169922560967));
#16705=CARTESIAN_POINT('',(79.7287259556409,-34.4119435084468,44.8273831252867));
#16706=CARTESIAN_POINT('Origin',(79.5057647431213,-34.2982864772746,44.8318317986686));
#16707=CARTESIAN_POINT('',(79.0752932026885,-34.3209511534548,23.8362565370728));
#16708=CARTESIAN_POINT('',(79.2599074359307,-34.4150603728356,23.8325729886383));
#16709=CARTESIAN_POINT('',(79.5057647431213,-34.2982864772746,44.8318317986685));
#16710=CARTESIAN_POINT('Origin',(79.2586050121337,-34.2591094930454,44.8368570144655));
#16711=CARTESIAN_POINT('',(78.828133471701,-34.2817741692256,23.8412817528697));
#16712=CARTESIAN_POINT('',(78.2813724631864,-34.1951077558818,23.8523984183805));
#16713=CARTESIAN_POINT('',(79.2586050121338,-34.2591094930454,44.8368570144655));
#16714=CARTESIAN_POINT('Origin',(76.0592756825123,-34.2588617434061,44.9024524836322));
#16715=CARTESIAN_POINT('',(75.6288041420795,-34.2815264195863,23.9068772220364));
#16716=CARTESIAN_POINT('',(60.9693856852123,-34.2803912236557,24.2074375371267));
#16717=CARTESIAN_POINT('',(76.0592756825123,-34.2588617434061,44.9024524836321));
#16718=CARTESIAN_POINT('Origin',(76.058656524692,-45.4588635791497,44.914555554945));
#16719=CARTESIAN_POINT('',(75.6284724504278,-40.2815267218248,23.9133610095036));
#16720=CARTESIAN_POINT('Origin',(76.5032895481821,-40.2815944659043,23.8954247384761));
#16721=CARTESIAN_POINT('Origin',(77.4681211268162,-40.2516691148017,89.8556674690809));
#16722=CARTESIAN_POINT('',(77.4365590041179,-43.6911162802661,88.3292586434668));
#16723=CARTESIAN_POINT('',(77.4390993481159,-43.7034470577305,88.453207021442));
#16724=CARTESIAN_POINT('',(77.4485772632646,-43.7494526627264,88.9156531351188));
#16725=CARTESIAN_POINT('',(77.5447993154822,-40.5159697914181,93.5965395362964));
#16726=CARTESIAN_POINT('Origin',(77.4681200188526,-40.2659768671274,89.8556674690809));
#16727=CARTESIAN_POINT('',(77.5435079595603,-40.9849514099896,93.535326728457));
#16728=CARTESIAN_POINT('',(77.5438501668635,-40.8606720135435,93.5515480269297));
#16729=CARTESIAN_POINT('',(77.5415282800136,-41.3651541488353,93.4402065650555));
#16730=CARTESIAN_POINT('Origin',(77.4681200188526,-40.2659768671274,89.8556674690809));
#16731=CARTESIAN_POINT('',(77.535962002296,-42.0167691333194,93.1711800849406));
#16732=CARTESIAN_POINT('',(77.5374057793563,-41.8477537133036,93.2409599773842));
#16733=CARTESIAN_POINT('',(77.5341479792911,-42.1739981207142,93.0832974361468));
#16734=CARTESIAN_POINT('Origin',(77.4681200188526,-40.2659768671274,89.8556674690809));
#16735=CARTESIAN_POINT('',(77.5229388411542,-42.8847103498025,92.5392713600152));
#16736=CARTESIAN_POINT('',(77.5258122578482,-42.7025221781032,92.6787302184822));
#16737=CARTESIAN_POINT('',(77.5228915943366,-42.8870616587403,92.5369758418151));
#16738=CARTESIAN_POINT('Origin',(77.4681200188526,-40.2659768671274,89.8556674690809));
#16739=CARTESIAN_POINT('',(77.5069631448946,-43.4829233619523,91.762338026143));
#16740=CARTESIAN_POINT('',(77.5106959901389,-43.3432826810993,91.9438750361772));
#16741=CARTESIAN_POINT('',(77.4884028665704,-43.8585311476617,90.858504470745));
#16742=CARTESIAN_POINT('',(77.4927410118342,-43.7707392994944,91.0697599912188));
#16743=CARTESIAN_POINT('',(77.4685004114845,-43.987361403005,89.8882760167529));
#16744=CARTESIAN_POINT('',(77.4731692509396,-43.9571396149613,90.1158781325168));
#16745=CARTESIAN_POINT('',(77.4624699305476,-43.976110883708,89.5941050611896));
#16746=CARTESIAN_POINT('',(77.4636898142242,-43.9783867096309,89.6536118153901));
#16747=CARTESIAN_POINT('',(77.4564778665074,-43.9418176507975,89.3017208064781));
#16748=CARTESIAN_POINT('',(77.4577041914249,-43.9488360414118,89.361559635742));
#16749=CARTESIAN_POINT('',(77.4505612537065,-43.8846800252915,89.0129303010844));
#16750=CARTESIAN_POINT('',(77.4517860985764,-43.8965085376243,89.0727151105579));
#16751=CARTESIAN_POINT('',(77.4447564821811,-43.8050584861982,88.7295097807867));
#16752=CARTESIAN_POINT('',(77.4459745232269,-43.821765828135,88.7889811700418));
#16753=CARTESIAN_POINT('',(77.4403041069601,-43.7250865072658,88.5120492177133));
#16754=CARTESIAN_POINT('',(77.4680425808599,-41.2659768641291,89.8556674690809));
#16755=CARTESIAN_POINT('Origin',(77.4681200188526,-40.2659768671274,89.8556674690809));
#16756=CARTESIAN_POINT('Origin',(80.4674896563846,-40.2662091322904,89.794171749726));
#16757=CARTESIAN_POINT('',(76.5231489619766,-42.8846329280815,92.5597699331335));
#16758=CARTESIAN_POINT('',(80.5223084786871,-42.8849426149655,92.4777756406603));
#16759=CARTESIAN_POINT('',(76.523101715159,-42.8869842370193,92.5574744149334));
#16760=CARTESIAN_POINT('Origin',(76.4683301396741,-40.2658994454064,89.8761660421992));
#16761=CARTESIAN_POINT('',(80.5222612318695,-42.8872939239033,92.4754801224602));
#16762=CARTESIAN_POINT('Origin',(80.5223084786871,-42.8849426149655,92.4777756406603));
#16763=CARTESIAN_POINT('',(76.5343581001135,-42.1739206989932,93.1037960092651));
#16764=CARTESIAN_POINT('',(80.5335176168239,-42.1742303858772,93.0218017167918));
#16765=CARTESIAN_POINT('',(76.5231265020631,-42.886056992533,92.5586798601561));
#16766=CARTESIAN_POINT('Origin',(80.4674896563846,-40.2662091322904,89.794171749726));
#16767=CARTESIAN_POINT('',(76.5361721231184,-42.0166917115984,93.1916786580589));
#16768=CARTESIAN_POINT('',(80.5353316398288,-42.0170013984824,93.1096843655857));
#16769=CARTESIAN_POINT('Origin',(76.4683301396741,-40.2658994454064,89.8761660421992));
#16770=CARTESIAN_POINT('Origin',(80.5353316398289,-42.0170013984824,93.1096843655856));
#16771=CARTESIAN_POINT('',(76.541738400836,-41.3650767271143,93.4607051381738));
#16772=CARTESIAN_POINT('',(80.5408979175465,-41.3653864139983,93.3787108457006));
#16773=CARTESIAN_POINT('',(76.5353854787691,-42.1087800462951,93.1536589667795));
#16774=CARTESIAN_POINT('Origin',(80.4674896563846,-40.2662091322904,89.794171749726));
#16775=CARTESIAN_POINT('',(76.5437180803827,-40.9848739882687,93.5558253015753));
#16776=CARTESIAN_POINT('',(80.5428775970931,-40.9851836751526,93.473831009102));
#16777=CARTESIAN_POINT('Origin',(76.4683301396741,-40.2658994454064,89.8761660421992));
#16778=CARTESIAN_POINT('Origin',(80.5428775970931,-40.9851836751517,93.4738310091022));
#16779=CARTESIAN_POINT('',(76.5450094363046,-40.5158923696971,93.6170381094147));
#16780=CARTESIAN_POINT('',(80.5441689530151,-40.5162020565811,93.5350438169414));
#16781=CARTESIAN_POINT('',(76.5431148747168,-41.2039401378222,93.527232167888));
#16782=CARTESIAN_POINT('Origin',(80.4674896563846,-40.2662091322904,89.794171749726));
#16783=CARTESIAN_POINT('',(76.4367691249403,-43.6910388585451,88.3497572165852));
#16784=CARTESIAN_POINT('',(80.4359286416508,-43.6913485454291,88.2677629241119));
#16785=CARTESIAN_POINT('Origin',(76.4683301396741,-40.2658994454064,89.8761660421992));
#16786=CARTESIAN_POINT('Origin',(80.4359286416508,-43.6913485454291,88.2677629241119));
#16787=CARTESIAN_POINT('',(76.4393094689383,-43.7033696360095,88.4737055945604));
#16788=CARTESIAN_POINT('',(80.4384689856488,-43.7036793228935,88.3917113020871));
#16789=CARTESIAN_POINT('',(76.14082896656,-42.2545514227256,73.9102550711474));
#16790=CARTESIAN_POINT('Origin',(80.4674896563846,-40.2662091322904,89.794171749726));
#16791=CARTESIAN_POINT('',(76.4682527016823,-41.2658994424081,89.8761660421992));
#16792=CARTESIAN_POINT('Origin',(76.4683301396741,-40.2658994454064,89.8761660421992));
#16793=CARTESIAN_POINT('',(80.4674122183925,-41.2662091292921,89.794171749726));
#16794=CARTESIAN_POINT('Origin',(80.5063327824274,-43.4831556271153,91.7008423067881));
#16795=CARTESIAN_POINT('',(76.507173265717,-43.4828459402313,91.7828365992614));
#16796=CARTESIAN_POINT('',(76.5071732657169,-43.4828459402313,91.7828365992614));
#16797=CARTESIAN_POINT('',(80.5063327824274,-43.4831556271153,91.7008423067881));
#16798=CARTESIAN_POINT('Origin',(80.4877725041033,-43.8587634128247,90.7970087513901));
#16799=CARTESIAN_POINT('',(76.4886129873928,-43.8584537259407,90.8790030438634));
#16800=CARTESIAN_POINT('',(76.4886129873928,-43.8584537259407,90.8790030438634));
#16801=CARTESIAN_POINT('',(80.4877725041033,-43.8587634128247,90.7970087513901));
#16802=CARTESIAN_POINT('Origin',(80.4678700490174,-43.9875936681679,89.826780297398));
#16803=CARTESIAN_POINT('',(76.4687105323069,-43.987283981284,89.9087745898712));
#16804=CARTESIAN_POINT('',(76.4687105323069,-43.987283981284,89.9087745898712));
#16805=CARTESIAN_POINT('',(80.4678700490174,-43.9875936681679,89.826780297398));
#16806=CARTESIAN_POINT('Origin',(80.4618395680804,-43.976343148871,89.5326093418347));
#16807=CARTESIAN_POINT('',(76.46268005137,-43.976033461987,89.614603634308));
#16808=CARTESIAN_POINT('',(76.46268005137,-43.976033461987,89.614603634308));
#16809=CARTESIAN_POINT('',(80.4618395680804,-43.976343148871,89.5326093418347));
#16810=CARTESIAN_POINT('Origin',(80.4558475040403,-43.9420499159604,89.2402250871231));
#16811=CARTESIAN_POINT('',(76.4566879873298,-43.9417402290765,89.3222193795964));
#16812=CARTESIAN_POINT('',(76.4566879873298,-43.9417402290765,89.3222193795964));
#16813=CARTESIAN_POINT('',(80.4558475040403,-43.9420499159604,89.2402250871231));
#16814=CARTESIAN_POINT('Origin',(80.4499308912393,-43.8849122904544,88.9514345817294));
#16815=CARTESIAN_POINT('',(76.4507713745289,-43.8846026035705,89.0334288742027));
#16816=CARTESIAN_POINT('',(76.4507713745289,-43.8846026035705,89.0334288742027));
#16817=CARTESIAN_POINT('',(80.4499308912393,-43.8849122904544,88.9514345817294));
#16818=CARTESIAN_POINT('Origin',(80.444126119714,-43.8052907513612,88.6680140614318));
#16819=CARTESIAN_POINT('',(76.4449666030035,-43.8049810644772,88.750008353905));
#16820=CARTESIAN_POINT('',(76.4449666030035,-43.8049810644772,88.750008353905));
#16821=CARTESIAN_POINT('',(80.444126119714,-43.8052907513612,88.6680140614318));
#16822=CARTESIAN_POINT('Origin',(80.4384689856488,-43.7036793228935,88.3917113020871));
#16823=CARTESIAN_POINT('',(76.4393094689383,-43.7033696360095,88.4737055945604));
#16824=CARTESIAN_POINT('Origin',(76.4683312476386,-40.2515916930807,89.8761660421992));
#16825=CARTESIAN_POINT('Origin',(99.862060546875,-16.2980682373047,27.8999996185303));
#16826=CARTESIAN_POINT('',(100.862060546875,-16.2980682373047,26.6499996185303));
#16827=CARTESIAN_POINT('Origin',(99.862060546875,-16.2980682373047,26.6499996185303));
#16828=CARTESIAN_POINT('',(100.862060546875,-16.2980682373047,27.8999996185303));
#16829=CARTESIAN_POINT('',(100.862060546875,-16.2980682373047,27.8999996185303));
#16830=CARTESIAN_POINT('Origin',(99.862060546875,-16.2980682373047,27.8999996185303));
#16831=CARTESIAN_POINT('Origin',(100.737476348877,-19.9444539070129,27.8999996185303));
#16832=CARTESIAN_POINT('',(100.737476348877,-19.9444539070129,27.8999996185303));
#16833=CARTESIAN_POINT('',(100.448684692383,-20.0018984794617,27.8999996185303));
#16834=CARTESIAN_POINT('',(100.737476348877,-19.9444539070129,27.8999996185303));
#16835=CARTESIAN_POINT('',(100.448684692383,-20.0018984794617,26.6499996185303));
#16836=CARTESIAN_POINT('',(100.448684692383,-20.0018984794617,27.8999996185303));
#16837=CARTESIAN_POINT('',(100.737476348877,-19.9444539070129,26.6499996185303));
#16838=CARTESIAN_POINT('',(100.737476348877,-19.9444539070129,26.6499996185303));
#16839=CARTESIAN_POINT('',(100.737476348877,-19.9444539070129,27.8999996185303));
#16840=CARTESIAN_POINT('Origin',(101.02087020874,-19.8645288467407,27.8999996185303));
#16841=CARTESIAN_POINT('',(101.02087020874,-19.8645288467407,27.8999996185303));
#16842=CARTESIAN_POINT('',(101.02087020874,-19.8645288467407,27.8999996185303));
#16843=CARTESIAN_POINT('',(101.02087020874,-19.8645288467407,26.6499996185303));
#16844=CARTESIAN_POINT('',(101.02087020874,-19.8645288467407,26.6499996185303));
#16845=CARTESIAN_POINT('',(101.02087020874,-19.8645288467407,27.8999996185303));
#16846=CARTESIAN_POINT('Origin',(101.297130584717,-19.7626168251038,27.8999996185303));
#16847=CARTESIAN_POINT('',(101.297130584717,-19.7626168251038,27.8999996185303));
#16848=CARTESIAN_POINT('',(101.297130584717,-19.7626168251038,27.8999996185303));
#16849=CARTESIAN_POINT('',(101.297130584717,-19.7626168251038,26.6499996185303));
#16850=CARTESIAN_POINT('',(101.297130584717,-19.7626168251038,26.6499996185303));
#16851=CARTESIAN_POINT('',(101.297130584717,-19.7626168251038,27.8999996185303));
#16852=CARTESIAN_POINT('Origin',(101.564521789551,-19.6393424987793,27.8999996185303));
#16853=CARTESIAN_POINT('',(101.564521789551,-19.6393424987793,27.8999996185303));
#16854=CARTESIAN_POINT('',(101.564521789551,-19.6393424987793,27.8999996185303));
#16855=CARTESIAN_POINT('',(101.564521789551,-19.6393424987793,26.6499996185303));
#16856=CARTESIAN_POINT('',(101.564521789551,-19.6393424987793,26.6499996185303));
#16857=CARTESIAN_POINT('',(101.564521789551,-19.6393424987793,27.8999996185303));
#16858=CARTESIAN_POINT('Origin',(101.821432113647,-19.4954688072205,27.8999996185303));
#16859=CARTESIAN_POINT('',(101.821432113647,-19.4954688072205,27.8999996185303));
#16860=CARTESIAN_POINT('',(101.821432113647,-19.4954688072205,27.8999996185303));
#16861=CARTESIAN_POINT('',(101.821432113647,-19.4954688072205,26.6499996185303));
#16862=CARTESIAN_POINT('',(101.821432113647,-19.4954688072205,26.6499996185303));
#16863=CARTESIAN_POINT('',(101.821432113647,-19.4954688072205,27.8999996185303));
#16864=CARTESIAN_POINT('Origin',(102.066259384155,-19.3318802833557,27.8999996185303));
#16865=CARTESIAN_POINT('',(102.066259384155,-19.3318802833557,27.8999996185303));
#16866=CARTESIAN_POINT('',(102.066259384155,-19.3318802833557,27.8999996185303));
#16867=CARTESIAN_POINT('',(102.066259384155,-19.3318802833557,26.6499996185303));
#16868=CARTESIAN_POINT('',(102.066259384155,-19.3318802833557,26.6499996185303));
#16869=CARTESIAN_POINT('',(102.066259384155,-19.3318802833557,27.8999996185303));
#16870=CARTESIAN_POINT('Origin',(102.297487258911,-19.1495902061462,27.8999996185303));
#16871=CARTESIAN_POINT('',(102.297487258911,-19.1495902061462,27.8999996185303));
#16872=CARTESIAN_POINT('',(102.297487258911,-19.1495902061462,27.8999996185303));
#16873=CARTESIAN_POINT('',(102.297487258911,-19.1495902061462,26.6499996185303));
#16874=CARTESIAN_POINT('',(102.297487258911,-19.1495902061462,26.6499996185303));
#16875=CARTESIAN_POINT('',(102.297487258911,-19.1495902061462,27.8999996185303));
#16876=CARTESIAN_POINT('Origin',(102.513704299927,-18.949716758728,27.8999996185303));
#16877=CARTESIAN_POINT('',(102.513704299927,-18.949716758728,27.8999996185303));
#16878=CARTESIAN_POINT('',(102.513704299927,-18.949716758728,27.8999996185303));
#16879=CARTESIAN_POINT('',(102.513704299927,-18.949716758728,26.6499996185303));
#16880=CARTESIAN_POINT('',(102.513704299927,-18.949716758728,26.6499996185303));
#16881=CARTESIAN_POINT('',(102.513704299927,-18.949716758728,27.8999996185303));
#16882=CARTESIAN_POINT('Origin',(102.713584899902,-18.7334973335266,27.8999996185303));
#16883=CARTESIAN_POINT('',(102.713584899902,-18.7334973335266,27.8999996185303));
#16884=CARTESIAN_POINT('',(102.713584899902,-18.7334973335266,27.8999996185303));
#16885=CARTESIAN_POINT('',(102.713584899902,-18.7334973335266,26.6499996185303));
#16886=CARTESIAN_POINT('',(102.713584899902,-18.7334973335266,26.6499996185303));
#16887=CARTESIAN_POINT('',(102.713584899902,-18.7334973335266,27.8999996185303));
#16888=CARTESIAN_POINT('Origin',(102.895879745483,-18.5022623062134,27.8999996185303));
#16889=CARTESIAN_POINT('',(102.895879745483,-18.5022623062134,27.8999996185303));
#16890=CARTESIAN_POINT('',(102.895879745483,-18.5022623062134,27.8999996185303));
#16891=CARTESIAN_POINT('',(102.895879745483,-18.5022623062134,26.6499996185303));
#16892=CARTESIAN_POINT('',(102.895879745483,-18.5022623062134,26.6499996185303));
#16893=CARTESIAN_POINT('',(102.895879745483,-18.5022623062134,27.8999996185303));
#16894=CARTESIAN_POINT('Origin',(103.05947303772,-18.2574374198914,27.8999996185303));
#16895=CARTESIAN_POINT('',(103.05947303772,-18.2574374198914,27.8999996185303));
#16896=CARTESIAN_POINT('',(103.05947303772,-18.2574374198914,27.8999996185303));
#16897=CARTESIAN_POINT('',(103.05947303772,-18.2574374198914,26.6499996185303));
#16898=CARTESIAN_POINT('',(103.05947303772,-18.2574374198914,26.6499996185303));
#16899=CARTESIAN_POINT('',(103.05947303772,-18.2574374198914,27.8999996185303));
#16900=CARTESIAN_POINT('Origin',(103.203325271606,-18.0005318641663,27.8999996185303));
#16901=CARTESIAN_POINT('',(103.203325271606,-18.0005318641663,27.8999996185303));
#16902=CARTESIAN_POINT('',(103.203325271606,-18.0005318641663,27.8999996185303));
#16903=CARTESIAN_POINT('',(103.203325271606,-18.0005318641663,26.6499996185303));
#16904=CARTESIAN_POINT('',(103.203325271606,-18.0005318641663,26.6499996185303));
#16905=CARTESIAN_POINT('',(103.203325271606,-18.0005318641663,27.8999996185303));
#16906=CARTESIAN_POINT('Origin',(103.326606750488,-17.7331311225891,27.8999996185303));
#16907=CARTESIAN_POINT('',(103.326606750488,-17.7331311225891,27.8999996185303));
#16908=CARTESIAN_POINT('',(103.326606750488,-17.7331311225891,27.8999996185303));
#16909=CARTESIAN_POINT('',(103.326606750488,-17.7331311225891,26.6499996185303));
#16910=CARTESIAN_POINT('',(103.326606750488,-17.7331311225891,26.6499996185303));
#16911=CARTESIAN_POINT('',(103.326606750488,-17.7331311225891,27.8999996185303));
#16912=CARTESIAN_POINT('Origin',(103.428516387939,-17.4568802833557,27.8999996185303));
#16913=CARTESIAN_POINT('',(103.428516387939,-17.4568802833557,27.8999996185303));
#16914=CARTESIAN_POINT('',(103.428516387939,-17.4568802833557,27.8999996185303));
#16915=CARTESIAN_POINT('',(103.428516387939,-17.4568802833557,26.6499996185303));
#16916=CARTESIAN_POINT('',(103.428516387939,-17.4568802833557,26.6499996185303));
#16917=CARTESIAN_POINT('',(103.428516387939,-17.4568802833557,27.8999996185303));
#16918=CARTESIAN_POINT('Origin',(103.508443832397,-17.1734864234924,27.8999996185303));
#16919=CARTESIAN_POINT('',(103.508443832397,-17.1734864234924,27.8999996185303));
#16920=CARTESIAN_POINT('',(103.508443832397,-17.1734864234924,27.8999996185303));
#16921=CARTESIAN_POINT('',(103.508443832397,-17.1734864234924,26.6499996185303));
#16922=CARTESIAN_POINT('',(103.508443832397,-17.1734864234924,26.6499996185303));
#16923=CARTESIAN_POINT('',(103.508443832397,-17.1734864234924,27.8999996185303));
#16924=CARTESIAN_POINT('Origin',(103.565893173218,-16.8846971511841,27.8999996185303));
#16925=CARTESIAN_POINT('',(103.565893173218,-16.8846971511841,27.8999996185303));
#16926=CARTESIAN_POINT('',(103.565893173218,-16.8846971511841,27.8999996185303));
#16927=CARTESIAN_POINT('',(103.565893173218,-16.8846971511841,26.6499996185303));
#16928=CARTESIAN_POINT('',(103.565893173218,-16.8846971511841,26.6499996185303));
#16929=CARTESIAN_POINT('',(103.565893173218,-16.8846971511841,27.8999996185303));
#16930=CARTESIAN_POINT('Origin',(103.60050201416,-16.592288684845,27.8999996185303));
#16931=CARTESIAN_POINT('',(103.60050201416,-16.592288684845,27.8999996185303));
#16932=CARTESIAN_POINT('',(103.60050201416,-16.592288684845,27.8999996185303));
#16933=CARTESIAN_POINT('',(103.60050201416,-16.592288684845,26.6499996185303));
#16934=CARTESIAN_POINT('',(103.60050201416,-16.592288684845,26.6499996185303));
#16935=CARTESIAN_POINT('',(103.60050201416,-16.592288684845,27.8999996185303));
#16936=CARTESIAN_POINT('Origin',(103.612070083618,-16.2980682373047,27.8999996185303));
#16937=CARTESIAN_POINT('',(103.612070083618,-16.2980682373047,27.8999996185303));
#16938=CARTESIAN_POINT('',(103.612070083618,-16.2980682373047,27.8999996185303));
#16939=CARTESIAN_POINT('',(103.612070083618,-16.2980682373047,26.6499996185303));
#16940=CARTESIAN_POINT('',(103.612070083618,-16.2980682373047,26.6499996185303));
#16941=CARTESIAN_POINT('',(103.612070083618,-16.2980682373047,27.8999996185303));
#16942=CARTESIAN_POINT('Origin',(103.484287261963,-15.3274971961975,27.8999996185303));
#16943=CARTESIAN_POINT('',(103.484287261963,-15.3274971961975,27.8999996185303));
#16944=CARTESIAN_POINT('',(103.484287261963,-15.3274971961975,27.8999996185303));
#16945=CARTESIAN_POINT('',(103.484287261963,-15.3274971961975,26.6499996185303));
#16946=CARTESIAN_POINT('',(103.484287261963,-15.3274971961975,26.6499996185303));
#16947=CARTESIAN_POINT('',(103.484287261963,-15.3274971961975,27.8999996185303));
#16948=CARTESIAN_POINT('Origin',(103.109655380249,-14.4230682373047,27.8999996185303));
#16949=CARTESIAN_POINT('',(103.109655380249,-14.4230682373047,27.8999996185303));
#16950=CARTESIAN_POINT('',(103.109655380249,-14.4230682373047,27.8999996185303));
#16951=CARTESIAN_POINT('',(103.109655380249,-14.4230682373047,26.6499996185303));
#16952=CARTESIAN_POINT('',(103.109655380249,-14.4230682373047,26.6499996185303));
#16953=CARTESIAN_POINT('',(103.109655380249,-14.4230682373047,27.8999996185303));
#16954=CARTESIAN_POINT('Origin',(102.513704299927,-13.6464173316956,27.8999996185303));
#16955=CARTESIAN_POINT('',(102.513704299927,-13.6464173316956,27.8999996185303));
#16956=CARTESIAN_POINT('',(102.513704299927,-13.6464173316956,27.8999996185303));
#16957=CARTESIAN_POINT('',(102.513704299927,-13.6464173316956,26.6499996185303));
#16958=CARTESIAN_POINT('',(102.513704299927,-13.6464173316956,26.6499996185303));
#16959=CARTESIAN_POINT('',(102.513704299927,-13.6464173316956,27.8999996185303));
#16960=CARTESIAN_POINT('Origin',(101.737070083618,-13.0504734039307,27.8999996185303));
#16961=CARTESIAN_POINT('',(101.737070083618,-13.0504734039307,27.8999996185303));
#16962=CARTESIAN_POINT('',(101.737070083618,-13.0504734039307,27.8999996185303));
#16963=CARTESIAN_POINT('',(101.737070083618,-13.0504734039307,26.6499996185303));
#16964=CARTESIAN_POINT('',(101.737070083618,-13.0504734039307,26.6499996185303));
#16965=CARTESIAN_POINT('',(101.737070083618,-13.0504734039307,27.8999996185303));
#16966=CARTESIAN_POINT('Origin',(100.832633972168,-12.6758439064026,27.8999996185303));
#16967=CARTESIAN_POINT('',(100.832633972168,-12.6758439064026,27.8999996185303));
#16968=CARTESIAN_POINT('',(100.832633972168,-12.6758439064026,27.8999996185303));
#16969=CARTESIAN_POINT('',(100.832633972168,-12.6758439064026,26.6499996185303));
#16970=CARTESIAN_POINT('',(100.832633972168,-12.6758439064026,26.6499996185303));
#16971=CARTESIAN_POINT('',(100.832633972168,-12.6758439064026,27.8999996185303));
#16972=CARTESIAN_POINT('Origin',(99.862060546875,-12.5480682373047,27.8999996185303));
#16973=CARTESIAN_POINT('',(99.862060546875,-12.5480682373047,27.8999996185303));
#16974=CARTESIAN_POINT('',(99.862060546875,-12.5480682373047,27.8999996185303));
#16975=CARTESIAN_POINT('',(99.862060546875,-12.5480682373047,26.6499996185303));
#16976=CARTESIAN_POINT('',(99.862060546875,-12.5480682373047,26.6499996185303));
#16977=CARTESIAN_POINT('',(99.862060546875,-12.5480682373047,27.8999996185303));
#16978=CARTESIAN_POINT('Origin',(98.891487121582,-12.6758439064026,27.8999996185303));
#16979=CARTESIAN_POINT('',(98.891487121582,-12.6758439064026,27.8999996185303));
#16980=CARTESIAN_POINT('',(98.891487121582,-12.6758439064026,27.8999996185303));
#16981=CARTESIAN_POINT('',(98.891487121582,-12.6758439064026,26.6499996185303));
#16982=CARTESIAN_POINT('',(98.891487121582,-12.6758439064026,26.6499996185303));
#16983=CARTESIAN_POINT('',(98.891487121582,-12.6758439064026,27.8999996185303));
#16984=CARTESIAN_POINT('Origin',(97.987060546875,-13.0504734039307,27.8999996185303));
#16985=CARTESIAN_POINT('',(97.987060546875,-13.0504734039307,27.8999996185303));
#16986=CARTESIAN_POINT('',(97.987060546875,-13.0504734039307,27.8999996185303));
#16987=CARTESIAN_POINT('',(97.987060546875,-13.0504734039307,26.6499996185303));
#16988=CARTESIAN_POINT('',(97.987060546875,-13.0504734039307,26.6499996185303));
#16989=CARTESIAN_POINT('',(97.987060546875,-13.0504734039307,27.8999996185303));
#16990=CARTESIAN_POINT('Origin',(97.2104072570801,-13.6464173316956,27.8999996185303));
#16991=CARTESIAN_POINT('',(97.2104072570801,-13.6464173316956,27.8999996185303));
#16992=CARTESIAN_POINT('',(97.2104072570801,-13.6464173316956,27.8999996185303));
#16993=CARTESIAN_POINT('',(97.2104072570801,-13.6464173316956,26.6499996185303));
#16994=CARTESIAN_POINT('',(97.2104072570801,-13.6464173316956,26.6499996185303));
#16995=CARTESIAN_POINT('',(97.2104072570801,-13.6464173316956,27.8999996185303));
#16996=CARTESIAN_POINT('Origin',(96.6144561767578,-14.4230682373047,27.8999996185303));
#16997=CARTESIAN_POINT('',(96.6144561767578,-14.4230682373047,27.8999996185303));
#16998=CARTESIAN_POINT('',(96.6144561767578,-14.4230682373047,27.8999996185303));
#16999=CARTESIAN_POINT('',(96.6144561767578,-14.4230682373047,26.6499996185303));
#17000=CARTESIAN_POINT('',(96.6144561767578,-14.4230682373047,26.6499996185303));
#17001=CARTESIAN_POINT('',(96.6144561767578,-14.4230682373047,27.8999996185303));
#17002=CARTESIAN_POINT('Origin',(96.2398338317871,-15.3274971961975,27.8999996185303));
#17003=CARTESIAN_POINT('',(96.2398338317871,-15.3274971961975,27.8999996185303));
#17004=CARTESIAN_POINT('',(96.2398338317871,-15.3274971961975,27.8999996185303));
#17005=CARTESIAN_POINT('',(96.2398338317871,-15.3274971961975,26.6499996185303));
#17006=CARTESIAN_POINT('',(96.2398338317871,-15.3274971961975,26.6499996185303));
#17007=CARTESIAN_POINT('',(96.2398338317871,-15.3274971961975,27.8999996185303));
#17008=CARTESIAN_POINT('Origin',(96.112060546875,-16.2980682373047,27.8999996185303));
#17009=CARTESIAN_POINT('',(96.112060546875,-16.2980682373047,27.8999996185303));
#17010=CARTESIAN_POINT('',(96.112060546875,-16.2980682373047,27.8999996185303));
#17011=CARTESIAN_POINT('',(96.112060546875,-16.2980682373047,26.6499996185303));
#17012=CARTESIAN_POINT('',(96.112060546875,-16.2980682373047,26.6499996185303));
#17013=CARTESIAN_POINT('',(96.112060546875,-16.2980682373047,27.8999996185303));
#17014=CARTESIAN_POINT('Origin',(96.1236190795898,-16.592288684845,27.8999996185303));
#17015=CARTESIAN_POINT('',(96.1236190795898,-16.592288684845,27.8999996185303));
#17016=CARTESIAN_POINT('',(96.1236190795898,-16.592288684845,27.8999996185303));
#17017=CARTESIAN_POINT('',(96.1236190795898,-16.592288684845,26.6499996185303));
#17018=CARTESIAN_POINT('',(96.1236190795898,-16.592288684845,26.6499996185303));
#17019=CARTESIAN_POINT('',(96.1236190795898,-16.592288684845,27.8999996185303));
#17020=CARTESIAN_POINT('Origin',(96.1582183837891,-16.8846971511841,27.8999996185303));
#17021=CARTESIAN_POINT('',(96.1582183837891,-16.8846971511841,27.8999996185303));
#17022=CARTESIAN_POINT('',(96.1582183837891,-16.8846971511841,27.8999996185303));
#17023=CARTESIAN_POINT('',(96.1582183837891,-16.8846971511841,26.6499996185303));
#17024=CARTESIAN_POINT('',(96.1582183837891,-16.8846971511841,26.6499996185303));
#17025=CARTESIAN_POINT('',(96.1582183837891,-16.8846971511841,27.8999996185303));
#17026=CARTESIAN_POINT('Origin',(96.2156677246094,-17.1734864234924,27.8999996185303));
#17027=CARTESIAN_POINT('',(96.2156677246094,-17.1734864234924,27.8999996185303));
#17028=CARTESIAN_POINT('',(96.2156677246094,-17.1734864234924,27.8999996185303));
#17029=CARTESIAN_POINT('',(96.2156677246094,-17.1734864234924,26.6499996185303));
#17030=CARTESIAN_POINT('',(96.2156677246094,-17.1734864234924,26.6499996185303));
#17031=CARTESIAN_POINT('',(96.2156677246094,-17.1734864234924,27.8999996185303));
#17032=CARTESIAN_POINT('Origin',(96.2956047058105,-17.4568802833557,27.8999996185303));
#17033=CARTESIAN_POINT('',(96.2956047058105,-17.4568802833557,27.8999996185303));
#17034=CARTESIAN_POINT('',(96.2956047058105,-17.4568802833557,27.8999996185303));
#17035=CARTESIAN_POINT('',(96.2956047058105,-17.4568802833557,26.6499996185303));
#17036=CARTESIAN_POINT('',(96.2956047058105,-17.4568802833557,26.6499996185303));
#17037=CARTESIAN_POINT('',(96.2956047058105,-17.4568802833557,27.8999996185303));
#17038=CARTESIAN_POINT('Origin',(96.3975143432617,-17.7331311225891,27.8999996185303));
#17039=CARTESIAN_POINT('',(96.3975143432617,-17.7331311225891,27.8999996185303));
#17040=CARTESIAN_POINT('',(96.3975143432617,-17.7331311225891,27.8999996185303));
#17041=CARTESIAN_POINT('',(96.3975143432617,-17.7331311225891,26.6499996185303));
#17042=CARTESIAN_POINT('',(96.3975143432617,-17.7331311225891,26.6499996185303));
#17043=CARTESIAN_POINT('',(96.3975143432617,-17.7331311225891,27.8999996185303));
#17044=CARTESIAN_POINT('Origin',(96.5207862854004,-18.0005318641663,27.8999996185303));
#17045=CARTESIAN_POINT('',(96.5207862854004,-18.0005318641663,27.8999996185303));
#17046=CARTESIAN_POINT('',(96.5207862854004,-18.0005318641663,27.8999996185303));
#17047=CARTESIAN_POINT('',(96.5207862854004,-18.0005318641663,26.6499996185303));
#17048=CARTESIAN_POINT('',(96.5207862854004,-18.0005318641663,26.6499996185303));
#17049=CARTESIAN_POINT('',(96.5207862854004,-18.0005318641663,27.8999996185303));
#17050=CARTESIAN_POINT('Origin',(96.6646575927734,-18.2574374198914,27.8999996185303));
#17051=CARTESIAN_POINT('',(96.6646575927734,-18.2574374198914,27.8999996185303));
#17052=CARTESIAN_POINT('',(96.6646575927734,-18.2574374198914,27.8999996185303));
#17053=CARTESIAN_POINT('',(96.6646575927734,-18.2574374198914,26.6499996185303));
#17054=CARTESIAN_POINT('',(96.6646575927734,-18.2574374198914,26.6499996185303));
#17055=CARTESIAN_POINT('',(96.6646575927734,-18.2574374198914,27.8999996185303));
#17056=CARTESIAN_POINT('Origin',(96.8282508850098,-18.5022623062134,27.8999996185303));
#17057=CARTESIAN_POINT('',(96.8282508850098,-18.5022623062134,27.8999996185303));
#17058=CARTESIAN_POINT('',(96.8282508850098,-18.5022623062134,27.8999996185303));
#17059=CARTESIAN_POINT('',(96.8282508850098,-18.5022623062134,26.6499996185303));
#17060=CARTESIAN_POINT('',(96.8282508850098,-18.5022623062134,26.6499996185303));
#17061=CARTESIAN_POINT('',(96.8282508850098,-18.5022623062134,27.8999996185303));
#17062=CARTESIAN_POINT('Origin',(97.0105361938477,-18.7334973335266,27.8999996185303));
#17063=CARTESIAN_POINT('',(97.0105361938477,-18.7334973335266,27.8999996185303));
#17064=CARTESIAN_POINT('',(97.0105361938477,-18.7334973335266,27.8999996185303));
#17065=CARTESIAN_POINT('',(97.0105361938477,-18.7334973335266,26.6499996185303));
#17066=CARTESIAN_POINT('',(97.0105361938477,-18.7334973335266,26.6499996185303));
#17067=CARTESIAN_POINT('',(97.0105361938477,-18.7334973335266,27.8999996185303));
#17068=CARTESIAN_POINT('Origin',(97.2104072570801,-18.949716758728,27.8999996185303));
#17069=CARTESIAN_POINT('',(97.2104072570801,-18.949716758728,27.8999996185303));
#17070=CARTESIAN_POINT('',(97.2104072570801,-18.949716758728,27.8999996185303));
#17071=CARTESIAN_POINT('',(97.2104072570801,-18.949716758728,26.6499996185303));
#17072=CARTESIAN_POINT('',(97.2104072570801,-18.949716758728,26.6499996185303));
#17073=CARTESIAN_POINT('',(97.2104072570801,-18.949716758728,27.8999996185303));
#17074=CARTESIAN_POINT('Origin',(97.4266242980957,-19.1495902061462,27.8999996185303));
#17075=CARTESIAN_POINT('',(97.4266242980957,-19.1495902061462,27.8999996185303));
#17076=CARTESIAN_POINT('',(97.4266242980957,-19.1495902061462,27.8999996185303));
#17077=CARTESIAN_POINT('',(97.4266242980957,-19.1495902061462,26.6499996185303));
#17078=CARTESIAN_POINT('',(97.4266242980957,-19.1495902061462,26.6499996185303));
#17079=CARTESIAN_POINT('',(97.4266242980957,-19.1495902061462,27.8999996185303));
#17080=CARTESIAN_POINT('Origin',(97.6578712463379,-19.3318802833557,27.8999996185303));
#17081=CARTESIAN_POINT('',(97.6578712463379,-19.3318802833557,27.8999996185303));
#17082=CARTESIAN_POINT('',(97.6578712463379,-19.3318802833557,27.8999996185303));
#17083=CARTESIAN_POINT('',(97.6578712463379,-19.3318802833557,26.6499996185303));
#17084=CARTESIAN_POINT('',(97.6578712463379,-19.3318802833557,26.6499996185303));
#17085=CARTESIAN_POINT('',(97.6578712463379,-19.3318802833557,27.8999996185303));
#17086=CARTESIAN_POINT('Origin',(97.9026794433594,-19.4954688072205,27.8999996185303));
#17087=CARTESIAN_POINT('',(97.9026794433594,-19.4954688072205,27.8999996185303));
#17088=CARTESIAN_POINT('',(97.9026794433594,-19.4954688072205,27.8999996185303));
#17089=CARTESIAN_POINT('',(97.9026794433594,-19.4954688072205,26.6499996185303));
#17090=CARTESIAN_POINT('',(97.9026794433594,-19.4954688072205,26.6499996185303));
#17091=CARTESIAN_POINT('',(97.9026794433594,-19.4954688072205,27.8999996185303));
#17092=CARTESIAN_POINT('Origin',(98.1595993041992,-19.6393424987793,27.8999996185303));
#17093=CARTESIAN_POINT('',(98.1595993041992,-19.6393424987793,27.8999996185303));
#17094=CARTESIAN_POINT('',(98.1595993041992,-19.6393424987793,27.8999996185303));
#17095=CARTESIAN_POINT('',(98.1595993041992,-19.6393424987793,26.6499996185303));
#17096=CARTESIAN_POINT('',(98.1595993041992,-19.6393424987793,26.6499996185303));
#17097=CARTESIAN_POINT('',(98.1595993041992,-19.6393424987793,27.8999996185303));
#17098=CARTESIAN_POINT('Origin',(98.4269905090332,-19.7626168251038,27.8999996185303));
#17099=CARTESIAN_POINT('',(98.4269905090332,-19.7626168251038,27.8999996185303));
#17100=CARTESIAN_POINT('',(98.4269905090332,-19.7626168251038,27.8999996185303));
#17101=CARTESIAN_POINT('',(98.4269905090332,-19.7626168251038,26.6499996185303));
#17102=CARTESIAN_POINT('',(98.4269905090332,-19.7626168251038,26.6499996185303));
#17103=CARTESIAN_POINT('',(98.4269905090332,-19.7626168251038,27.8999996185303));
#17104=CARTESIAN_POINT('Origin',(98.7032508850098,-19.8645288467407,27.8999996185303));
#17105=CARTESIAN_POINT('',(98.7032508850098,-19.8645288467407,27.8999996185303));
#17106=CARTESIAN_POINT('',(98.7032508850098,-19.8645288467407,27.8999996185303));
#17107=CARTESIAN_POINT('',(98.7032508850098,-19.8645288467407,26.6499996185303));
#17108=CARTESIAN_POINT('',(98.7032508850098,-19.8645288467407,26.6499996185303));
#17109=CARTESIAN_POINT('',(98.7032508850098,-19.8645288467407,27.8999996185303));
#17110=CARTESIAN_POINT('Origin',(98.986644744873,-19.9444539070129,27.8999996185303));
#17111=CARTESIAN_POINT('',(98.986644744873,-19.9444539070129,27.8999996185303));
#17112=CARTESIAN_POINT('',(98.986644744873,-19.9444539070129,27.8999996185303));
#17113=CARTESIAN_POINT('',(98.986644744873,-19.9444539070129,26.6499996185303));
#17114=CARTESIAN_POINT('',(98.986644744873,-19.9444539070129,26.6499996185303));
#17115=CARTESIAN_POINT('',(98.986644744873,-19.9444539070129,27.8999996185303));
#17116=CARTESIAN_POINT('Origin',(99.2754173278809,-20.0018984794617,27.8999996185303));
#17117=CARTESIAN_POINT('',(99.2754173278809,-20.0018984794617,27.8999996185303));
#17118=CARTESIAN_POINT('',(99.2754173278809,-20.0018984794617,27.8999996185303));
#17119=CARTESIAN_POINT('',(99.2754173278809,-20.0018984794617,26.6499996185303));
#17120=CARTESIAN_POINT('',(99.2754173278809,-20.0018984794617,26.6499996185303));
#17121=CARTESIAN_POINT('',(99.2754173278809,-20.0018984794617,27.8999996185303));
#17122=CARTESIAN_POINT('Origin',(99.5678520202637,-20.0365073204041,27.8999996185303));
#17123=CARTESIAN_POINT('',(99.5678520202637,-20.0365073204041,27.8999996185303));
#17124=CARTESIAN_POINT('',(99.5678520202637,-20.0365073204041,27.8999996185303));
#17125=CARTESIAN_POINT('',(99.5678520202637,-20.0365073204041,26.6499996185303));
#17126=CARTESIAN_POINT('',(99.5678520202637,-20.0365073204041,26.6499996185303));
#17127=CARTESIAN_POINT('',(99.5678520202637,-20.0365073204041,27.8999996185303));
#17128=CARTESIAN_POINT('Origin',(99.862060546875,-20.0480682373047,27.8999996185303));
#17129=CARTESIAN_POINT('',(99.862060546875,-20.0480682373047,27.8999996185303));
#17130=CARTESIAN_POINT('',(99.862060546875,-20.0480682373047,27.8999996185303));
#17131=CARTESIAN_POINT('',(99.862060546875,-20.0480682373047,26.6499996185303));
#17132=CARTESIAN_POINT('',(99.862060546875,-20.0480682373047,26.6499996185303));
#17133=CARTESIAN_POINT('',(99.862060546875,-20.0480682373047,27.8999996185303));
#17134=CARTESIAN_POINT('Origin',(100.156288146973,-20.0365073204041,27.8999996185303));
#17135=CARTESIAN_POINT('',(100.156288146973,-20.0365073204041,27.8999996185303));
#17136=CARTESIAN_POINT('',(100.156288146973,-20.0365073204041,27.8999996185303));
#17137=CARTESIAN_POINT('',(100.156288146973,-20.0365073204041,26.6499996185303));
#17138=CARTESIAN_POINT('',(100.156288146973,-20.0365073204041,26.6499996185303));
#17139=CARTESIAN_POINT('',(100.156288146973,-20.0365073204041,27.8999996185303));
#17140=CARTESIAN_POINT('Origin',(100.448684692383,-20.0018984794617,27.8999996185303));
#17141=CARTESIAN_POINT('',(100.448684692383,-20.0018984794617,27.8999996185303));
#17142=CARTESIAN_POINT('',(100.448684692383,-20.0018984794617,26.6499996185303));
#17143=CARTESIAN_POINT('Origin',(99.8620653152466,-16.2980682373047,27.8999996185303));
#17144=CARTESIAN_POINT('Origin',(99.8620653152466,-16.2980682373047,26.6499996185303));
#17145=UNCERTAINTY_MEASURE_WITH_UNIT(LENGTH_MEASURE(0.01),#17149,
'DISTANCE_ACCURACY_VALUE',
'Maximum model space distance between geometric entities at asserted c
onnectivities');
#17146=UNCERTAINTY_MEASURE_WITH_UNIT(LENGTH_MEASURE(0.01),#17149,
'DISTANCE_ACCURACY_VALUE',
'Maximum model space distance between geometric entities at asserted c
onnectivities');
#17147=(
GEOMETRIC_REPRESENTATION_CONTEXT(3)
GLOBAL_UNCERTAINTY_ASSIGNED_CONTEXT((#17145))
GLOBAL_UNIT_ASSIGNED_CONTEXT((#17149,#17151,#17152))
REPRESENTATION_CONTEXT('','3D')
);
#17148=(
GEOMETRIC_REPRESENTATION_CONTEXT(3)
GLOBAL_UNCERTAINTY_ASSIGNED_CONTEXT((#17146))
GLOBAL_UNIT_ASSIGNED_CONTEXT((#17149,#17151,#17152))
REPRESENTATION_CONTEXT('','3D')
);
#17149=(
LENGTH_UNIT()
NAMED_UNIT(*)
SI_UNIT(.MILLI.,.METRE.)
);
#17150=(
LENGTH_UNIT()
NAMED_UNIT(*)
SI_UNIT($,.METRE.)
);
#17151=(
NAMED_UNIT(*)
PLANE_ANGLE_UNIT()
SI_UNIT($,.RADIAN.)
);
#17152=(
NAMED_UNIT(*)
SI_UNIT($,.STERADIAN.)
SOLID_ANGLE_UNIT()
);
#17153=SHAPE_DEFINITION_REPRESENTATION(#17154,#17155);
#17154=PRODUCT_DEFINITION_SHAPE('',$,#17157);
#17155=SHAPE_REPRESENTATION('',(#10745,#10731,#10732),#17147);
#17156=PRODUCT_DEFINITION_CONTEXT('part definition',#17161,'design');
#17157=PRODUCT_DEFINITION('2026-09-19-11-31-13-757','turretarm',#17158,
#17156);
#17158=PRODUCT_DEFINITION_FORMATION('',$,#17163);
#17159=PRODUCT_RELATED_PRODUCT_CATEGORY('turretarm','turretarm',(#17163));
#17160=APPLICATION_PROTOCOL_DEFINITION('international standard',
'automotive_design',2009,#17161);
#17161=APPLICATION_CONTEXT(
'Core Data for Automotive Mechanical Design Process');
#17162=PRODUCT_CONTEXT('part definition',#17161,'mechanical');
#17163=PRODUCT('2026-09-19-11-31-13-757','turretarm',$,(#17162));
#17164=PRESENTATION_STYLE_ASSIGNMENT((#17165));
#17165=SURFACE_STYLE_USAGE(.BOTH.,#17166);
#17166=SURFACE_SIDE_STYLE('',(#17167));
#17167=SURFACE_STYLE_FILL_AREA(#17168);
#17168=FILL_AREA_STYLE('Steel - Satin',(#17169));
#17169=FILL_AREA_STYLE_COLOUR('Steel - Satin',#17170);
#17170=COLOUR_RGB('Steel - Satin',0.627450980392157,0.627450980392157,0.627450980392157);
ENDSEC;
END-ISO-10303-21;
